absence_id,employee_id,base_code,role,absence_type,start_date,end_date,days_absent,approved
ABS000001,EMP00896,LIM,Tripulante Cabina Senior,Vacaciones,2024-06-15,2024-06-24,9,1
ABS000002,EMP01107,lima,Supervisor Operaciones,Licencia Medica,2023-01-12,2023-01-24,12,0
ABS000003,EMP00836,SCL,Tripulante Cabina Senior,Vacaciones,2022-06-25,2022-07-16,21,1
ABS000004,EMP00301,GRU,Tripulante Cabina,Vacaciones,2023-06-28,2023-07-12,14,1
ABS000005,EMP00403,GRU,Agente Check-in,Permiso Sin Goce,2023-03-24,2023-03-25,1,1
ABS000006,EMP01221,GRU,Ground Staff,Licencia Medica,2022-03-22,2022-03-26,4,0
ABS000007,EMP01831,EZE,Tripulante Cabina,Permiso Sin Goce,2022-01-13,2022-01-16,3,1
ABS000008,EMP00481,LIM,Ground Staff,Licencia Medica,2022-07-24,2022-08-11,18,1
ABS000009,EMP01178,BOG,Supervisor Operaciones,Vacaciones,2024-05-01,2024-05-14,13,1
ABS000010,EMP00672,JFK,Tripulante Cabina,Vacaciones,2022-10-12,2022-10-31,19,
ABS000011,EMP00905,EZE,Ground Staff,Licencia Medica,2024-07-12,2024-07-18,6,1
ABS000012,EMP00044,GRU,Ground Staff,Licencia Medica,2022-11-07,2022-11-25,18,1
ABS000013,EMP01230,SCL,Tripulante Cabina,Permiso Sin Goce,2023-05-24,2023-05-31,7,1
ABS000014,EMP00250,SCL,Tripulante Cabina Senior,Permiso Sin Goce,2022-07-29,2022-07-31,2,1
ABS000015,EMP00293,SCL,Tripulante Cabina Senior,Ausencia Injustificada,2024-11-01,2024-11-03,2,1
ABS000016,EMP00234,LIM,Ground Staff,Vacaciones,2024-07-06,2024-07-15,9,1
ABS000017,EMP00554,SCL,Tripulante Cabina Senior,Permiso Sin Goce,2023-09-07,2023-09-17,10,1
ABS000018,EMP01600,BOG,Seguridad,Capacitacion,2024-12-28,2025-01-01,4,1
ABS000019,EMP00051,GRU,Piloto Copiloto,Licencia Medica,2024-12-04,2025-01-01,28,1
ABS000020,EMP00089,SCL,Supervisor Operaciones,Vacaciones,2024-01-29,2024-02-17,19,1
ABS000021,EMP01624,EZE,Tripulante Cabina,Licencia Medica,2022-07-14,2022-07-15,1,1
ABS000022,EMP00133,SCL,Agente Check-in,Capacitacion,2024-02-29,2024-03-03,3,1
ABS000023,EMP01752,BOG,Ground Staff,Capacitacion,2023-11-13,2023-11-15,2,1
ABS000024,EMP01692,BOG,Tripulante Cabina Senior,Vacaciones,2022-01-23,2022-01-30,7,0
ABS000025,EMP01958,GRU,Tripulante Cabina,Ausencia Injustificada,2023-10-29,2023-11-07,9,1
ABS000026,EMP01965,SCL,Seguridad,Licencia Medica,2023-05-17,2023-06-12,26,1
ABS000027,EMP01997,MAD,Piloto Copiloto,Licencia Medica,2024-09-01,2024-09-26,25,1
ABS000028,EMP01744,MAD,Agente Check-in,Licencia Medica,2024-09-25,2024-10-02,7,0
ABS000029,EMP00285,LIM,Supervisor Operaciones,Licencia Medica,2024-07-26,2024-08-03,8,1
ABS000030,EMP00798,SCL,Ground Staff,Permiso Sin Goce,2024-01-16,,5,1
ABS000031,EMP01004,SCL,Piloto Copiloto,Vacaciones,2022-05-19,2022-05-31,12,0
ABS000032,EMP00821,GRU,Tripulante Cabina Senior,Capacitacion,2023-04-14,2023-04-15,1,1
ABS000033,EMP01936,EZE,Supervisor Operaciones,Licencia Medica,2024-07-26,2024-08-11,16,1
ABS000034,EMP01766,BOG,Ground Staff,Licencia Medica,2023-01-26,2023-02-15,20,1
ABS000035,EMP01294,SCL,Ground Staff,Licencia Medica,2023-07-01,2023-07-20,19,1
ABS000036,EMP00544,EZE,Piloto Comandante,Permiso Sin Goce,2024-07-28,2024-08-01,4,1
ABS000037,EMP00916,LIM,Piloto Comandante,Vacaciones,2023-06-03,2023-06-16,13,1
ABS000038,EMP01181,GRU,Piloto Copiloto,Capacitacion,2023-09-13,2023-09-16,3,1
ABS000039,EMP01859,GRU,Tripulante Cabina,Vacaciones,2023-02-08,2023-02-21,13,1
ABS000040,EMP01787,GRU,Agente Check-in,Vacaciones,2024-11-04,2024-11-14,10,1
ABS000041,EMP01632,MAD,Tripulante Cabina,Vacaciones,2022-12-27,2023-01-03,7,1
ABS000042,EMP00414,BOG,Tripulante Cabina Senior,Vacaciones,2022-09-01,2022-09-14,13,1
ABS000043,EMP01691,EZE,Ground Staff,Capacitacion,2023-06-27,2023-06-28,1,1
ABS000044,EMP01678,MAD,Agente Check-in,Accidente Laboral,2023-07-02,2023-07-03,1,0
ABS000045,EMP00968,MIA,Tripulante Cabina,Licencia Medica,2023-07-20,2023-08-02,13,1
ABS000046,EMP01766,MAD,Administrativo,Capacitacion,2024-02-27,2024-03-03,5,1
ABS000047,EMP01244,EZE,Tripulante Cabina,Licencia Medica,2023-03-04,2023-03-13,9,1
ABS000048,EMP01445,GRU,Piloto Comandante,Licencia Medica,2024-06-18,,3,1
ABS000049,EMP01132,LIM,Supervisor Operaciones,Vacaciones,2023-12-17,2024-01-02,16,1
ABS000050,EMP01725,LIM,Ground Staff,Permiso Sin Goce,2024-01-14,,4,0
ABS000051,EMP00269,GRU,Tecnico Mantencion,Licencia Medica,2024-09-10,2024-10-09,29,
ABS000052,EMP01743,SCL,Seguridad,Permiso Sin Goce,2024-07-05,,6,1
ABS000053,EMP01759,MIA,Tripulante Cabina Senior,Licencia Medica,2022-02-03,2022-02-18,15,1
ABS000054,EMP01292,LIM,Piloto Comandante,Accidente Laboral,2024-08-06,2024-08-12,6,1
ABS000055,EMP00134,LIM,Tecnico Mantencion,Licencia Medica,2024-07-02,2024-07-12,10,0
ABS000056,EMP01083,SCL,Tecnico Mantencion,Licencia Medica,2022-07-21,2022-07-25,4,1
ABS000057,EMP00497,LIM,Tripulante Cabina Senior,Licencia Medica,2023-12-26,2024-01-06,11,0
ABS000058,EMP01121,GRU,Ground Staff,Permiso Sin Goce,2022-04-26,2022-05-05,9,1
ABS000059,EMP00098,GRU,Supervisor Operaciones,Permiso Sin Goce,2023-02-10,2023-02-14,4,1
ABS000060,EMP01159,BOG,Tripulante Cabina Senior,Vacaciones,2024-01-19,2024-02-01,13,1
ABS000061,EMP00598,SCL,Ground Staff,Accidente Laboral,2024-03-03,2024-03-09,6,1
ABS000062,EMP00866,BOG,Tripulante Cabina Senior,Licencia Medica,2023-11-26,2023-12-24,28,1
ABS000063,EMP00480,SCL,Ground Staff,Vacaciones,2022-01-21,2022-02-08,18,1
ABS000064,EMP01951,SCL,Tripulante Cabina,Accidente Laboral,2023-07-04,2023-07-09,5,1
ABS000065,EMP00867,BOG,Piloto Comandante,Capacitacion,2024-06-30,2024-07-02,2,1
ABS000066,EMP00846,SCL,Tripulante Cabina Senior,Licencia Medica,2022-09-20,2022-10-20,30,1
ABS000067,EMP00014,GRU,Ground Staff,Licencia Medica,2023-03-08,2023-03-21,13,1
ABS000068,EMP01038,GRU,Ground Staff,Licencia Medica,2022-12-25,2023-01-12,18,1
ABS000069,EMP00916,GRU,Agente Check-in,Licencia Medica,2023-07-02,2023-07-22,20,1
ABS000070,EMP01207,EZE,Piloto Copiloto,Capacitacion,2022-07-30,2022-08-03,4,
ABS000071,EMP00178,GRU,Supervisor Operaciones,Vacaciones,2023-12-05,2023-12-24,19,1
ABS000072,EMP01870,GRU,Tripulante Cabina,Vacaciones,2023-02-20,2023-03-13,21,1
ABS000073,EMP00347,SCL,Piloto Copiloto,Licencia Medica,2023-03-01,2023-03-22,21,1
ABS000074,EMP00400,GRU,Piloto Copiloto,Licencia Medica,2022-05-11,2022-06-04,24,1
ABS000075,EMP00142,SCL,Tripulante Cabina,Capacitacion,2024-09-21,2024-09-22,1,1
ABS000076,EMP01413,GRU,Tripulante Cabina,Accidente Laboral,2023-07-26,2023-07-31,5,1
ABS000077,EMP00096,MAD,Piloto Copiloto,Vacaciones,2023-08-18,2023-09-06,19,
ABS000078,EMP01379,JFK,Ground Staff,Permiso Sin Goce,2024-07-15,2024-07-16,1,1
ABS000079,EMP01143,MIA,Ground Staff,Permiso Sin Goce,2022-04-09,2022-04-15,6,1
ABS000080,EMP00871,LIM,Tripulante Cabina,Licencia Medica,2022-07-13,2022-07-27,14,1
ABS000081,EMP00022,SCL,Supervisor Operaciones,Licencia Medica,2024-03-21,2024-04-10,20,1
ABS000082,EMP01991,SCL,Tripulante Cabina,Permiso Sin Goce,2024-05-13,2024-05-17,,1
ABS000083,EMP01317,SCL,Ground Staff,Vacaciones,2023-02-16,2023-03-06,18,1
ABS000084,EMP01173,LIM,Tripulante Cabina Senior,Licencia Medica,2024-10-23,2024-11-09,17,
ABS000085,EMP00718,JFK,Ground Staff,Vacaciones,2024-07-07,2024-07-15,8,1
ABS000086,EMP01823,BOG,Piloto Copiloto,Licencia Medica,2023-07-06,2023-07-24,18,1
ABS000087,EMP00644,SCL,Agente Check-in,Accidente Laboral,2022-05-17,2022-05-19,2,1
ABS000088,EMP00776,BOG,Tripulante Cabina Senior,Licencia Medica,2023-04-30,2023-05-24,24,1
ABS000089,EMP01814,MIA,Supervisor Operaciones,Vacaciones,2022-05-16,2022-05-29,13,1
ABS000090,EMP00470,EZE,Agente Check-in,Permiso Sin Goce,2022-11-28,2022-12-01,3,1
ABS000091,EMP00503,SCL,Piloto Copiloto,Vacaciones,2024-05-09,2024-05-20,11,1
ABS000092,EMP01786,SCL,Administrativo,Licencia Medica,2023-07-08,2023-08-06,29,1
ABS000093,EMP01183,SCL,Agente Check-in,Vacaciones,2022-10-24,2022-11-09,16,1
ABS000094,EMP00121,EZE,Tripulante Cabina Senior,Vacaciones,2023-02-06,2023-02-26,20,1
ABS000095,EMP00782,EZE,Piloto Comandante,Licencia Medica,2023-01-09,2023-01-12,3,1
ABS000096,EMP01240,SCL,Tripulante Cabina Senior,Vacaciones,2024-12-31,2025-01-16,16,1
ABS000097,EMP01648,SCL,Tripulante Cabina,Licencia Medica,2024-12-25,2025-01-22,28,1
ABS000098,EMP00718,EZE,Ground Staff,Vacaciones,2023-01-25,2023-02-09,15,
ABS000099,EMP00513,GRU,Piloto Copiloto,Vacaciones,2024-12-08,2024-12-19,11,1
ABS000100,EMP01712,SCL,Administrativo,Ausencia Injustificada,2022-01-13,2022-01-18,5,1
ABS000101,EMP00225,GRU,Tripulante Cabina,Vacaciones,2022-10-02,2022-10-21,19,1
ABS000102,EMP00868,SCL,Tripulante Cabina,Capacitacion,2024-06-30,2024-07-03,3,1
ABS000103,EMP00220,BOG,Tripulante Cabina Senior,Permiso Sin Goce,2024-06-21,2024-06-29,8,1
ABS000104,EMP01253,BOG,Agente Check-in,Permiso Sin Goce,2024-07-24,2024-08-01,8,1
ABS000105,EMP01310,GRU,Tripulante Cabina Senior,Licencia Medica,2023-10-31,2023-11-25,25,1
ABS000106,EMP01602,LIM,Piloto Comandante,Licencia Medica,2023-07-28,2023-08-13,16,
ABS000107,EMP00400,SCL,Piloto Comandante,Permiso Sin Goce,2023-01-19,2023-01-20,1,1
ABS000108,EMP00559,SCL,Tecnico Mantencion,Vacaciones,2023-11-27,2023-12-12,15,0
ABS000109,EMP01563,GRU,Ground Staff,Vacaciones,2024-04-22,2024-05-08,16,1
ABS000110,EMP00801,LIM,Tripulante Cabina,Licencia Medica,2023-10-03,2023-10-09,6,1
ABS000111,EMP01005,BOG,Tripulante Cabina,Vacaciones,2024-05-15,2024-05-29,14,1
ABS000112,EMP00634,JFK,Administrativo,Capacitacion,2023-01-04,2023-01-05,1,1
ABS000113,EMP01956,MIA,Ground Staff,Accidente Laboral,2022-09-07,2022-09-09,2,1
ABS000114,EMP00172,MIA,Tripulante Cabina,Capacitacion,2024-06-29,2024-07-01,2,1
ABS000115,EMP01934,SCL,Supervisor Operaciones,Capacitacion,2022-01-31,2022-02-02,2,0
ABS000116,EMP00835,LIM,Tripulante Cabina Senior,Vacaciones,2024-08-16,2024-08-27,11,1
ABS000117,EMP00063,JFK,Agente Check-in,Vacaciones,2023-01-26,2023-02-11,16,1
ABS000118,EMP01890,LIM,Piloto Copiloto,Accidente Laboral,2022-03-08,2022-03-13,5,1
ABS000119,EMP00461,LIM,Agente Check-in,Accidente Laboral,2023-10-28,2023-11-06,9,1
ABS000120,EMP00938,GRU,Piloto Comandante,Permiso Sin Goce,2022-11-10,2022-11-11,1,1
ABS000121,EMP01973,GRU,Ground Staff,Permiso Sin Goce,2022-01-17,2022-01-19,2,1
ABS000122,EMP01289,MIA,Piloto Copiloto,Ausencia Injustificada,2022-01-03,2022-01-04,1,1
ABS000123,EMP01196,SCL,Agente Check-in,Licencia Medica,2022-11-16,2022-12-07,21,1
ABS000124,EMP00272,GRU,Ground Staff,Capacitacion,2023-03-14,2023-03-18,4,1
ABS000125,EMP01015,GRU,Ground Staff,Licencia Medica,2024-07-28,2024-08-11,14,1
ABS000126,EMP00226,SCL,,Licencia Medica,2022-06-25,2022-07-11,16,1
ABS000127,EMP00413,SCL,Agente Check-in,Vacaciones,2024-11-12,2024-11-20,8,1
ABS000128,EMP00144,SCL,Tripulante Cabina,Licencia Medica,2022-04-09,2022-04-11,2,1
ABS000129,EMP01993,SCL,Tripulante Cabina,Vacaciones,2024-11-05,2024-11-21,16,1
ABS000130,EMP01987,GRU,Agente Check-in,Capacitacion,2022-03-27,2022-03-28,1,0
ABS000131,EMP01705,BOG,Supervisor Operaciones,Vacaciones,2023-10-24,2023-11-06,13,1
ABS000132,EMP01086,LIM,Piloto Copiloto,Licencia Medica,2022-01-04,2022-01-09,5,1
ABS000133,EMP01235,EZE,Piloto Comandante,Capacitacion,2024-01-31,2024-02-02,2,1
ABS000134,EMP00640,EZE,Agente Check-in,Vacaciones,2022-05-29,2022-06-06,8,1
ABS000135,EMP00665,LIM,Tecnico Mantencion,Licencia Medica,2024-11-23,2024-12-12,19,1
ABS000136,EMP00069,SCL,Tecnico Mantencion,Licencia Medica,2022-08-18,2022-09-16,29,0
ABS000137,EMP01693,BOG,Tripulante Cabina,Vacaciones,2024-06-08,,21,1
ABS000138,EMP00259,LIM,Ground Staff,Permiso Sin Goce,2023-07-02,2023-07-07,5,1
ABS000139,EMP00920,SCL,Piloto Copiloto,Vacaciones,2022-01-25,2022-02-11,17,1
ABS000140,EMP01567,MIA,Supervisor Operaciones,Vacaciones,2024-01-23,2024-02-12,20,1
ABS000141,EMP01517,SCL,Piloto Copiloto,Ausencia Injustificada,2022-11-17,2022-11-18,1,1
ABS000142,EMP01698,BOG,Ground Staff,Permiso Sin Goce,2023-09-07,2023-09-10,3,1
ABS000143,EMP01276,GRU,Piloto Comandante,Licencia Medica,2023-07-14,2023-07-22,8,1
ABS000144,EMP00682,SCL,Tripulante Cabina,Capacitacion,2024-10-29,2024-11-03,5,1
ABS000145,EMP01569,GRU,Supervisor Operaciones,Licencia Medica,2022-10-26,2022-11-23,28,1
ABS000146,EMP01967,GRU,Tripulante Cabina Senior,Capacitacion,2023-11-27,2023-11-28,1,1
ABS000147,EMP01425,SCL,Tripulante Cabina,Accidente Laboral,2023-01-01,2023-01-10,9,0
ABS000148,EMP01468,SCL,Agente Check-in,Ausencia Injustificada,2023-06-15,2023-06-20,5,0
ABS000149,EMP01655,SCL,Tripulante Cabina,Vacaciones,2024-01-03,2024-01-23,20,1
ABS000150,EMP01747,GRU,Tripulante Cabina,Licencia Medica,2023-05-21,2023-06-07,17,1
ABS000151,EMP00261,SCL,Tripulante Cabina Senior,Vacaciones,2024-08-06,2024-08-24,18,1
ABS000152,EMP01904,MAD,Tripulante Cabina Senior,Vacaciones,2023-01-05,2023-01-13,8,1
ABS000153,EMP01156,MIA,Ground Staff,Capacitacion,2022-01-07,2022-01-08,1,1
ABS000154,EMP00625,GRU,Tripulante Cabina,Licencia Medica,2024-05-22,2024-05-27,5,1
ABS000155,EMP00854,GRU,Agente Check-in,Capacitacion,2023-01-23,2023-01-27,4,1
ABS000156,EMP01624,SCL,Agente Check-in,Vacaciones,2024-08-01,2024-08-19,18,1
ABS000157,EMP00906,MIA,Tripulante Cabina Senior,Vacaciones,2023-07-22,2023-08-12,21,1
ABS000158,EMP00493,LIM,Ground Staff,Licencia Medica,2022-01-16,2022-02-10,25,1
ABS000159,EMP00909,SCL,Supervisor Operaciones,Vacaciones,2022-12-05,2022-12-18,13,1
ABS000160,EMP00486,GRU,Tripulante Cabina,Vacaciones,2023-07-07,2023-07-23,16,1
ABS000161,EMP01001,BOG,Administrativo,Licencia Medica,2022-09-06,2022-09-08,2,1
ABS000162,EMP01922,SCL,Agente Check-in,Vacaciones,2023-02-06,2023-02-13,7,1
ABS000163,EMP00534,MIA,Supervisor Operaciones,Vacaciones,2024-06-20,2024-07-04,14,1
ABS000164,EMP01667,GRU,Piloto Copiloto,Licencia Medica,2022-10-05,2022-10-26,21,1
ABS000165,EMP00412,BOG,Supervisor Operaciones,Licencia Medica,2023-05-08,2023-05-09,1,1
ABS000166,EMP00113,EZE,Ground Staff,Licencia Medica,2023-01-20,2023-01-24,4,1
ABS000167,EMP00765,EZE,Tripulante Cabina,Licencia Medica,2023-08-13,2023-08-28,15,
ABS000168,EMP00129,LIM,Tripulante Cabina Senior,Licencia Medica,2023-01-01,2023-01-20,19,1
ABS000169,EMP00171,MIA,Tripulante Cabina Senior,Vacaciones,2024-03-21,2024-04-02,12,1
ABS000170,EMP01206,MIA,Agente Check-in,Vacaciones,2022-07-03,2022-07-22,19,1
ABS000171,EMP00850,GRU,Tripulante Cabina,Permiso Sin Goce,2022-06-19,2022-06-23,4,1
ABS000172,EMP01551,SCL,Agente Check-in,Capacitacion,2023-12-30,2024-01-01,,1
ABS000173,EMP01752,EZE,Tripulante Cabina,Vacaciones,2023-01-24,2023-02-04,11,1
ABS000174,EMP00115,EZE,Supervisor Operaciones,Vacaciones,2024-07-05,2024-07-23,18,1
ABS000175,EMP00697,GRU,Tripulante Cabina,Ausencia Injustificada,2024-01-02,2024-01-03,1,1
ABS000176,EMP00879,SCL,Ground Staff,Accidente Laboral,2023-06-22,,2,1
ABS000177,EMP00791,BOG,Tripulante Cabina,Permiso Sin Goce,2022-04-28,2022-05-02,4,1
ABS000178,EMP01939,EZE,Supervisor Operaciones,Licencia Medica,2023-01-07,2023-02-06,30,1
ABS000179,EMP01270,SCL,Tripulante Cabina Senior,Permiso Sin Goce,2022-10-06,2022-10-12,6,1
ABS000180,EMP00907,LIM,Administrativo,Vacaciones,2024-04-19,2024-04-30,11,1
ABS000181,EMP00910,SCL,Ground Staff,Capacitacion,2022-01-15,2022-01-16,1,
ABS000182,EMP01469,SCL,Ground Staff,Licencia Medica,2023-12-17,2024-01-04,18,1
ABS000183,EMP00442,SCL,Administrativo,Accidente Laboral,2022-06-22,2022-06-23,1,1
ABS000184,EMP00041,EZE,Tripulante Cabina,Vacaciones,2024-05-31,2024-06-20,20,1
ABS000185,EMP00647,SCL,Tripulante Cabina,Vacaciones,2023-04-26,2023-05-06,10,1
ABS000186,EMP00376,BOG,Tripulante Cabina Senior,Accidente Laboral,2022-08-28,2022-09-03,,
ABS000187,EMP01979,BOG,Agente Check-in,Permiso Sin Goce,2024-06-27,2024-07-01,4,1
ABS000188,EMP00363,SCL,Agente Check-in,Vacaciones,2022-07-10,2022-07-17,7,1
ABS000189,EMP01118,SCL,Tecnico Mantencion,Licencia Medica,2024-06-19,2024-06-21,2,1
ABS000190,EMP01676,LIM,Tripulante Cabina Senior,Licencia Medica,2023-01-05,,9,1
ABS000191,EMP00936,SCL,Administrativo,Capacitacion,2023-07-15,,3,1
ABS000192,EMP00935,MIA,Piloto Copiloto,Vacaciones,2022-06-14,2022-06-23,9,1
ABS000193,EMP01810,LIM,Agente Check-in,Accidente Laboral,2023-07-07,2023-07-14,7,1
ABS000194,EMP00790,SCL,Tripulante Cabina Senior,Permiso Sin Goce,2024-03-31,2024-04-08,8,1
ABS000195,EMP01727,GRU,Ground Staff,Accidente Laboral,2024-07-17,2024-07-26,9,1
ABS000196,EMP00421,GRU,Supervisor Operaciones,Licencia Medica,2022-01-06,2022-01-07,1,0
ABS000197,EMP00326,GRU,Tripulante Cabina,Capacitacion,2023-01-20,2023-01-25,5,1
ABS000198,EMP01373,GRU,Tripulante Cabina,Licencia Medica,2024-11-17,2024-11-29,12,1
ABS000199,EMP00759,GRU,Tripulante Cabina Senior,Licencia Medica,2024-11-21,2024-12-18,27,1
ABS000200,EMP01775,GRU,Tripulante Cabina,Capacitacion,2024-02-10,2024-02-11,1,0
ABS000201,EMP01562,GRU,Piloto Copiloto,Vacaciones,2023-09-23,2023-10-05,12,1
ABS000202,EMP01822,LIM,Ground Staff,Accidente Laboral,2024-07-10,2024-07-16,6,1
ABS000203,EMP01061,BOG,Tripulante Cabina,Vacaciones,2023-08-16,2023-08-27,,0
ABS000204,EMP00126,SCL,Tripulante Cabina,Accidente Laboral,2023-10-16,2023-10-17,1,1
ABS000205,EMP01121,GRU,Supervisor Operaciones,Permiso Sin Goce,2023-05-03,2023-05-06,3,1
ABS000206,EMP01791,SCL,Tripulante Cabina,Vacaciones,2022-07-26,2022-08-04,9,1
ABS000207,EMP01177,MIA,Tripulante Cabina,Ausencia Injustificada,2024-03-08,2024-03-09,1,1
ABS000208,EMP00809,LIM,Ground Staff,Ausencia Injustificada,2023-07-14,2023-07-18,4,1
ABS000209,EMP01728,GRU,Supervisor Operaciones,Licencia Medica,2022-07-30,2022-08-19,20,1
ABS000210,EMP01175,SCL,Ground Staff,Licencia Medica,2024-02-22,2024-03-21,28,1
ABS000211,EMP01057,GRU,Piloto Copiloto,Licencia Medica,2022-09-17,2022-09-27,10,1
ABS000212,EMP01693,LIM,Ground Staff,Vacaciones,2023-03-27,2023-04-13,17,1
ABS000213,EMP01368,MIA,Supervisor Operaciones,Permiso Sin Goce,2023-11-22,2023-11-26,4,1
ABS000214,EMP00056,BOG,Tripulante Cabina Senior,Permiso Sin Goce,2022-09-26,2022-10-05,9,1
ABS000215,EMP01642,LIM,Tecnico Mantencion,Capacitacion,2024-01-06,2024-01-08,2,1
ABS000216,EMP00771,SCL,Piloto Copiloto,Licencia Medica,2022-07-21,2022-07-31,10,1
ABS000217,EMP00889,SCL,Tripulante Cabina,Licencia Medica,2024-01-15,2024-02-04,20,1
ABS000218,EMP01987,BOG,Ground Staff,Vacaciones,2024-07-27,2024-08-10,14,1
ABS000219,EMP01463,GRU,Piloto Copiloto,Licencia Medica,2024-07-22,2024-07-24,2,1
ABS000220,EMP01489,MIA,Tripulante Cabina Senior,Permiso Sin Goce,2022-07-25,2022-08-04,,1
ABS000221,EMP01417,JFK,Agente Check-in,Accidente Laboral,2024-12-01,2024-12-05,,1
ABS000222,EMP00712,MIA,Tripulante Cabina,Vacaciones,2024-04-26,2024-05-07,11,1
ABS000223,EMP00655,GRU,Agente Check-in,Capacitacion,2023-07-08,2023-07-09,1,1
ABS000224,EMP00986,SCL,Piloto Copiloto,Capacitacion,2022-03-29,2022-03-31,2,1
ABS000225,EMP01644,EZE,Tripulante Cabina Senior,Licencia Medica,2023-09-22,2023-10-06,14,1
ABS000226,EMP01039,BOG,Agente Check-in,Permiso Sin Goce,2023-07-09,2023-07-10,1,1
ABS000227,EMP00555,LIM,Tripulante Cabina Senior,Permiso Sin Goce,2024-03-13,2024-03-22,9,1
ABS000228,EMP00053,SCL,Ground Staff,Vacaciones,2023-07-28,2023-08-13,16,0
ABS000229,EMP01510,SCL,Supervisor Operaciones,Permiso Sin Goce,2024-01-19,2024-01-28,9,1
ABS000230,EMP01626,LIM,Supervisor Operaciones,Licencia Medica,2023-05-02,2023-05-25,23,1
ABS000231,EMP01747,GRU,Tripulante Cabina,Vacaciones,2023-06-16,,9,
ABS000232,EMP00418,SCL,Ground Staff,Vacaciones,2023-01-06,2023-01-17,11,1
ABS000233,EMP01729,LIM,Administrativo,Vacaciones,2024-03-22,2024-04-02,11,1
ABS000234,EMP00328,GRU,Piloto Comandante,Capacitacion,2024-12-30,2025-01-03,4,1
ABS000235,EMP01762,GRU,Agente Check-in,Permiso Sin Goce,2024-08-12,2024-08-16,4,1
ABS000236,EMP00305,EZE,Supervisor Operaciones,Licencia Medica,2022-11-08,2022-12-07,29,1
ABS000237,EMP01096,LIM,Tripulante Cabina Senior,Permiso Sin Goce,2024-07-06,2024-07-16,10,1
ABS000238,EMP00901,GRU,Tripulante Cabina,Accidente Laboral,2022-06-17,2022-06-25,8,1
ABS000239,EMP00148,BOG,Piloto Copiloto,Licencia Medica,2024-07-11,2024-07-15,4,1
ABS000240,EMP01765,SCL,Piloto Copiloto,Licencia Medica,2023-07-31,2023-08-21,21,1
ABS000241,EMP01705,LIM,Tripulante Cabina Senior,Accidente Laboral,2024-01-08,2024-01-11,3,1
ABS000242,EMP01654,SCL,Piloto Copiloto,Capacitacion,2022-02-21,2022-02-26,5,1
ABS000243,EMP00176,LIM,Piloto Copiloto,Permiso Sin Goce,2022-01-01,2022-01-02,1,1
ABS000244,EMP01441,BOG,Tripulante Cabina,Vacaciones,2024-10-29,2024-11-08,10,1
ABS000245,EMP00209,EZE,Piloto Copiloto,Licencia Medica,2023-04-21,2023-05-06,15,1
ABS000246,EMP00074,MIA,Ground Staff,Ausencia Injustificada,2022-07-18,2022-07-23,5,0
ABS000247,EMP00418,GRU,Piloto Copiloto,Vacaciones,2023-12-01,2023-12-17,16,1
ABS000248,EMP01644,SCL,Tripulante Cabina,Permiso Sin Goce,2024-08-09,2024-08-11,2,0
ABS000249,EMP00913,GRU,Tripulante Cabina,Licencia Medica,2023-01-15,2023-01-16,1,1
ABS000250,EMP01108,GRU,Agente Check-in,Vacaciones,2023-07-20,2023-07-27,7,1
ABS000251,EMP01648,BOG,Agente Check-in,Ausencia Injustificada,2022-06-20,2022-06-27,7,1
ABS000252,EMP01670,GRU,Piloto Copiloto,Licencia Medica,2022-10-09,2022-10-25,16,1
ABS000253,EMP01807,SCL,Tripulante Cabina,Vacaciones,2024-01-16,2024-02-02,17,1
ABS000254,EMP00247,SCL,Piloto Comandante,Vacaciones,2022-01-08,2022-01-19,11,1
ABS000255,EMP01700,GRU,Tripulante Cabina Senior,Permiso Sin Goce,2023-01-09,2023-01-14,5,1
ABS000256,EMP01984,JFK,Ground Staff,Vacaciones,2024-07-27,2024-08-13,17,1
ABS000257,EMP00864,BOG,Tecnico Mantencion,Vacaciones,2024-08-19,2024-08-27,8,1
ABS000258,EMP01272,SCL,Administrativo,Licencia Medica,2022-07-03,2022-07-27,24,0
ABS000259,EMP01973,SCL,Ground Staff,Vacaciones,2023-04-10,2023-04-17,7,1
ABS000260,EMP00417,GRU,Agente Check-in,Vacaciones,2024-05-15,2024-05-27,12,0
ABS000261,EMP00113,GRU,Tripulante Cabina Senior,Licencia Medica,2022-09-17,2022-10-11,24,1
ABS000262,EMP01429,BOG,Piloto Copiloto,Vacaciones,2023-09-24,2023-10-02,8,1
ABS000263,EMP01698,GRU,Tripulante Cabina,Capacitacion,2022-10-04,2022-10-05,1,1
ABS000264,EMP01335,BOG,Agente Check-in,Licencia Medica,2023-03-11,2023-03-19,8,1
ABS000265,EMP00549,GRU,Tripulante Cabina Senior,Accidente Laboral,2024-03-15,2024-03-19,,1
ABS000266,EMP01205,EZE,Agente Check-in,Capacitacion,2023-02-20,2023-02-25,5,1
ABS000267,EMP00054,BOG,Supervisor Operaciones,Vacaciones,2024-03-07,2024-03-18,11,0
ABS000268,EMP00723,GRU,Tecnico Mantencion,Licencia Medica,2024-01-13,2024-01-27,14,1
ABS000269,EMP00735,GRU,Seguridad,Licencia Medica,2024-07-12,2024-07-19,7,1
ABS000270,EMP00489,LIM,Piloto Copiloto,Vacaciones,2024-04-04,2024-04-24,,1
ABS000271,EMP01495,MIA,Piloto Copiloto,Licencia Medica,2023-08-31,2023-09-11,11,1
ABS000272,EMP00954,GRU,Ground Staff,Licencia Medica,2023-08-13,2023-09-02,,1
ABS000273,EMP01486,GRU,Seguridad,Ausencia Injustificada,2023-07-23,,2,1
ABS000274,EMP01404,LIM,Ground,Licencia Medica,2024-02-09,2024-03-06,26,
ABS000275,EMP01074,MAD,Tripulante Cabina Senior,Licencia Medica,2024-07-24,2024-08-07,14,1
ABS000276,EMP01151,MIA,Agente Check-in,Ausencia Injustificada,2024-02-21,2024-03-01,9,1
ABS000277,EMP01002,EZE,Piloto Comandante,Accidente Laboral,2024-02-22,2024-02-29,7,1
ABS000278,EMP02000,GRU,Tripulante Cabina Senior,Accidente Laboral,2023-03-06,2023-03-13,7,1
ABS000279,EMP00579,BOG,Tripulante Cabina,Permiso Sin Goce,2022-04-03,2022-04-04,1,1
ABS000280,EMP01857,SCL,Tripulante Cabina Senior,Capacitacion,2023-07-24,2023-07-28,4,0
ABS000281,EMP01325,SCL,Supervisor Operaciones,Vacaciones,2023-07-03,2023-07-10,7,1
ABS000282,EMP00360,MIA,Tripulante Cabina,Licencia Medica,2023-01-04,2023-01-10,6,1
ABS000283,EMP00432,LIM,Ground Staff,Permiso Sin Goce,2024-01-13,2024-01-14,1,1
ABS000284,EMP01610,JFK,Administrativo,Vacaciones,2023-05-15,2023-06-04,20,1
ABS000285,EMP01713,EZE,Ground Staff,Vacaciones,2022-12-30,2023-01-08,9,1
ABS000286,EMP00257,SCL,Tripulante Cabina,Permiso Sin Goce,2024-01-25,2024-01-27,2,1
ABS000287,EMP01295,LIM,Tripulante Cabina,Vacaciones,2022-05-10,2022-05-30,20,1
ABS000288,EMP00088,MIA,Seguridad,Vacaciones,2023-07-13,2023-07-30,17,1
ABS000289,EMP01729,BOG,Tripulante Cabina,Accidente Laboral,2022-03-28,2022-04-04,7,1
ABS000290,EMP01225,GRU,Piloto Copiloto,Permiso Sin Goce,2024-04-14,2024-04-19,5,1
ABS000291,EMP01674,BOG,Tripulante Cabina,Vacaciones,2023-06-29,2023-07-15,16,1
ABS000292,EMP01109,BOG,Supervisor Operaciones,Licencia Medica,2024-10-25,2024-11-23,29,1
ABS000293,EMP01091,LIM,Supervisor Operaciones,Permiso Sin Goce,2022-04-25,2022-04-26,1,1
ABS000294,EMP01802,BOG,Tripulante Cabina,Licencia Medica,2023-07-29,2023-08-03,5,1
ABS000295,EMP00284,EZE,Agente Check-in,Vacaciones,2022-07-08,2022-07-29,,1
ABS000296,EMP01518,BOG,Ground Staff,Licencia Medica,2022-05-13,2022-06-09,27,0
ABS000297,EMP01313,GRU,Piloto Copiloto,Permiso Sin Goce,2022-01-22,2022-01-30,8,1
ABS000298,EMP00809,LIM,Piloto Comandante,Licencia Medica,2023-12-11,2024-01-03,23,0
ABS000299,EMP00208,GRU,Supervisor Operaciones,Licencia Medica,2023-07-20,2023-08-10,21,1
ABS000300,EMP00121,BOG,Ground Staff,Licencia Medica,2023-07-06,2023-07-13,7,1
ABS000301,EMP00504,GRU,Ground Staff,Capacitacion,2024-08-23,2024-08-26,3,1
ABS000302,EMP00297,GRU,Tripulante Cabina,Vacaciones,2022-01-03,2022-01-10,7,1
ABS000303,EMP01327,EZE,Tripulante Cabina Senior,Vacaciones,2022-05-06,2022-05-22,16,1
ABS000304,EMP01484,SCL,Tripulante Cabina Senior,Accidente Laboral,2022-05-08,2022-05-16,8,1
ABS000305,EMP00957,SCL,Tripulante Cabina,Accidente Laboral,2022-07-04,2022-07-07,3,1
ABS000306,EMP00612,LIM,Ground,Accidente Laboral,2024-01-28,2024-01-31,3,1
ABS000307,EMP01340,GRU,Piloto Copiloto,Permiso Sin Goce,2024-08-28,2024-09-06,9,1
ABS000308,EMP01358,LIM,Ground Staff,Capacitacion,2022-07-26,2022-07-31,5,1
ABS000309,EMP00203,LIM,Tripulante Cabina,Permiso Sin Goce,2023-02-05,2023-02-07,2,1
ABS000310,EMP01590,GRU,Agente Check-in,Licencia Medica,2023-05-21,2023-06-05,15,1
ABS000311,EMP00300,BOG,Agente Check-in,Licencia Medica,2023-01-11,2023-01-19,8,1
ABS000312,EMP00161,SCL,Tripulante Cabina,Vacaciones,2024-07-28,2024-08-05,8,1
ABS000313,EMP00099,BOG,Tecnico Mantencion,Licencia Medica,2023-01-30,2023-02-22,23,1
ABS000314,EMP01925,SCL,Tripulante Cabina,Licencia Medica,2022-10-01,2022-10-02,1,1
ABS000315,EMP01766,BOG,Tripulante Cabina,Permiso Sin Goce,2022-01-26,2022-02-01,6,1
ABS000316,EMP00445,MIA,Tripulante Cabina Senior,Vacaciones,2024-09-23,2024-10-05,,1
ABS000317,EMP00154,GRU,Tripulante Cabina,Licencia Medica,2022-01-25,2022-02-06,12,1
ABS000318,EMP00762,GRU,Tripulante Cabina,Permiso Sin Goce,2022-01-04,2022-01-10,6,1
ABS000319,EMP01532,SCL,Ground Staff,Permiso Sin Goce,2024-01-09,2024-01-11,2,1
ABS000320,EMP01252,MAD,Piloto Comandante,Vacaciones,2023-11-11,2023-11-18,7,1
ABS000321,EMP00301,MIA,Ground Staff,Licencia Medica,2024-02-06,2024-02-16,10,1
ABS000322,EMP01191,SCL,Seguridad,Capacitacion,2024-12-04,2024-12-05,1,0
ABS000323,EMP01594,MIA,Tripulante Cabina Senior,Vacaciones,2023-09-29,2023-10-17,18,1
ABS000324,EMP00874,MIA,Tripulante Cabina,Vacaciones,2024-01-27,2024-02-09,13,1
ABS000325,EMP00195,GRU,Tripulante Cabina,Vacaciones,2023-07-30,2023-08-18,19,1
ABS000326,EMP00796,SCL,Agente Check-in,Vacaciones,2023-07-04,2023-07-24,20,1
ABS000327,EMP01275,GRU,Administrativo,Licencia Medica,2022-07-02,2022-07-14,12,0
ABS000328,EMP01669,BOG,Administrativo,Vacaciones,2022-03-14,2022-03-27,13,1
ABS000329,EMP01686,LIM,Supervisor Operaciones,Vacaciones,2024-10-21,2024-11-01,11,1
ABS000330,EMP00219,GRU,Ground Staff,Licencia Medica,2023-08-10,2023-09-07,28,1
ABS000331,EMP00129,BOG,Agente Check-in,Permiso Sin Goce,2024-11-10,,5,1
ABS000332,EMP00867,BOG,Tripulante Cabina Senior,Licencia Medica,2023-08-16,2023-09-04,19,1
ABS000333,EMP00861,EZE,Piloto Copiloto,Vacaciones,2022-01-16,2022-01-31,15,1
ABS000334,EMP00465,MAD,Piloto Comandante,Licencia Medica,2024-01-02,2024-01-28,26,1
ABS000335,EMP00513,MIA,Tripulante Cabina,Licencia Medica,2024-10-18,2024-11-04,17,1
ABS000336,EMP00939,SCL,Tripulante Cabina Senior,Vacaciones,2023-05-16,2023-06-02,17,1
ABS000337,EMP01932,BOG,Agente Check-in,Licencia Medica,2024-09-20,2024-10-04,14,1
ABS000338,EMP00022,BOG,Administrativo,Vacaciones,2022-09-16,2022-09-25,9,1
ABS000339,EMP00437,BOG,Ground Staff,Vacaciones,2022-12-21,2023-01-09,19,1
ABS000340,EMP00259,GRU,Ground Staff,Vacaciones,2024-07-05,2024-07-15,10,1
ABS000341,EMP01868,GRU,Ground Staff,Permiso Sin Goce,2023-07-08,2023-07-10,2,1
ABS000342,EMP00290,SCL,Seguridad,Vacaciones,2023-07-21,2023-08-08,18,0
ABS000343,EMP01252,GRU,Agente Check-in,Ausencia Injustificada,2023-08-18,2023-08-19,,1
ABS000344,EMP00394,MIA,Tripulante Cabina,Vacaciones,2022-04-13,2022-04-30,17,0
ABS000345,EMP00588,GRU,Tripulante Cabina,Permiso Sin Goce,2024-10-02,2024-10-05,3,
ABS000346,EMP00428,GRU,Agente Check-in,Permiso Sin Goce,2024-05-19,2024-05-22,3,0
ABS000347,EMP00931,BOG,Tripulante Cabina Senior,Vacaciones,2024-12-07,2024-12-14,7,1
ABS000348,EMP01924,LIM,Piloto Copiloto,Capacitacion,2024-02-28,2024-03-02,3,
ABS000349,EMP00535,LIM,Agente Check-in,Permiso Sin Goce,2022-04-21,2022-04-29,8,1
ABS000350,EMP00319,MIA,Ground Staff,Vacaciones,2023-07-01,2023-07-08,7,1
ABS000351,EMP00874,GRU,Piloto Comandante,Licencia Medica,2023-08-17,2023-09-14,28,1
ABS000352,EMP01541,GRU,Piloto Copiloto,Vacaciones,2023-01-03,2023-01-14,11,1
ABS000353,EMP01112,EZE,Tripulante Cabina,Licencia Medica,2023-09-04,2023-09-26,22,
ABS000354,EMP00487,MIA,Tecnico Mantencion,Licencia Medica,2023-08-11,2023-08-13,2,
ABS000355,EMP00376,GRU,Ground Staff,Capacitacion,2023-07-29,2023-08-01,3,0
ABS000356,EMP00308,EZE,Agente Check-in,Vacaciones,2024-06-11,2024-06-29,18,1
ABS000357,EMP01936,MIA,Agente Check-in,Permiso Sin Goce,2023-05-08,2023-05-17,9,1
ABS000358,EMP01643,SCL,Tecnico Mantencion,Ausencia Injustificada,2024-02-25,2024-02-29,4,1
ABS000359,EMP01706,SCL,Agente Check-in,Vacaciones,2023-08-12,2023-08-29,17,0
ABS000360,EMP01045,SCL,Supervisor Operaciones,Licencia Medica,2023-01-17,2023-01-20,3,1
ABS000361,EMP00565,LIM,Tripulante Cabina,Vacaciones,2024-11-21,,,
ABS000362,EMP01926,SCL,Piloto Comandante,Capacitacion,2023-11-22,2023-11-23,1,1
ABS000363,EMP01970,LIM,Ground Staff,Vacaciones,2022-04-04,2022-04-15,11,1
ABS000364,EMP00117,SCL,Ground Staff,Vacaciones,2022-10-21,,14,1
ABS000365,EMP01946,EZE,Piloto Comandante,Ausencia Injustificada,2023-09-02,2023-09-07,5,1
ABS000366,EMP00355,SCL,Tecnico Mantencion,Capacitacion,2022-11-21,2022-11-25,4,1
ABS000367,EMP00947,MIA,Tecnico Mantencion,Licencia Medica,2022-01-04,2022-01-12,8,1
ABS000368,EMP01239,EZE,Tripulante Cabina,Ausencia Injustificada,2022-07-23,,3,1
ABS000369,EMP00720,SCL,Piloto Comandante,Capacitacion,2022-07-02,2022-07-04,2,1
ABS000370,EMP00478,LIM,Tripulante Cabina Senior,Licencia Medica,2024-06-11,2024-06-12,1,1
ABS000371,EMP01609,MIA,Ground Staff,Permiso Sin Goce,2023-10-13,2023-10-16,3,1
ABS000372,EMP00722,MAD,Tripulante Cabina Senior,Capacitacion,2023-11-27,2023-12-02,5,1
ABS000373,EMP01610,BOG,Ground Staff,Capacitacion,2023-01-19,2023-01-21,2,1
ABS000374,EMP00513,LIM,Tripulante Cabina Senior,Licencia Medica,2023-04-05,2023-04-17,12,1
ABS000375,EMP00805,EZE,Piloto Copiloto,Licencia Medica,2024-01-08,2024-01-20,12,1
ABS000376,EMP01962,LIM,Tripulante Cabina,Vacaciones,2024-11-11,2024-11-25,14,1
ABS000377,EMP01883,LIM,Supervisor Operaciones,Accidente Laboral,2023-06-13,2023-06-17,4,0
ABS000378,EMP00318,MIA,Tecnico Mantencion,Licencia Medica,2023-04-12,2023-04-20,8,1
ABS000379,EMP00133,SCL,Tripulante Cabina Senior,Accidente Laboral,2024-08-25,2024-08-28,3,1
ABS000380,EMP01852,GRU,Supervisor Operaciones,Permiso Sin Goce,2024-07-26,2024-08-05,10,1
ABS000381,EMP00382,GRU,Piloto Comandante,Capacitacion,2023-01-10,2023-01-11,1,1
ABS000382,EMP00221,SCL,Administrativo,Licencia Medica,2024-03-20,2024-04-09,20,1
ABS000383,EMP01430,MIA,Tripulante Cabina,Licencia Medica,2022-06-29,2022-07-18,19,1
ABS000384,EMP01334,GRU,Supervisor Operaciones,Ausencia Injustificada,2024-08-25,2024-09-03,9,1
ABS000385,EMP01293,MIA,Tripulante Cabina,Vacaciones,2022-02-10,2022-02-28,18,1
ABS000386,EMP01298,MIA,Tripulante Cabina,Licencia Medica,2024-03-27,2024-04-08,12,1
ABS000387,EMP00101,JFK,Tripulante Cabina,Permiso Sin Goce,2023-12-13,2023-12-21,8,1
ABS000388,EMP00216,SCL,Tecnico Mantencion,Vacaciones,2022-05-16,2022-05-26,10,1
ABS000389,EMP01257,MAD,Tripulante Cabina Senior,Accidente Laboral,2022-07-22,2022-07-24,2,1
ABS000390,EMP00935,MIA,Piloto Comandante,Licencia Medica,2022-01-13,,16,1
ABS000391,EMP00681,LIM,Ground Staff,Vacaciones,2022-04-03,2022-04-12,9,1
ABS000392,EMP01460,SCL,Agente Check-in,Vacaciones,2022-07-25,2022-08-14,20,1
ABS000393,EMP01636,BOG,Piloto Copiloto,Vacaciones,2023-07-27,2023-08-15,19,0
ABS000394,EMP01251,BOG,Tripulante Cabina Senior,Vacaciones,2022-05-12,2022-05-26,14,1
ABS000395,EMP01867,MIA,Tecnico Mantencion,Licencia Medica,2023-07-08,2023-07-17,9,1
ABS000396,EMP01349,SCL,Tecnico Mantencion,Permiso Sin Goce,2024-12-11,2024-12-12,1,1
ABS000397,EMP00431,GRU,Tripulante Cabina,Licencia Medica,2022-03-14,2022-04-07,24,1
ABS000398,EMP00301,JFK,Piloto Copiloto,Accidente Laboral,2022-11-16,2022-11-24,8,1
ABS000399,EMP00362,GRU,Supervisor Operaciones,Capacitacion,2023-04-05,2023-04-06,1,1
ABS000400,EMP01696,BOG,Tripulante Cabina Senior,Licencia Medica,2024-03-25,2024-04-10,16,
ABS000401,EMP00058,EZE,Tripulante Cabina,Capacitacion,2024-07-30,2024-08-03,4,0
ABS000402,EMP01810,EZE,Ground Staff,Ausencia Injustificada,2024-10-15,2024-10-17,2,1
ABS000403,EMP00756,GRU,Tecnico Mantencion,Vacaciones,2022-06-04,2022-06-13,9,1
ABS000404,EMP01605,SCL,Tripulante Cabina Senior,Licencia Medica,2024-07-18,,25,1
ABS000405,EMP01774,SCL,Ground Staff,Vacaciones,2022-01-09,2022-01-29,20,1
ABS000406,EMP00073,MIA,Agente Check-in,Licencia Medica,2023-07-27,2023-08-08,12,1
ABS000407,EMP00566,JFK,Agente Check-in,Capacitacion,2023-09-20,2023-09-25,5,1
ABS000408,EMP01537,GRU,Piloto Copiloto,Permiso Sin Goce,2024-02-11,2024-02-13,2,1
ABS000409,EMP00692,LIM,Tripulante Cabina Senior,Vacaciones,2024-01-13,2024-02-03,21,1
ABS000410,EMP01060,GRU,Tripulante Cabina Senior,Vacaciones,2023-06-05,2023-06-15,10,1
ABS000411,EMP01466,SCL,Tripulante Cabina,Vacaciones,2024-01-11,2024-01-26,15,1
ABS000412,EMP00120,GRU,Ground Staff,Vacaciones,2023-07-15,2023-08-04,20,1
ABS000413,EMP00057,MAD,Ground Staff,Licencia Medica,2022-07-13,2022-08-08,,1
ABS000414,EMP01142,JFK,Piloto Comandante,Permiso Sin Goce,2023-06-05,2023-06-06,1,1
ABS000415,EMP00168,SCL,Supervisor Operaciones,Capacitacion,2022-07-12,2022-07-13,1,1
ABS000416,EMP00458,SCL,Piloto Comandante,Licencia Medica,2023-07-08,2023-07-27,19,1
ABS000417,EMP01829,GRU,Agente Check-in,Licencia Medica,2024-07-23,2024-07-30,7,1
ABS000418,EMP00520,SCL,Ground Staff,Permiso Sin Goce,2022-11-09,2022-11-12,3,1
ABS000419,EMP00375,SCL,Piloto Comandante,Permiso Sin Goce,2024-11-19,2024-11-21,2,1
ABS000420,EMP00216,SCL,Supervisor Operaciones,Permiso Sin Goce,2023-10-02,2023-10-04,2,1
ABS000421,EMP00838,BOG,Seguridad,Licencia Medica,2023-01-04,2023-01-07,3,1
ABS000422,EMP01592,BOG,Supervisor Operaciones,Vacaciones,2024-02-02,2024-02-11,9,1
ABS000423,EMP00400,GRU,Tripulante Cabina,Licencia Medica,2022-05-31,2022-06-30,30,1
ABS000424,EMP01296,SCL,Piloto Copiloto,Vacaciones,2023-12-17,2024-01-07,21,1
ABS000425,EMP01769,SCL,Agente Check-in,Licencia Medica,2023-01-05,2023-01-13,8,1
ABS000426,EMP01099,JFK,Ground Staff,Licencia Medica,2024-10-07,2024-10-14,7,1
ABS000427,EMP00924,GRU,Piloto Copiloto,Capacitacion,2023-02-20,2023-02-23,3,1
ABS000428,EMP01866,BOG,Ground Staff,Licencia Medica,2022-10-09,2022-10-25,16,0
ABS000429,EMP01772,GRU,Tripulante Cabina,Vacaciones,2024-10-02,2024-10-12,10,1
ABS000430,EMP01742,SCL,Tecnico Mantencion,Licencia Medica,2023-12-22,2023-12-28,6,1
ABS000431,EMP00333,LIM,Tripulante Cabina,Vacaciones,2022-02-07,2022-02-16,9,
ABS000432,EMP00750,BOG,Tripulante Cabina,Permiso Sin Goce,2023-10-14,2023-10-24,10,1
ABS000433,EMP00269,LIM,Tripulante Cabina Senior,Capacitacion,2023-07-10,2023-07-15,5,1
ABS000434,EMP00864,GRU,Piloto Copiloto,Permiso Sin Goce,2024-01-14,2024-01-21,7,1
ABS000435,EMP01366,LIM,Piloto Copiloto,Vacaciones,2022-07-08,2022-07-16,8,1
ABS000436,EMP00353,LIM,Tecnico Mantencion,Permiso Sin Goce,2023-06-08,2023-06-18,10,1
ABS000437,EMP01357,BOG,Tripulante Cabina,Licencia Medica,2024-07-23,2024-07-28,5,1
ABS000438,EMP00515,MAD,Agente Check-in,Licencia Medica,2024-01-30,2024-02-03,4,1
ABS000439,EMP00936,SCL,Piloto Comandante,Capacitacion,2022-09-21,2022-09-26,5,1
ABS000440,EMP00322,BOG,Tripulante Cabina,Vacaciones,2023-02-06,2023-02-19,13,1
ABS000441,EMP00124,LIM,Supervisor Operaciones,Vacaciones,2023-01-16,2023-01-29,13,1
ABS000442,EMP00787,SCL,Ground Staff,Permiso Sin Goce,2022-12-16,2022-12-23,,1
ABS000443,EMP00707,SCL,Tripulante Cabina Senior,Permiso Sin Goce,2022-07-02,2022-07-09,7,1
ABS000444,EMP01021,GRU,Tecnico Mantencion,Permiso Sin Goce,2024-02-25,2024-03-02,6,1
ABS000445,EMP01838,MIA,Supervisor Operaciones,Vacaciones,2022-02-23,2022-03-11,16,1
ABS000446,EMP01862,EZE,Tripulante Cabina,Vacaciones,2022-10-05,2022-10-22,17,1
ABS000447,EMP01424,EZE,Agente Check-in,Licencia Medica,2022-07-29,2022-07-31,2,1
ABS000448,EMP01945,SCL,Ground Staff,Ausencia Injustificada,2023-10-24,2023-10-28,,
ABS000449,EMP01405,LIM,Tripulante Cabina,Licencia Medica,2022-01-31,2022-02-27,27,1
ABS000450,EMP01241,GRU,Agente Check-in,Permiso Sin Goce,2022-08-01,2022-08-09,8,1
ABS000451,EMP01330,BOG,Piloto Copiloto,Licencia Medica,2023-06-21,2023-07-09,18,0
ABS000452,EMP01137,SCL,Tripulante Cabina Senior,Licencia Medica,2023-07-30,2023-08-12,13,1
ABS000453,EMP01130,SCL,Agente Check-in,Vacaciones,2023-01-21,2023-01-28,7,1
ABS000454,EMP01466,GRU,Piloto Comandante,Vacaciones,2022-01-24,2022-02-03,10,1
ABS000455,EMP00914,LIM,Agente Check-in,Permiso Sin Goce,2023-04-29,2023-05-09,10,0
ABS000456,EMP00120,GRU,Supervisor Operaciones,Licencia Medica,2022-04-01,2022-04-12,11,1
ABS000457,EMP01608,GRU,Ground Staff,Permiso Sin Goce,2024-07-21,2024-07-27,6,1
ABS000458,EMP01246,SCL,Tripulante Cabina Senior,Licencia Medica,2022-12-02,2022-12-28,26,1
ABS000459,EMP00736,MIA,Tripulante Cabina Senior,Vacaciones,2024-04-02,2024-04-16,14,1
ABS000460,EMP01976,LIM,Tripulante Cabina,Licencia Medica,2024-05-21,2024-05-29,8,1
ABS000461,EMP00504,SCL,Tripulante Cabina,Licencia Medica,2024-01-17,2024-01-29,12,0
ABS000462,EMP00771,GRU,Piloto Comandante,Vacaciones,2022-07-31,2022-08-13,13,1
ABS000463,EMP00515,GRU,Piloto Copiloto,Capacitacion,2022-03-08,2022-03-13,5,1
ABS000464,EMP00904,SCL,Tripulante Cabina Senior,Licencia Medica,2024-02-19,2024-03-16,26,1
ABS000465,EMP00824,LIM,Piloto Copiloto,Vacaciones,2023-11-06,2023-11-17,11,1
ABS000466,EMP00378,BOG,Administrativo,Vacaciones,2024-01-09,2024-01-20,11,1
ABS000467,EMP00253,MAD,Tripulante Cabina,Licencia Medica,2022-02-28,,10,1
ABS000468,EMP01530,GRU,Piloto Copiloto,Vacaciones,2022-05-22,2022-06-11,20,1
ABS000469,EMP01389,LIM,Piloto Copiloto,Capacitacion,2023-01-09,2023-01-13,4,1
ABS000470,EMP00695,GRU,Ground Staff,Licencia Medica,2022-01-06,2022-02-02,27,1
ABS000471,EMP01961,MAD,Supervisor Operaciones,Licencia Medica,2023-07-01,2023-07-24,23,1
ABS000472,EMP00154,GRU,Tecnico Mantencion,Licencia Medica,2022-12-26,2023-01-09,14,1
ABS000473,EMP00137,GRU,Piloto Comandante,Licencia Medica,2024-02-01,2024-02-09,8,1
ABS000474,EMP01149,EZE,Tecnico Mantencion,Permiso Sin Goce,2024-11-26,2024-12-02,6,1
ABS000475,EMP01410,GRU,Agente Check-in,Capacitacion,2024-04-22,2024-04-25,3,1
ABS000476,EMP00079,EZE,Tripulante Cabina,Vacaciones,2024-07-20,2024-07-30,10,1
ABS000477,EMP01298,EZE,Tecnico Mantencion,Vacaciones,2022-08-12,2022-08-23,11,0
ABS000478,EMP00521,SCL,Supervisor Operaciones,Accidente Laboral,2022-04-15,2022-04-25,10,1
ABS000479,EMP00753,SCL,Tripulante Cabina,Permiso Sin Goce,2023-07-06,2023-07-14,8,1
ABS000480,EMP00836,GRU,Tripulante Cabina Senior,Vacaciones,2022-01-01,2022-01-17,16,1
ABS000481,EMP01961,BOG,Ground Staff,Licencia Medica,2022-10-03,2022-10-24,21,1
ABS000482,EMP01959,BOG,Tripulante Cabina Senior,Vacaciones,2024-11-13,2024-11-23,10,1
ABS000483,EMP01197,BOG,Piloto Comandante,Capacitacion,2023-04-01,2023-04-02,1,1
ABS000484,EMP00526,EZE,Piloto Copiloto,Vacaciones,2024-07-17,,12,1
ABS000485,EMP00740,EZE,Ground Staff,Licencia Medica,2023-08-30,2023-09-04,5,1
ABS000486,EMP00233,BOG,Tripulante Cabina,Vacaciones,2024-07-25,2024-08-07,13,1
ABS000487,EMP00465,MIA,Supervisor Operaciones,Licencia Medica,2024-01-18,2024-02-11,24,1
ABS000488,EMP01448,EZE,Ground Staff,Licencia Medica,2023-11-10,2023-11-15,5,1
ABS000489,EMP00755,MIA,Tripulante Cabina Senior,Permiso Sin Goce,2022-09-04,2022-09-05,1,1
ABS000490,EMP01480,EZE,Ground Staff,Capacitacion,2024-09-14,2024-09-16,2,0
ABS000491,EMP01012,MIA,Supervisor Operaciones,Permiso Sin Goce,2022-07-11,,8,1
ABS000492,EMP00094,LIM,Tripulante Cabina,Licencia Medica,2022-09-09,2022-09-29,20,1
ABS000493,EMP00674,SCL,Tripulante Cabina,Licencia Medica,2022-03-28,2022-04-12,15,1
ABS000494,EMP01718,LIM,Seguridad,Vacaciones,2023-07-04,2023-07-13,9,1
ABS000495,EMP01290,MIA,Ground Staff,Licencia Medica,2023-01-26,2023-02-06,11,1
ABS000496,EMP00376,LIM,Tripulante Cabina Senior,Vacaciones,2024-04-27,2024-05-07,10,0
ABS000497,EMP01291,MIA,Tripulante Cabina,Capacitacion,2024-07-01,2024-07-02,1,
ABS000498,EMP00698,SCL,Piloto Copiloto,Vacaciones,2024-08-21,2024-09-08,18,1
ABS000499,EMP00655,LIM,Tripulante Cabina,Permiso Sin Goce,2024-01-01,2024-01-07,6,1
ABS000500,EMP01711,MIA,Tecnico Mantencion,Vacaciones,2023-04-06,2023-04-23,17,0
ABS000501,EMP00250,LIM,Tripulante Cabina Senior,Accidente Laboral,2023-08-04,2023-08-09,5,1
ABS000502,EMP00556,LIM,Tripulante Cabina Senior,Licencia Medica,2023-01-05,2023-01-30,25,1
ABS000503,EMP01644,JFK,Tecnico Mantencion,Capacitacion,2024-01-03,2024-01-08,5,1
ABS000504,EMP00829,LIM,Tripulante Cabina,Licencia Medica,2022-01-28,2022-02-01,4,1
ABS000505,EMP01248,EZE,Ground Staff,Vacaciones,2022-07-14,2022-08-04,21,1
ABS000506,EMP01332,SCL,Ground Staff,Permiso Sin Goce,2022-04-10,2022-04-18,8,1
ABS000507,EMP01219,LIM,Ground Staff,Permiso Sin Goce,2022-07-27,2022-07-30,3,1
ABS000508,EMP01620,EZE,Ground Staff,Licencia Medica,2024-07-20,2024-07-28,8,1
ABS000509,EMP01934,BOG,Agente Check-in,Licencia Medica,2024-07-30,2024-08-09,10,1
ABS000510,EMP01483,LIM,Ground Staff,Licencia Medica,2022-12-02,2022-12-07,5,1
ABS000511,EMP00025,MIA,Seguridad,Licencia Medica,2024-02-04,2024-02-06,2,1
ABS000512,EMP00715,GRU,Tripulante Cabina,Permiso Sin Goce,2022-07-28,2022-08-03,6,1
ABS000513,EMP00984,MIA,Agente Check-in,Permiso Sin Goce,2022-05-23,2022-05-25,2,
ABS000514,EMP00233,BOG,Agente Check-in,Capacitacion,2023-08-16,2023-08-20,,1
ABS000515,EMP00985,MIA,Tripulante Cabina Senior,Permiso Sin Goce,2023-01-12,2023-01-13,1,1
ABS000516,EMP00911,MIA,Supervisor Operaciones,Capacitacion,2024-01-09,2024-01-13,4,1
ABS000517,EMP01580,SCL,Tecnico Mantencion,Licencia Medica,2024-11-24,2024-12-23,29,
ABS000518,EMP01675,SCL,Tripulante Cabina,Licencia Medica,2024-08-09,2024-08-14,5,1
ABS000519,EMP00428,SCL,Tripulante Cabina,Vacaciones,2024-05-26,2024-06-02,7,0
ABS000520,EMP00888,MIA,Tecnico Mantencion,Licencia Medica,2024-02-06,2024-02-12,6,1
ABS000521,EMP00499,MIA,Piloto Copiloto,Licencia Medica,2022-10-05,2022-10-15,10,1
ABS000522,EMP00243,BOG,Administrativo,Licencia Medica,2023-12-11,2024-01-07,27,1
ABS000523,EMP01405,GRU,Tripulante Cabina,Permiso Sin Goce,2022-12-16,2022-12-20,4,1
ABS000524,EMP00195,GRU,Piloto Comandante,Vacaciones,2024-03-29,2024-04-13,15,1
ABS000525,EMP00270,LIM,Piloto Comandante,Vacaciones,2023-01-04,2023-01-16,12,0
ABS000526,EMP01521,LIM,Tripulante Cabina Senior,Accidente Laboral,2024-01-27,2024-02-04,8,1
ABS000527,EMP00933,BOG,Tripulante Cabina Senior,Vacaciones,2024-07-05,,18,1
ABS000528,EMP01914,JFK,Piloto Copiloto,Vacaciones,2022-05-31,2022-06-18,18,1
ABS000529,EMP00747,SCL,Tecnico Mantencion,Vacaciones,2022-01-24,2022-01-31,7,1
ABS000530,EMP00426,LIM,Ground Staff,Capacitacion,2024-12-18,2024-12-19,1,1
ABS000531,EMP01862,SCL,Tripulante Cabina,Licencia Medica,2022-01-12,2022-01-14,2,
ABS000532,EMP00327,SCL,Piloto Copiloto,Permiso Sin Goce,2022-07-19,2022-07-29,10,1
ABS000533,EMP00246,LIM,Tripulante Cabina,Vacaciones,2023-10-25,2023-11-07,13,1
ABS000534,EMP00975,GRU,Agente Check-in,Vacaciones,2024-01-29,2024-02-17,19,1
ABS000535,EMP01159,JFK,Agente Check-in,Permiso Sin Goce,2022-05-25,2022-05-29,4,1
ABS000536,EMP00338,LIM,Ground Staff,Vacaciones,2022-05-12,2022-05-22,10,1
ABS000537,EMP01624,GRU,Agente Check-in,Ausencia Injustificada,2024-11-29,2024-12-02,3,1
ABS000538,EMP01788,MIA,Piloto Copiloto,Ausencia Injustificada,2024-09-14,2024-09-16,2,
ABS000539,EMP00644,BOG,Supervisor Operaciones,Vacaciones,2022-08-07,2022-08-20,,1
ABS000540,EMP01507,SCL,Agente Check-in,Licencia Medica,2023-02-02,2023-02-18,16,1
ABS000541,EMP00382,MIA,Supervisor Operaciones,Permiso Sin Goce,2022-11-06,2022-11-13,7,1
ABS000542,EMP01559,GRU,Ground Staff,Licencia Medica,2022-04-04,2022-04-08,4,1
ABS000543,EMP00800,SCL,Agente Check-in,Accidente Laboral,2022-01-25,2022-01-28,3,1
ABS000544,EMP01252,BOG,Agente Check-in,Licencia Medica,2023-10-25,2023-11-07,13,1
ABS000545,EMP00336,MAD,Piloto Comandante,Vacaciones,2023-11-14,2023-11-28,14,1
ABS000546,EMP00335,GRU,Tripulante Cabina,Licencia Medica,2022-03-26,2022-04-16,21,1
ABS000547,EMP00744,SCL,Agente Check-in,Vacaciones,2022-10-08,2022-10-15,7,1
ABS000548,EMP01562,GRU,Ground Staff,Vacaciones,2022-01-03,2022-01-17,14,1
ABS000549,EMP01315,EZE,Supervisor Operaciones,Licencia Medica,2022-01-28,2022-01-30,2,1
ABS000550,EMP01543,GRU,Tripulante Cabina,Licencia Medica,2024-07-06,2024-07-07,1,1
ABS000551,EMP00792,LIM,Tripulante Cabina Senior,Licencia Medica,2023-09-03,2023-09-26,23,1
ABS000552,EMP00818,SCL,Piloto Copiloto,Licencia Medica,2024-05-31,2024-06-25,25,1
ABS000553,EMP01911,LIM,Tecnico Mantencion,Ausencia Injustificada,2022-07-29,2022-08-08,10,1
ABS000554,EMP00349,GRU,Agente Check-in,Vacaciones,2023-10-16,2023-11-05,20,1
ABS000555,EMP01223,EZE,Tripulante Cabina,Vacaciones,2022-07-06,,10,1
ABS000556,EMP00779,SCL,Agente Check-in,Vacaciones,2024-06-29,2024-07-10,11,1
ABS000557,EMP00276,LIM,Ground Staff,Licencia Medica,2022-07-10,2022-07-16,6,1
ABS000558,EMP00473,SCL,Supervisor Operaciones,Vacaciones,2022-07-29,2022-08-05,7,1
ABS000559,EMP01939,LIM,Tripulante Cabina,Vacaciones,2023-08-11,2023-08-26,15,1
ABS000560,EMP00988,MAD,Agente Check-in,Licencia Medica,2023-03-30,2023-04-24,,1
ABS000561,EMP00903,MIA,Tripulante Cabina,Licencia Medica,2022-07-12,,13,1
ABS000562,EMP00810,BOG,Tripulante Cabina,Licencia Medica,2022-06-07,2022-06-19,12,1
ABS000563,EMP00851,GRU,Supervisor Operaciones,Licencia Medica,2022-01-03,2022-02-02,30,1
ABS000564,EMP01904,MIA,Ground Staff,Permiso Sin Goce,2024-03-02,2024-03-09,7,1
ABS000565,EMP01319,EZE,Ground Staff,Licencia Medica,2022-10-22,2022-11-19,28,1
ABS000566,EMP00713,SCL,Agente Check-in,Licencia Medica,2022-01-27,2022-02-18,22,1
ABS000567,EMP01922,SCL,Tecnico Mantencion,Vacaciones,2023-07-13,2023-07-28,15,
ABS000568,EMP01891,SCL,Administrativo,Licencia Medica,2024-01-01,2024-01-24,23,0
ABS000569,EMP00422,EZE,Tripulante Cabina Senior,Licencia Medica,2023-10-10,2023-10-14,4,1
ABS000570,EMP01870,EZE,Tripulante Cabina,Capacitacion,2024-10-19,2024-10-23,4,1
ABS000571,EMP00848,GRU,Ground Staff,Licencia Medica,2022-11-21,2022-11-30,9,1
ABS000572,EMP01759,SCL,Piloto Copiloto,Vacaciones,2023-10-20,2023-11-04,15,1
ABS000573,EMP01749,GRU,Tripulante Cabina,Accidente Laboral,2022-10-22,2022-10-27,5,1
ABS000574,EMP01773,SCL,Tecnico Mantencion,Licencia Medica,2023-01-08,,11,1
ABS000575,EMP01088,SCL,Tecnico Mantencion,Capacitacion,2022-02-12,2022-02-16,4,1
ABS000576,EMP00568,EZE,Piloto Copiloto,Permiso Sin Goce,2024-11-05,2024-11-09,4,1
ABS000577,EMP01741,SCL,Tripulante Cabina,Licencia Medica,2024-03-09,2024-04-04,26,1
ABS000578,EMP01279,GRU,Tripulante Cabina,Vacaciones,2024-12-05,2024-12-25,20,1
ABS000579,EMP00523,LIM,Agente Check-in,Licencia Medica,2023-09-13,2023-09-21,8,
ABS000580,EMP00836,EZE,Ground Staff,Vacaciones,2022-12-09,2022-12-30,21,1
ABS000581,EMP01625,BOG,Piloto Copiloto,Licencia Medica,2022-09-23,2022-10-15,22,1
ABS000582,EMP00680,EZE,Agente Check-in,Licencia Medica,2023-01-02,2023-01-16,14,1
ABS000583,EMP00965,SCL,Supervisor Operaciones,Capacitacion,2023-03-23,2023-03-28,5,1
ABS000584,EMP00571,EZE,Agente Check-in,Vacaciones,2023-07-22,2023-07-31,9,1
ABS000585,EMP01513,EZE,Agente Check-in,Accidente Laboral,2024-09-10,2024-09-18,8,1
ABS000586,EMP00418,LIM,Ground Staff,Accidente Laboral,2023-08-15,2023-08-22,7,1
ABS000587,EMP01650,GRU,Piloto Copiloto,Vacaciones,2022-01-17,2022-01-26,9,1
ABS000588,EMP00741,SCL,Ground Staff,Vacaciones,2024-02-05,2024-02-14,9,1
ABS000589,EMP01922,SCL,Tripulante Cabina,Licencia Medica,2024-04-10,2024-04-14,4,1
ABS000590,EMP01624,MAD,Supervisor Operaciones,Licencia Medica,2022-05-24,2022-06-11,18,1
ABS000591,EMP01281,SCL,Tripulante Cabina Senior,Capacitacion,2022-09-28,2022-10-01,3,0
ABS000592,EMP01250,GRU,Supervisor Operaciones,Accidente Laboral,2024-02-25,2024-02-29,4,0
ABS000593,EMP00514,SCL,Piloto Comandante,Capacitacion,2022-01-02,2022-01-05,3,1
ABS000594,EMP01392,LIM,Supervisor Operaciones,Permiso Sin Goce,2023-08-13,2023-08-15,2,1
ABS000595,EMP01052,SCL,Agente Check-in,Vacaciones,2022-11-26,2022-12-03,7,1
ABS000596,EMP00443,LIM,Ground Staff,Vacaciones,2022-07-23,2022-07-31,8,1
ABS000597,EMP00889,EZE,Tripulante Cabina,Vacaciones,2024-03-08,2024-03-20,12,1
ABS000598,EMP01725,JFK,Agente Check-in,Permiso Sin Goce,2022-02-09,2022-02-19,10,1
ABS000599,EMP01985,MIA,Tecnico Mantencion,Accidente Laboral,2023-06-04,2023-06-14,10,1
ABS000600,EMP00944,EZE,Tripulante Cabina Senior,Vacaciones,2023-04-12,2023-04-21,9,0
ABS000601,EMP01776,GRU,Tripulante Cabina Senior,Vacaciones,2023-10-22,2023-11-05,14,1
ABS000602,EMP01055,BOG,Ground Staff,Vacaciones,2024-08-25,2024-09-03,9,1
ABS000603,EMP01095,SCL,Tripulante Cabina,Licencia Medica,2023-08-26,2023-09-01,6,0
ABS000604,EMP00644,LIM,Tecnico Mantencion,Licencia Medica,2022-03-03,2022-03-05,2,1
ABS000605,EMP00583,GRU,Piloto Comandante,Vacaciones,2022-01-21,2022-02-01,,1
ABS000606,EMP00406,LIM,Ground Staff,Vacaciones,2022-12-13,2022-12-24,11,1
ABS000607,EMP01239,LIM,Tecnico Mantencion,Permiso Sin Goce,2022-11-16,2022-11-23,7,0
ABS000608,EMP00489,GRU,Administrativo,Vacaciones,2023-01-31,2023-02-17,17,1
ABS000609,EMP00915,SCL,Piloto Copiloto,Permiso Sin Goce,2024-04-03,2024-04-06,3,1
ABS000610,EMP01975,GRU,Agente Check-in,Vacaciones,2024-06-17,2024-07-06,19,1
ABS000611,EMP00946,GRU,Supervisor Operaciones,Licencia Medica,2022-03-04,,9,1
ABS000612,EMP00236,SCL,Tripulante Cabina Senior,Permiso Sin Goce,2022-01-02,2022-01-03,1,1
ABS000613,EMP00043,EZE,Ground Staff,Licencia Medica,2023-01-30,2023-02-16,17,1
ABS000614,EMP00121,SCL,Supervisor Operaciones,Vacaciones,2022-06-15,2022-07-02,17,1
ABS000615,EMP01630,GRU,Tripulante Cabina Senior,Permiso Sin Goce,2023-08-31,2023-09-05,5,1
ABS000616,EMP00205,SCL,Tripulante Cabina,Licencia Medica,2023-01-24,2023-01-31,7,1
ABS000617,EMP01923,LIM,Tripulante Cabina Senior,Accidente Laboral,2023-07-04,2023-07-06,2,1
ABS000618,EMP00196,BOG,Piloto Comandante,Capacitacion,2023-11-27,2023-11-29,2,0
ABS000619,EMP01892,SCL,Supervisor Operaciones,Licencia Medica,2022-01-03,2022-01-23,20,1
ABS000620,EMP00297,SCL,Agente Check-in,Vacaciones,2022-08-17,2022-09-05,19,1
ABS000621,EMP01841,LIM,Tripulante Cabina Senior,Licencia Medica,2022-07-30,2022-08-14,15,1
ABS000622,EMP00790,LIM,Agente Check-in,Permiso Sin Goce,2024-11-15,2024-11-25,10,1
ABS000623,EMP00399,MIA,Agente Check-in,Vacaciones,2022-07-31,2022-08-16,16,
ABS000624,EMP00843,SCL,Ground Staff,Licencia Medica,2022-01-05,2022-02-02,28,1
ABS000625,EMP01944,BOG,Ground Staff,Licencia Medica,2024-01-05,2024-01-22,17,1
ABS000626,EMP00218,JFK,Ground Staff,Licencia Medica,2023-10-19,2023-11-07,19,1
ABS000627,EMP01938,MAD,Piloto Copiloto,Permiso Sin Goce,2022-01-18,2022-01-25,7,1
ABS000628,EMP01013,JFK,Piloto Comandante,Licencia Medica,2024-12-24,2025-01-09,16,1
ABS000629,EMP00704,SCL,Agente Check-in,Vacaciones,2023-12-30,2024-01-19,20,1
ABS000630,EMP01249,SCL,Piloto Copiloto,Accidente Laboral,2023-11-04,2023-11-08,4,1
ABS000631,EMP00151,GRU,Tripulante Cabina Senior,Accidente Laboral,2024-07-08,2024-07-17,9,1
ABS000632,EMP01549,BOG,Ground Staff,Vacaciones,2024-03-22,2024-04-01,10,1
ABS000633,EMP00332,GRU,Ground Staff,Permiso Sin Goce,2022-09-05,2022-09-13,8,0
ABS000634,EMP01925,SCL,Tecnico Mantencion,Capacitacion,2024-02-28,2024-03-03,4,1
ABS000635,EMP00451,GRU,Piloto Copiloto,Licencia Medica,2022-01-21,2022-02-10,20,1
ABS000636,EMP01769,GRU,Ground Staff,Permiso Sin Goce,2023-05-07,2023-05-09,2,1
ABS000637,EMP01498,BOG,Tripulante Cabina,Vacaciones,2024-01-17,2024-02-03,17,1
ABS000638,EMP00216,MIA,Tripulante Cabina Senior,Licencia Medica,2024-07-17,2024-08-14,28,1
ABS000639,EMP00446,GRU,Ground Staff,Ausencia Injustificada,2024-03-15,,9,1
ABS000640,EMP01584,BOG,Piloto Comandante,Licencia Medica,2024-02-17,2024-03-16,28,0
ABS000641,EMP01306,SCL,Tripulante Cabina Senior,Licencia Medica,2024-07-24,2024-07-26,2,0
ABS000642,EMP00260,MIA,Tripulante Cabina,Vacaciones,2023-01-05,2023-01-17,12,1
ABS000643,EMP01204,GRU,Supervisor Operaciones,Vacaciones,2024-10-05,2024-10-24,19,0
ABS000644,EMP01868,SCL,Tripulante Cabina,Licencia Medica,2022-07-18,2022-07-27,9,0
ABS000645,EMP00317,GRU,Tripulante Cabina,Capacitacion,2024-07-22,2024-07-24,2,1
ABS000646,EMP00928,GRU,Agente Check-in,Vacaciones,2022-02-01,2022-02-08,7,1
ABS000647,EMP00092,SCL,Administrativo,Vacaciones,2022-07-21,2022-07-31,10,1
ABS000648,EMP00616,LIM,Piloto Copiloto,Permiso Sin Goce,2022-07-26,2022-08-03,8,1
ABS000649,EMP01523,GRU,Tecnico Mantencion,Vacaciones,2024-01-21,2024-02-02,12,1
ABS000650,EMP00462,SCL,Tecnico Mantencion,Licencia Medica,2023-01-04,2023-01-25,21,0
ABS000651,EMP00877,SCL,Agente Check-in,Licencia Medica,2024-09-11,2024-09-30,19,0
ABS000652,EMP01676,LIM,Agente Check-in,Permiso Sin Goce,2024-01-20,2024-01-21,1,1
ABS000653,EMP01667,EZE,Tripulante Cabina Senior,Vacaciones,2024-12-05,2024-12-18,13,1
ABS000654,EMP01000,LIM,Piloto Copiloto,Vacaciones,2024-07-01,2024-07-11,10,1
ABS000655,EMP01832,MAD,Ground Staff,Licencia Medica,2023-06-29,2023-07-01,2,0
ABS000656,EMP00465,MIA,Piloto Comandante,Licencia Medica,2024-11-25,2024-12-21,26,1
ABS000657,EMP01134,MIA,Piloto Copiloto,Licencia Medica,2022-09-29,2022-10-18,19,1
ABS000658,EMP01638,MIA,Tripulante Cabina Senior,Accidente Laboral,2024-01-16,2024-01-19,3,
ABS000659,EMP00046,SCL,Tripulante Cabina,Licencia Medica,2023-07-04,2023-07-07,3,0
ABS000660,EMP01764,MIA,Ground Staff,Licencia Medica,2024-12-26,2025-01-13,18,1
ABS000661,EMP01317,GRU,Agente Check-in,Accidente Laboral,2022-02-02,2022-02-03,1,1
ABS000662,EMP00759,GRU,Supervisor Operaciones,Permiso Sin Goce,2022-07-23,,7,1
ABS000663,EMP00667,MIA,Ground Staff,Licencia Medica,2023-03-10,2023-04-09,30,1
ABS000664,EMP00159,SCL,Supervisor Operaciones,Licencia Medica,2022-03-14,2022-04-11,28,1
ABS000665,EMP01221,SCL,Tripulante Cabina Senior,Vacaciones,2022-07-07,2022-07-25,18,1
ABS000666,EMP00202,GRU,Supervisor Operaciones,Licencia Medica,2024-04-25,2024-05-06,11,1
ABS000667,EMP01925,SCL,Tripulante Cabina,Licencia Medica,2024-05-27,2024-06-10,14,1
ABS000668,EMP00159,SCL,Supervisor Operaciones,Accidente Laboral,2022-06-05,2022-06-13,8,0
ABS000669,EMP01741,LIM,Ground Staff,Permiso Sin Goce,2022-07-28,2022-07-30,2,0
ABS000670,EMP00367,GRU,Tecnico Mantencion,Vacaciones,2022-04-27,2022-05-14,17,1
ABS000671,EMP00236,SCL,Agente Check-in,Permiso Sin Goce,2022-01-09,2022-01-18,9,1
ABS000672,EMP01503,LIM,Tripulante Cabina,Permiso Sin Goce,2024-07-09,2024-07-10,1,1
ABS000673,EMP01017,GRU,Supervisor Operaciones,Vacaciones,2023-01-17,2023-01-28,11,1
ABS000674,EMP00479,BOG,Agente Check-in,Vacaciones,2022-07-03,2022-07-22,19,1
ABS000675,EMP01565,SCL,Ground Staff,Licencia Medica,2022-10-31,2022-11-14,14,1
ABS000676,EMP01583,SCL,Piloto Comandante,Accidente Laboral,2022-05-22,2022-05-28,6,1
ABS000677,EMP01692,MIA,Seguridad,Capacitacion,2024-11-21,2024-11-26,5,1
ABS000678,EMP00413,EZE,Supervisor Operaciones,Permiso Sin Goce,2023-08-14,2023-08-16,2,1
ABS000679,EMP01081,LIM,Tripulante Cabina Senior,Vacaciones,2022-01-14,2022-02-04,21,1
ABS000680,EMP00679,SCL,Tripulante Cabina Senior,Vacaciones,2023-07-17,2023-07-26,9,1
ABS000681,EMP01864,SCL,Tripulante Cabina,Permiso Sin Goce,2022-11-03,2022-11-09,6,1
ABS000682,EMP01730,GRU,Ground Staff,Permiso Sin Goce,2023-07-26,2023-07-28,2,1
ABS000683,EMP01147,SCL,Ground Staff,Capacitacion,2024-01-14,2024-01-15,1,0
ABS000684,EMP00567,LIM,Supervisor Operaciones,Vacaciones,2023-04-04,2023-04-24,20,1
ABS000685,EMP00116,GRU,Agente Check-in,Licencia Medica,2022-03-25,2022-03-26,1,1
ABS000686,EMP01760,EZE,Ground Staff,Licencia Medica,2024-10-30,2024-11-13,14,0
ABS000687,EMP01094,BOG,Ground Staff,Permiso Sin Goce,2024-04-22,2024-04-26,4,0
ABS000688,EMP01870,LIM,Ground Staff,Licencia Medica,2023-02-10,2023-02-16,6,0
ABS000689,EMP00913,LIM,Piloto Comandante,Licencia Medica,2023-12-01,2023-12-06,5,1
ABS000690,EMP01926,GRU,Agente Check-in,Capacitacion,2023-03-23,2023-03-24,1,1
ABS000691,EMP00845,EZE,Administrativo,Licencia Medica,2023-02-25,2023-03-12,15,1
ABS000692,EMP00840,GRU,Ground Staff,Licencia Medica,2024-07-10,2024-07-21,11,1
ABS000693,EMP00415,MIA,Tripulante Cabina,Accidente Laboral,2024-11-07,2024-11-12,5,
ABS000694,EMP01772,LIM,Tripulante Cabina Senior,Vacaciones,2022-03-12,2022-03-25,13,1
ABS000695,EMP00878,GRU,Tripulante Cabina,Permiso Sin Goce,2022-07-15,2022-07-20,5,1
ABS000696,EMP00238,LIM,Tripulante Cabina,Vacaciones,2024-01-11,2024-01-31,20,0
ABS000697,EMP01563,BOG,Supervisor Operaciones,Accidente Laboral,2022-11-13,,7,1
ABS000698,EMP01831,GRU,Ground Staff,Licencia Medica,2023-01-22,2023-01-28,6,1
ABS000699,EMP01440,BOG,Piloto Comandante,Vacaciones,2023-04-09,2023-04-19,10,1
ABS000700,EMP01327,EZE,Tripulante Cabina,Licencia Medica,2023-03-19,2023-03-31,12,1
ABS000701,EMP01033,MAD,Tripulante Cabina Senior,Vacaciones,2022-04-11,2022-04-30,19,1
ABS000702,EMP00276,BOG,Tripulante Cabina,Licencia Medica,2023-07-28,2023-08-20,23,1
ABS000703,EMP00826,LIM,Ground Staff,Accidente Laboral,2023-06-02,2023-06-06,4,1
ABS000704,EMP01396,SCL,Ground Staff,Permiso Sin Goce,2022-03-10,2022-03-16,6,1
ABS000705,EMP00976,SCL,Tripulante Cabina,Vacaciones,2022-04-21,2022-04-29,8,1
ABS000706,EMP01480,GRU,Piloto Copiloto,Vacaciones,2024-10-11,2024-10-23,12,0
ABS000707,EMP00537,MIA,Tripulante Cabina Senior,Vacaciones,2022-07-04,2022-07-12,8,1
ABS000708,EMP01202,LIM,Tripulante Cabina Senior,Capacitacion,2022-01-22,2022-01-26,4,1
ABS000709,EMP01921,SCL,Administrativo,Licencia Medica,2023-05-20,2023-06-07,18,0
ABS000710,EMP00704,SCL,Piloto Comandante,Permiso Sin Goce,2022-12-20,2022-12-22,2,1
ABS000711,EMP00033,LIM,Piloto Copiloto,Licencia Medica,2022-07-28,2022-08-10,13,0
ABS000712,EMP00447,SCL,Tripulante Cabina,Permiso Sin Goce,2022-02-25,2022-02-26,1,0
ABS000713,EMP01486,BOG,Piloto Copiloto,Licencia Medica,2022-10-31,,3,1
ABS000714,EMP00904,LIM,Ground Staff,Permiso Sin Goce,2022-03-02,2022-03-12,10,1
ABS000715,EMP01994,SCL,Tripulante Cabina Senior,Permiso Sin Goce,2023-01-07,2023-01-08,1,
ABS000716,EMP01947,BOG,Tripulante Cabina Senior,Vacaciones,2024-10-16,2024-11-02,17,1
ABS000717,EMP00147,SCL,Tripulante Cabina,Licencia Medica,2023-04-03,2023-04-18,15,1
ABS000718,EMP00558,LIM,Ground Staff,Vacaciones,2024-10-03,2024-10-13,10,1
ABS000719,EMP00821,GRU,Ground Staff,Licencia Medica,2023-04-09,2023-04-13,4,
ABS000720,EMP00210,GRU,Supervisor Operaciones,Capacitacion,2022-12-22,2022-12-24,2,1
ABS000721,EMP00655,LIM,Piloto Copiloto,Licencia Medica,2024-09-18,2024-10-06,18,0
ABS000722,EMP01530,SCL,Tecnico Mantencion,Licencia Medica,2022-02-04,2022-02-14,10,1
ABS000723,EMP01170,SCL,Tecnico Mantencion,Licencia Medica,2022-01-05,2022-01-18,13,
ABS000724,EMP01688,GRU,Administrativo,Capacitacion,2022-03-06,2022-03-08,2,1
ABS000725,EMP00576,JFK,Tripulante Cabina,Permiso Sin Goce,2022-07-13,2022-07-23,10,1
ABS000726,EMP01454,BOG,Piloto Comandante,Vacaciones,2023-07-04,2023-07-16,12,
ABS000727,EMP00825,MIA,Tripulante Cabina,Vacaciones,2022-08-31,2022-09-19,19,1
ABS000728,EMP00125,SCL,Piloto Comandante,Permiso Sin Goce,2024-05-08,2024-05-15,7,1
ABS000729,EMP01311,SCL,Supervisor Operaciones,Capacitacion,2022-12-24,2022-12-26,2,1
ABS000730,EMP00698,BOG,Tripulante Cabina Senior,Capacitacion,2024-02-18,2024-02-19,1,1
ABS000731,EMP00005,SCL,Piloto Copiloto,Licencia Medica,2022-01-01,,26,0
ABS000732,EMP00068,SCL,Supervisor Operaciones,Licencia Medica,2023-10-08,2023-11-01,,1
ABS000733,EMP01477,GRU,Supervisor Operaciones,Capacitacion,2023-07-25,2023-07-28,3,0
ABS000734,EMP01042,GRU,Ground Staff,Permiso Sin Goce,2022-06-09,2022-06-18,9,1
ABS000735,EMP01222,SCL,Tripulante Cabina,Licencia Medica,2022-11-08,2022-11-12,4,1
ABS000736,EMP01293,BOG,Tripulante Cabina Senior,Licencia Medica,2022-08-13,2022-08-19,6,1
ABS000737,EMP01802,SCL,Tripulante Cabina,Permiso Sin Goce,2022-03-16,2022-03-21,5,1
ABS000738,EMP00372,EZE,Tripulante Cabina Senior,Vacaciones,2023-07-17,2023-07-28,11,1
ABS000739,EMP00374,LIM,Tripulante Cabina Senior,Licencia Medica,2022-06-16,2022-07-07,21,1
ABS000740,EMP00283,LIM,Tripulante Cabina,Licencia Medica,2022-05-11,2022-05-12,1,1
ABS000741,EMP01894,SCL,Piloto Comandante,Vacaciones,2022-07-14,2022-07-31,17,1
ABS000742,EMP00218,LIM,Agente Check-in,Licencia Medica,2022-01-02,2022-01-20,18,1
ABS000743,EMP00482,BOG,Agente Check-in,Permiso Sin Goce,2023-02-24,2023-03-06,10,1
ABS000744,EMP01685,LIM,Seguridad,Permiso Sin Goce,2023-01-08,2023-01-11,3,1
ABS000745,EMP00390,lima,Tripulante Cabina Senior,Licencia Medica,2022-01-27,2022-02-05,9,1
ABS000746,EMP01054,LIM,Ground Staff,Licencia Medica,2023-05-15,2023-06-13,29,1
ABS000747,EMP00486,SCL,Tripulante Cabina,Vacaciones,2023-06-17,2023-07-01,14,1
ABS000748,EMP01854,GRU,Agente Check-in,Vacaciones,2022-03-03,,11,1
ABS000749,EMP00362,SCL,Tripulante Cabina,Permiso Sin Goce,2022-09-16,2022-09-18,,0
ABS000750,EMP00066,GRU,Piloto Copiloto,Capacitacion,2023-04-25,2023-04-29,4,
ABS000751,EMP01436,GRU,Agente Check-in,Permiso Sin Goce,2024-01-29,2024-02-06,8,1
ABS000752,EMP01437,EZE,Piloto Comandante,Permiso Sin Goce,2022-11-15,2022-11-23,8,1
ABS000753,EMP01368,SCL,Tripulante Cabina Senior,Licencia Medica,2022-05-23,2022-06-16,24,1
ABS000754,EMP00632,GRU,Piloto Comandante,Licencia Medica,2023-03-10,2023-03-14,4,1
ABS000755,EMP00936,BOG,Piloto Copiloto,Licencia Medica,2022-02-26,2022-03-19,21,0
ABS000756,EMP01036,SCL,Agente Check-in,Vacaciones,2023-07-10,2023-07-23,13,1
ABS000757,EMP01791,SCL,Piloto Copiloto,Permiso Sin Goce,2023-06-16,2023-06-19,3,1
ABS000758,EMP01946,SCL,Tripulante Cabina Senior,Permiso Sin Goce,2022-03-05,2022-03-15,10,1
ABS000759,EMP01080,EZE,Ground Staff,Capacitacion,2023-09-08,2023-09-10,2,1
ABS000760,EMP01199,GRU,Agente Check-in,Licencia Medica,2024-02-11,2024-02-24,13,1
ABS000761,EMP00740,GRU,Agente Check-in,Vacaciones,2024-01-29,2024-02-14,16,1
ABS000762,EMP01330,MIA,Tripulante Cabina,Accidente Laboral,2024-07-12,2024-07-18,6,1
ABS000763,EMP01868,GRU,Ground Staff,Vacaciones,2022-03-10,2022-03-29,19,1
ABS000764,EMP01466,MIA,Tripulante Cabina,Permiso Sin Goce,2024-03-02,2024-03-10,8,1
ABS000765,EMP00067,LIM,Piloto Comandante,Vacaciones,2023-02-17,2023-02-28,11,1
ABS000766,EMP01184,MIA,Tripulante Cabina,Permiso Sin Goce,2022-11-14,2022-11-24,10,
ABS000767,EMP00897,SCL,Tripulante Cabina Senior,Permiso Sin Goce,2022-09-19,2022-09-22,,1
ABS000768,EMP00746,MAD,Agente Check-in,Vacaciones,2024-12-28,2025-01-07,10,1
ABS000769,EMP01522,GRU,Tripulante Cabina,Permiso Sin Goce,2023-11-01,2023-11-10,9,1
ABS000770,EMP01108,SCL,Supervisor Operaciones,Capacitacion,2022-05-27,2022-05-28,1,
ABS000771,EMP00207,SCL,Tripulante Cabina Senior,Vacaciones,2022-01-23,2022-02-05,13,1
ABS000772,EMP00080,SCL,Tripulante Cabina,Ausencia Injustificada,2022-08-08,2022-08-14,6,1
ABS000773,EMP00897,GRU,Tripulante Cabina,Ausencia Injustificada,2024-07-07,2024-07-09,2,1
ABS000774,EMP00249,MIA,Tripulante Cabina,Licencia Medica,2023-06-30,2023-07-26,26,0
ABS000775,EMP01056,SCL,Tripulante Cabina Senior,Capacitacion,2023-10-31,2023-11-02,2,1
ABS000776,EMP00127,GRU,Supervisor Operaciones,Vacaciones,2023-12-20,2023-12-28,8,1
ABS000777,EMP01934,SCL,Agente Check-in,Accidente Laboral,2024-08-27,2024-08-31,4,1
ABS000778,EMP01195,GRU,Agente Check-in,Ausencia Injustificada,2023-01-12,2023-01-19,7,
ABS000779,EMP00524,MAD,Piloto Copiloto,Vacaciones,2023-01-29,2023-02-18,20,1
ABS000780,EMP01428,MIA,Administrativo,Licencia Medica,2024-07-24,2024-08-09,16,1
ABS000781,EMP01855,SCL,Piloto Comandante,Licencia Medica,2022-09-28,2022-10-10,12,1
ABS000782,EMP00415,LIM,Tripulante Cabina Senior,Licencia Medica,2023-01-14,2023-02-05,22,1
ABS000783,EMP00197,SCL,Piloto Copiloto,Licencia Medica,2023-07-12,2023-07-31,19,1
ABS000784,EMP00921,SCL,Tecnico Mantencion,Licencia Medica,2023-08-04,2023-08-06,2,1
ABS000785,EMP01102,SCL,Piloto Comandante,Capacitacion,2023-10-25,2023-10-29,4,1
ABS000786,EMP00087,SCL,Tripulante Cabina,Vacaciones,2022-01-27,2022-02-15,19,1
ABS000787,EMP00875,BOG,Ground Staff,Vacaciones,2022-01-16,2022-01-23,7,0
ABS000788,EMP00758,GRU,Administrativo,Licencia Medica,2022-09-21,2022-10-10,19,1
ABS000789,EMP01266,SCL,Agente Check-in,Licencia Medica,2023-08-04,2023-08-17,13,1
ABS000790,EMP01487,EZE,Piloto Comandante,Permiso Sin Goce,2023-01-30,2023-01-31,1,1
ABS000791,EMP00906,GRU,Tripulante Cabina,Capacitacion,2022-06-06,2022-06-08,2,1
ABS000792,EMP00229,LIM,Tripulante Cabina Senior,Licencia Medica,2024-07-04,,6,1
ABS000793,EMP00370,SCL,Seguridad,Permiso Sin Goce,2024-07-10,2024-07-12,2,1
ABS000794,EMP01304,EZE,Piloto Copiloto,Capacitacion,2023-05-09,2023-05-12,3,1
ABS000795,EMP00231,BOG,Agente Check-in,Capacitacion,2024-04-07,2024-04-10,3,0
ABS000796,EMP00162,BOG,Piloto Comandante,Permiso Sin Goce,2022-07-28,2022-07-31,3,1
ABS000797,EMP00126,BOG,Piloto Comandante,Licencia Medica,2023-01-18,2023-02-11,24,1
ABS000798,EMP00626,GRU,Ground Staff,Accidente Laboral,2024-02-15,2024-02-20,5,1
ABS000799,EMP00096,LIM,Piloto Comandante,Vacaciones,2023-05-29,2023-06-11,13,1
ABS000800,EMP00444,SCL,Piloto Copiloto,Capacitacion,2024-01-02,2024-01-03,1,1
ABS000801,EMP00061,SCL,Administrativo,Vacaciones,2023-01-06,2023-01-27,21,
ABS000802,EMP01431,EZE,Tripulante Cabina Senior,Capacitacion,2024-06-09,2024-06-14,5,1
ABS000803,EMP00392,LIM,Administrativo,Capacitacion,2022-03-17,2022-03-20,3,1
ABS000804,EMP00022,MIA,Tripulante Cabina,Licencia Medica,2024-08-04,2024-08-09,,1
ABS000805,EMP01804,LIM,Tripulante Cabina,Licencia Medica,2023-07-24,2023-07-27,3,1
ABS000806,EMP01788,SCL,Tripulante Cabina,Vacaciones,2023-10-25,2023-11-06,12,0
ABS000807,EMP00239,SCL,Tripulante Cabina,Permiso Sin Goce,2022-06-03,2022-06-13,10,1
ABS000808,EMP00452,MAD,Tripulante Cabina Senior,Licencia Medica,2024-11-04,2024-11-19,15,1
ABS000809,EMP00363,LIM,Administrativo,Vacaciones,2023-05-27,2023-06-17,21,1
ABS000810,EMP01331,GRU,Supervisor Operaciones,Licencia Medica,2023-09-13,2023-10-09,,1
ABS000811,EMP00265,SCL,Agente Check-in,Permiso Sin Goce,2022-07-24,2022-08-02,9,0
ABS000812,EMP01132,MAD,Tripulante Cabina Senior,Vacaciones,2022-03-23,,18,1
ABS000813,EMP01743,MIA,Tripulante Cabina Senior,Permiso Sin Goce,2022-06-12,2022-06-13,1,
ABS000814,EMP01528,LIM,Tecnico Mantencion,Licencia Medica,2022-07-09,2022-07-28,19,1
ABS000815,EMP01067,SCL,Agente Check-in,Vacaciones,2023-10-08,2023-10-15,7,1
ABS000816,EMP01160,SCL,Tripulante Cabina,Permiso Sin Goce,2023-09-21,2023-09-30,9,0
ABS000817,EMP00860,SCL,Tripulante Cabina,Licencia Medica,2022-07-06,2022-07-15,9,0
ABS000818,EMP01265,MIA,Ground Staff,Permiso Sin Goce,2024-12-11,2024-12-20,9,1
ABS000819,EMP01865,MAD,Tripulante Cabina Senior,Permiso Sin Goce,2022-12-14,2022-12-17,3,1
ABS000820,EMP01732,SCL,Ground Staff,Permiso Sin Goce,2023-01-14,2023-01-23,9,1
ABS000821,EMP00045,SCL,Piloto Comandante,Vacaciones,2023-01-27,2023-02-11,15,1
ABS000822,EMP00256,GRU,Piloto Comandante,Licencia Medica,2022-07-03,2022-07-05,2,1
ABS000823,EMP00251,GRU,Tripulante Cabina Senior,Vacaciones,2024-02-24,2024-03-11,16,1
ABS000824,EMP01535,GRU,Tripulante Cabina,Ausencia Injustificada,2022-06-26,2022-07-06,10,1
ABS000825,EMP00846,SCL,Tripulante Cabina,Vacaciones,2023-01-03,2023-01-12,9,1
ABS000826,EMP01106,MIA,Tripulante Cabina,Capacitacion,2023-04-18,2023-04-19,1,1
ABS000827,EMP00589,LIM,Tripulante Cabina,Licencia Medica,2023-10-09,2023-10-15,6,1
ABS000828,EMP00133,BOG,Supervisor Operaciones,Vacaciones,2024-01-25,2024-02-11,17,1
ABS000829,EMP00347,GRU,Tripulante Cabina Senior,Vacaciones,2024-07-12,2024-07-24,12,1
ABS000830,EMP00175,GRU,Tripulante Cabina,Vacaciones,2024-07-29,2024-08-12,14,1
ABS000831,EMP00970,MAD,Tripulante Cabina,Licencia Medica,2022-07-29,2022-08-22,24,1
ABS000832,EMP00486,GRU,Supervisor Operaciones,Licencia Medica,2023-09-21,,27,1
ABS000833,EMP00831,GRU,Agente Check-in,Vacaciones,2023-01-14,2023-02-01,18,1
ABS000834,EMP00510,GRU,Tripulante Cabina Senior,Licencia Medica,2024-02-01,2024-02-13,12,
ABS000835,EMP00602,GRU,Ground Staff,Permiso Sin Goce,2022-07-08,2022-07-12,4,1
ABS000836,EMP00775,MIA,Piloto Copiloto,Capacitacion,2024-03-27,2024-03-30,3,1
ABS000837,EMP01207,BOG,Ground Staff,Capacitacion,2022-07-13,2022-07-16,3,1
ABS000838,EMP00535,GRU,Tripulante Cabina,Vacaciones,2024-08-10,2024-08-19,9,1
ABS000839,EMP01435,SCL,Agente Check-in,Accidente Laboral,2024-11-28,2024-12-07,9,1
ABS000840,EMP01366,MIA,Administrativo,Licencia Medica,2023-01-10,2023-02-01,,1
ABS000841,EMP01121,MAD,Tripulante Cabina,Licencia Medica,2023-09-12,2023-09-20,8,0
ABS000842,EMP01894,MIA,Supervisor Operaciones,Capacitacion,2022-07-04,2022-07-06,2,1
ABS000843,EMP00943,GRU,Ground Staff,Accidente Laboral,2023-07-02,2023-07-12,10,
ABS000844,EMP01684,LIM,Piloto Comandante,Vacaciones,2022-01-25,2022-02-05,11,1
ABS000845,EMP00709,LIM,Tecnico Mantencion,Permiso Sin Goce,2022-01-20,2022-01-27,7,1
ABS000846,EMP01332,LIM,Supervisor Operaciones,Licencia Medica,2022-02-21,2022-03-23,30,1
ABS000847,EMP00458,GRU,Tripulante Cabina Senior,Accidente Laboral,2023-01-26,2023-02-02,7,1
ABS000848,EMP01763,EZE,Tripulante Cabina,Licencia Medica,2022-06-02,2022-06-14,12,1
ABS000849,EMP01724,SCL,Tripulante Cabina,Licencia Medica,2023-11-25,2023-12-21,26,
ABS000850,EMP01340,SCL,Piloto Copiloto,Capacitacion,2023-11-07,2023-11-09,2,1
ABS000851,EMP00070,SCL,Tripulante Cabina Senior,Licencia Medica,2024-06-21,2024-06-22,1,1
ABS000852,EMP01662,SCL,Tripulante Cabina,Vacaciones,2024-03-31,2024-04-13,13,1
ABS000853,EMP01766,EZE,Agente Check-in,Licencia Medica,2022-06-23,2022-07-15,22,1
ABS000854,EMP00956,LIM,Seguridad,Licencia Medica,2024-01-05,2024-01-29,24,1
ABS000855,EMP00498,BOG,Tripulante Cabina Senior,Capacitacion,2023-10-26,2023-10-27,1,0
ABS000856,EMP00875,LIM,Ground Staff,Capacitacion,2023-07-08,2023-07-13,5,1
ABS000857,EMP01171,BOG,Seguridad,Vacaciones,2023-12-30,2024-01-12,13,1
ABS000858,EMP00639,GRU,Tripulante Cabina,Licencia Medica,2024-07-15,2024-08-01,17,1
ABS000859,EMP00653,EZE,Ground,Ausencia Injustificada,2023-09-09,2023-09-10,1,1
ABS000860,EMP00300,MAD,Piloto Copiloto,Vacaciones,2024-05-18,2024-06-06,19,0
ABS000861,EMP00640,MIA,Ground Staff,Vacaciones,2022-01-28,2022-02-08,11,1
ABS000862,EMP01918,GRU,Agente Check-in,Licencia Medica,2024-10-19,2024-11-07,19,1
ABS000863,EMP01588,BOG,Piloto Copiloto,Licencia Medica,2024-09-01,2024-09-06,5,0
ABS000864,EMP01600,LIM,Tripulante Cabina Senior,Licencia Medica,2023-01-12,2023-02-09,28,1
ABS000865,EMP00870,GRU,Tripulante Cabina Senior,Ausencia Injustificada,2024-04-19,2024-04-25,6,0
ABS000866,EMP00490,MAD,Tecnico Mantencion,Vacaciones,2023-01-01,2023-01-13,12,1
ABS000867,EMP01946,MIA,Tripulante Cabina Senior,Capacitacion,2022-01-06,2022-01-07,1,1
ABS000868,EMP00408,GRU,Piloto Comandante,Vacaciones,2023-09-23,2023-09-30,7,1
ABS000869,EMP01722,EZE,Tripulante Cabina Senior,Licencia Medica,2023-01-30,2023-02-25,26,1
ABS000870,EMP00312,GRU,Tripulante Cabina,Vacaciones,2022-09-15,2022-10-06,21,1
ABS000871,EMP01160,BOG,Ground Staff,Vacaciones,2022-04-05,2022-04-13,8,1
ABS000872,EMP00907,LIM,Supervisor Operaciones,Permiso Sin Goce,2023-07-08,2023-07-14,6,1
ABS000873,EMP00904,MIA,Ground Staff,Vacaciones,2024-07-24,2024-08-08,15,1
ABS000874,EMP01176,GRU,Tripulante Cabina Senior,Capacitacion,2023-07-15,2023-07-17,2,0
ABS000875,EMP00654,GRU,Tripulante Cabina Senior,Vacaciones,2022-07-19,2022-08-09,21,1
ABS000876,EMP01787,BOG,Piloto Comandante,Licencia Medica,2023-07-25,2023-08-19,25,0
ABS000877,EMP01336,BOG,Piloto Comandante,Accidente Laboral,2024-11-04,2024-11-13,9,1
ABS000878,EMP00164,SCL,Piloto Comandante,Accidente Laboral,2023-04-22,2023-04-26,4,1
ABS000879,EMP00312,LIM,Seguridad,Licencia Medica,2023-10-03,2023-10-17,14,1
ABS000880,EMP01083,GRU,Tripulante Cabina,Vacaciones,2023-01-31,2023-02-09,9,1
ABS000881,EMP00194,LIM,Piloto Copiloto,Licencia Medica,2024-10-04,2024-10-24,20,1
ABS000882,EMP00912,SCL,Piloto Comandante,Capacitacion,2024-06-28,,2,1
ABS000883,EMP01628,GRU,Piloto Comandante,Capacitacion,2023-07-06,2023-07-10,4,1
ABS000884,EMP00256,GRU,Piloto Copiloto,Capacitacion,2022-08-31,2022-09-04,4,1
ABS000885,EMP00324,GRU,Piloto Copiloto,Licencia Medica,2024-06-14,,24,1
ABS000886,EMP00600,BOG,Tripulante Cabina,Vacaciones,2022-04-20,2022-05-09,19,0
ABS000887,EMP00300,LIM,Agente Check-in,Licencia Medica,2023-02-28,2023-03-07,7,1
ABS000888,EMP00066,LIM,Tripulante Cabina Senior,Licencia Medica,2024-07-10,2024-08-09,30,0
ABS000889,EMP00647,GRU,Ground Staff,Licencia Medica,2024-09-29,2024-10-15,16,0
ABS000890,EMP00354,SCL,Agente Check-in,Accidente Laboral,2022-01-14,2022-01-21,7,
ABS000891,EMP00543,LIM,Piloto Copiloto,Capacitacion,2023-02-16,2023-02-21,5,1
ABS000892,EMP00540,EZE,Tripulante Cabina,Vacaciones,2022-07-12,2022-07-28,16,1
ABS000893,EMP00213,GRU,Tripulante Cabina Senior,Permiso Sin Goce,2024-07-11,2024-07-13,2,1
ABS000894,EMP01179,SCL,Tripulante Cabina Senior,Permiso Sin Goce,2022-03-17,2022-03-27,10,1
ABS000895,EMP01997,BOG,Piloto Copiloto,Vacaciones,2024-01-31,2024-02-11,11,1
ABS000896,EMP01975,EZE,Tripulante Cabina Senior,Permiso Sin Goce,2024-12-24,2024-12-30,6,1
ABS000897,EMP01513,SCL,Piloto Comandante,Vacaciones,2023-01-16,2023-01-24,8,1
ABS000898,EMP01150,MIA,Piloto Copiloto,Licencia Medica,2022-10-11,2022-11-08,28,1
ABS000899,EMP00389,LIM,Tripulante Cabina,Licencia Medica,2024-02-06,2024-02-19,13,1
ABS000900,EMP01474,LIM,Tripulante Cabina Senior,Accidente Laboral,2022-04-04,2022-04-10,6,1
ABS000901,EMP00315,SCL,Piloto Comandante,Vacaciones,2022-05-25,2022-06-06,12,1
ABS000902,EMP00257,BOG,Piloto Comandante,Permiso Sin Goce,2023-01-04,2023-01-05,1,1
ABS000903,EMP00518,LIM,Ground Staff,Licencia Medica,2023-06-13,2023-07-06,23,1
ABS000904,EMP01392,GRU,Agente Check-in,Vacaciones,2024-07-14,2024-07-31,17,1
ABS000905,EMP00945,MIA,Ground Staff,Ausencia Injustificada,2022-10-03,2022-10-09,6,1
ABS000906,EMP00319,SCL,Tripulante Cabina,Licencia Medica,2023-07-03,2023-07-31,28,1
ABS000907,EMP00210,SCL,Agente Check-in,Accidente Laboral,2022-07-12,2022-07-20,8,1
ABS000908,EMP00136,LIM,Tripulante Cabina Senior,Licencia Medica,2022-07-11,2022-07-22,11,1
ABS000909,EMP01427,BOG,Tripulante Cabina Senior,Licencia Medica,2024-07-03,2024-07-09,6,1
ABS000910,EMP01873,SCL,Supervisor Operaciones,Accidente Laboral,2023-07-22,2023-07-23,1,1
ABS000911,EMP01633,LIM,Administrativo,Vacaciones,2024-10-13,2024-10-31,18,1
ABS000912,EMP01199,MIA,Administrativo,Capacitacion,2024-11-13,2024-11-17,4,1
ABS000913,EMP01384,BOG,Supervisor Operaciones,Vacaciones,2023-05-12,2023-05-25,13,1
ABS000914,EMP01996,SCL,Piloto Copiloto,Vacaciones,2022-05-26,2022-06-07,12,1
ABS000915,EMP01433,GRU,Supervisor Operaciones,Capacitacion,2023-08-24,2023-08-25,1,0
ABS000916,EMP01240,SCL,Agente Check-in,Vacaciones,2023-11-18,2023-12-05,17,1
ABS000917,EMP01040,EZE,Tripulante Cabina,Vacaciones,2023-02-04,2023-02-15,11,1
ABS000918,EMP01050,SCL,Ground Staff,Vacaciones,2024-10-17,2024-10-27,10,1
ABS000919,EMP01483,EZE,Piloto Copiloto,Vacaciones,2022-12-01,2022-12-15,14,
ABS000920,EMP01780,LIM,Tripulante Cabina,Accidente Laboral,2024-07-07,2024-07-13,6,1
ABS000921,EMP00687,JFK,Ground Staff,Vacaciones,2024-02-08,2024-02-27,19,1
ABS000922,EMP00787,SCL,Tecnico Mantencion,Vacaciones,2023-09-09,2023-09-21,12,1
ABS000923,EMP01126,GRU,Agente Check-in,Licencia Medica,2024-04-20,2024-05-05,15,1
ABS000924,EMP01117,BOG,Tripulante Cabina,Licencia Medica,2024-06-23,2024-07-19,26,1
ABS000925,EMP00720,LIM,Piloto Copiloto,Licencia Medica,2022-02-10,2022-02-27,17,1
ABS000926,EMP00180,LIM,Ground Staff,Licencia Medica,2024-01-21,2024-01-28,7,1
ABS000927,EMP01451,GRU,Tripulante Cabina,Licencia Medica,2023-07-17,2023-08-01,15,1
ABS000928,EMP01116,BOG,Supervisor Operaciones,Permiso Sin Goce,2022-11-08,2022-11-09,1,1
ABS000929,EMP01384,BOG,Administrativo,Licencia Medica,2024-01-14,2024-01-22,8,0
ABS000930,EMP01949,MIA,Piloto Copiloto,Permiso Sin Goce,2022-07-04,2022-07-14,10,0
ABS000931,EMP01606,LIM,Tecnico Mantencion,Licencia Medica,2022-01-27,2022-02-03,7,0
ABS000932,EMP00138,LIM,Agente Check-in,Licencia Medica,2024-04-14,2024-04-25,11,1
ABS000933,EMP00864,SCL,Tecnico Mantencion,Licencia Medica,2024-07-07,2024-07-26,19,1
ABS000934,EMP00056,SCL,Ground Staff,Licencia Medica,2023-10-19,2023-11-11,23,1
ABS000935,EMP01359,JFK,Seguridad,Vacaciones,2024-07-05,2024-07-13,8,1
ABS000936,EMP00440,JFK,Supervisor Operaciones,Vacaciones,2022-01-10,2022-01-20,10,1
ABS000937,EMP01483,BOG,Tripulante Cabina Senior,Capacitacion,2022-02-16,2022-02-21,5,1
ABS000938,EMP00068,GRU,Tripulante Cabina,Vacaciones,2023-04-02,2023-04-20,18,1
ABS000939,EMP01208,LIM,Tripulante Cabina,Licencia Medica,2023-05-09,2023-05-20,11,1
ABS000940,EMP00520,GRU,Tripulante Cabina,Licencia Medica,2024-07-21,2024-08-11,21,1
ABS000941,EMP01245,GRU,Ground Staff,Licencia Medica,2024-05-20,2024-05-24,4,
ABS000942,EMP00133,LIM,Tripulante Cabina,Licencia Medica,2023-01-03,2023-01-09,6,1
ABS000943,EMP00861,LIM,Tecnico Mantencion,Licencia Medica,2023-07-12,2023-07-27,15,1
ABS000944,EMP01895,SCL,Agente Check-in,Capacitacion,2023-10-05,2023-10-09,4,1
ABS000945,EMP00393,MIA,Ground Staff,Licencia Medica,2022-05-08,2022-06-04,27,1
ABS000946,EMP01412,JFK,Seguridad,Permiso Sin Goce,2024-05-09,,2,1
ABS000947,EMP01346,SCL,Ground Staff,Vacaciones,2023-11-16,2023-12-05,19,1
ABS000948,EMP01775,LIM,Tripulante Cabina,Ausencia Injustificada,2024-08-20,2024-08-28,8,1
ABS000949,EMP01512,SCL,Piloto Comandante,Vacaciones,2023-11-30,2023-12-17,17,1
ABS000950,EMP00347,EZE,Piloto Copiloto,Permiso Sin Goce,2024-12-15,2024-12-18,3,1
ABS000951,EMP00144,GRU,Tripulante Cabina,Permiso Sin Goce,2024-01-13,,4,1
ABS000952,EMP01881,SCL,Supervisor Operaciones,Capacitacion,2022-08-07,2022-08-08,1,1
ABS000953,EMP00242,LIM,Piloto Copiloto,Licencia Medica,2023-01-31,2023-02-21,21,1
ABS000954,EMP00856,SCL,Piloto Copiloto,Vacaciones,2024-10-29,2024-11-06,8,1
ABS000955,EMP00759,SCL,Ground Staff,Vacaciones,2024-07-28,2024-08-17,20,1
ABS000956,EMP01993,SCL,Tripulante Cabina,Permiso Sin Goce,2024-03-03,2024-03-10,7,1
ABS000957,EMP01713,SCL,Tripulante Cabina Senior,Accidente Laboral,2024-05-06,2024-05-14,8,1
ABS000958,EMP00377,SCL,Ground Staff,Vacaciones,2023-05-27,2023-06-04,8,1
ABS000959,EMP00742,MIA,Supervisor Operaciones,Licencia Medica,2022-11-15,2022-11-18,3,1
ABS000960,EMP00008,MIA,Piloto Comandante,Vacaciones,2022-12-25,2023-01-07,13,1
ABS000961,EMP01805,SCL,Tripulante Cabina,Licencia Medica,2024-03-16,2024-04-13,28,1
ABS000962,EMP00483,LIM,Tecnico Mantencion,Vacaciones,2022-12-15,2023-01-02,18,1
ABS000963,EMP00175,SCL,Tripulante Cabina,Accidente Laboral,2022-12-29,2023-01-05,7,1
ABS000964,EMP00076,LIM,Piloto Copiloto,Licencia Medica,2024-03-16,2024-04-15,30,1
ABS000965,EMP01213,MIA,Ground Staff,Licencia Medica,2022-07-30,2022-08-16,17,1
ABS000966,EMP00160,JFK,Agente Check-in,Permiso Sin Goce,2024-01-16,2024-01-18,2,0
ABS000967,EMP01000,BOG,Agente Check-in,Accidente Laboral,2024-12-11,2024-12-21,10,1
ABS000968,EMP00350,BOG,Ground Staff,Licencia Medica,2023-05-13,2023-05-26,13,0
ABS000969,EMP01003,SCL,Tripulante Cabina Senior,Permiso Sin Goce,2023-01-29,2023-02-06,8,1
ABS000970,EMP00835,,Piloto Copiloto,Permiso Sin Goce,2024-07-25,2024-07-27,2,1
ABS000971,EMP00228,SCL,Tripulante Cabina,Licencia Medica,2022-08-29,2022-09-23,25,1
ABS000972,EMP00199,MIA,Tripulante Cabina Senior,Vacaciones,2023-07-15,2023-08-02,18,1
ABS000973,EMP01143,EZE,Tripulante Cabina,Licencia Medica,2022-04-01,2022-04-20,19,1
ABS000974,EMP01781,MIA,Piloto Copiloto,Vacaciones,2022-10-11,2022-10-20,9,1
ABS000975,EMP00592,BOG,Tripulante Cabina,Licencia Medica,2023-06-17,2023-07-16,29,1
ABS000976,EMP00262,SCL,Tripulante Cabina,Vacaciones,2022-12-12,2022-12-21,9,1
ABS000977,EMP00917,EZE,Tripulante Cabina,Vacaciones,2024-01-16,2024-02-01,16,1
ABS000978,EMP00916,SCL,Tripulante Cabina Senior,Capacitacion,2023-08-02,,3,1
ABS000979,EMP00639,BOG,Piloto Copiloto,Vacaciones,2022-01-15,2022-02-03,19,1
ABS000980,EMP00114,BOG,Piloto Copiloto,Licencia Medica,2024-01-06,2024-01-22,16,0
ABS000981,EMP01381,SCL,Tripulante Cabina,Permiso Sin Goce,2022-06-19,2022-06-21,2,
ABS000982,EMP00678,BOG,Agente Check-in,Licencia Medica,2023-03-21,2023-03-25,4,1
ABS000983,EMP01104,LIM,Supervisor Operaciones,Licencia Medica,2022-01-17,2022-02-11,25,1
ABS000984,EMP00707,SCL,Tecnico Mantencion,Vacaciones,2023-03-18,2023-04-02,15,1
ABS000985,EMP00900,MAD,Tripulante Cabina Senior,Permiso Sin Goce,2024-07-14,2024-07-18,4,1
ABS000986,EMP00338,EZE,Piloto Comandante,Capacitacion,2023-11-03,2023-11-06,3,1
ABS000987,EMP00390,JFK,Agente Check-in,Vacaciones,2024-12-19,2024-12-29,10,1
ABS000988,EMP01491,SCL,Supervisor Operaciones,Vacaciones,2022-06-03,2022-06-15,12,1
ABS000989,EMP00335,SCL,Administrativo,Licencia Medica,2023-06-04,2023-07-03,29,1
ABS000990,EMP00264,EZE,Tripulante Cabina,Ausencia Injustificada,2024-06-10,2024-06-16,6,1
ABS000991,EMP01478,GRU,Administrativo,Licencia Medica,2023-03-03,2023-03-09,6,1
ABS000992,EMP01496,EZE,Piloto Copiloto,Accidente Laboral,2022-01-31,2022-02-08,8,1
ABS000993,EMP00048,MIA,Ground Staff,Permiso Sin Goce,2024-04-21,2024-04-29,8,1
ABS000994,EMP01237,LIM,Tripulante Cabina,Vacaciones,2024-03-01,2024-03-19,18,1
ABS000995,EMP00802,GRU,Ground Staff,Licencia Medica,2022-07-16,2022-08-13,28,
ABS000996,EMP00482,LIM,Tripulante Cabina Senior,Accidente Laboral,2024-05-07,2024-05-09,2,1
ABS000997,EMP00609,SCL,Piloto Copiloto,Accidente Laboral,2024-07-20,2024-07-28,8,1
ABS000998,EMP01390,SCL,Tripulante Cabina Senior,Permiso Sin Goce,2024-01-29,2024-02-07,9,1
ABS000999,EMP00709,SCL,Supervisor Operaciones,Licencia Medica,2023-01-14,2023-01-28,14,1
ABS001000,EMP00762,GRU,Seguridad,Licencia Medica,2024-07-10,2024-07-31,21,1
ABS001001,EMP01985,LIM,Administrativo,Vacaciones,2022-11-29,2022-12-14,15,1
ABS001002,EMP00296,SCL,Tecnico Mantencion,Vacaciones,2023-08-26,2023-09-11,16,1
ABS001003,EMP00976,GRU,Tripulante Cabina Senior,Licencia Medica,2024-10-27,2024-11-05,9,
ABS001004,EMP01614,BOG,Tripulante Cabina,Vacaciones,2022-10-04,2022-10-23,19,1
ABS001005,EMP01127,GRU,Tripulante Cabina,Vacaciones,2023-03-09,,14,
ABS001006,EMP00266,BOG,Ground Staff,Vacaciones,2023-01-03,2023-01-22,19,1
ABS001007,EMP00826,SCL,Piloto Copiloto,Vacaciones,2024-07-17,2024-07-24,7,1
ABS001008,EMP01779,GRU,Ground Staff,Licencia Medica,2024-07-28,2024-08-22,25,1
ABS001009,EMP01526,GRU,Piloto Copiloto,Licencia Medica,2023-09-23,2023-09-30,7,1
ABS001010,EMP01615,SCL,Agente Check-in,Vacaciones,2023-01-04,2023-01-23,19,1
ABS001011,EMP01379,SCL,Piloto Copiloto,Licencia Medica,2023-02-04,2023-03-05,29,
ABS001012,EMP01196,EZE,Piloto Comandante,Licencia Medica,2023-09-18,2023-10-10,22,1
ABS001013,EMP00378,GRU,Ground Staff,Vacaciones,2023-01-31,2023-02-19,19,1
ABS001014,EMP00641,GRU,Ground Staff,Permiso Sin Goce,2024-01-01,2024-01-09,8,1
ABS001015,EMP00772,GRU,Ground Staff,Capacitacion,2024-04-19,2024-04-24,5,0
ABS001016,EMP01191,BOG,Agente Check-in,Vacaciones,2024-07-31,2024-08-09,9,1
ABS001017,EMP01668,SCL,Ground Staff,Accidente Laboral,2024-11-15,2024-11-18,3,1
ABS001018,EMP01306,LIM,Tripulante Cabina,Vacaciones,2023-05-12,2023-05-19,7,1
ABS001019,EMP01158,BOG,Ground Staff,Ausencia Injustificada,2023-01-11,2023-01-19,8,1
ABS001020,EMP01426,EZE,Tripulante Cabina Senior,Licencia Medica,2023-10-13,2023-10-26,13,1
ABS001021,EMP00192,GRU,Piloto Comandante,Permiso Sin Goce,2022-02-12,2022-02-14,2,1
ABS001022,EMP00025,GRU,Supervisor Operaciones,Vacaciones,2022-04-20,2022-05-08,18,1
ABS001023,EMP00774,SCL,Tripulante Cabina Senior,Licencia Medica,2022-08-15,2022-08-19,4,1
ABS001024,EMP00417,SCL,Seguridad,Vacaciones,2022-08-30,2022-09-09,10,1
ABS001025,EMP00518,SCL,Piloto Comandante,Capacitacion,2024-09-29,2024-10-01,2,1
ABS001026,EMP00972,SCL,Tripulante Cabina,Permiso Sin Goce,2022-07-08,2022-07-12,4,1
ABS001027,EMP00777,GRU,Piloto Comandante,Capacitacion,2022-07-19,2022-07-20,1,1
ABS001028,EMP00785,EZE,Tripulante Cabina Senior,Licencia Medica,2024-12-23,2025-01-22,30,1
ABS001029,EMP00041,BOG,Tripulante Cabina,Capacitacion,2022-07-20,2022-07-23,3,1
ABS001030,EMP00567,JFK,Piloto Comandante,Ausencia Injustificada,2022-01-22,2022-01-25,3,1
ABS001031,EMP01557,BOG,Tripulante Cabina,Licencia Medica,2023-10-26,2023-11-22,27,1
ABS001032,EMP01043,GRU,Tripulante Cabina Senior,Licencia Medica,2023-10-08,2023-11-01,24,
ABS001033,EMP00008,EZE,Piloto Copiloto,Vacaciones,2023-02-09,2023-02-16,7,1
ABS001034,EMP01197,LIM,Tripulante Cabina,Licencia Medica,2023-03-08,2023-03-19,11,1
ABS001035,EMP00422,LIM,Agente Check-in,Vacaciones,2024-07-23,2024-08-12,20,0
ABS001036,EMP01562,MAD,Tripulante Cabina Senior,Licencia Medica,2023-01-20,2023-01-29,9,1
ABS001037,EMP00729,GRU,Ground Staff,Permiso Sin Goce,2022-08-19,2022-08-27,8,
ABS001038,EMP01377,SCL,Tripulante Cabina,Licencia Medica,2024-10-05,2024-10-13,8,1
ABS001039,EMP00879,MIA,Tripulante Cabina Senior,Licencia Medica,2022-04-06,2022-05-05,29,1
ABS001040,EMP01303,LIM,Ground Staff,Permiso Sin Goce,2022-10-26,2022-10-29,3,1
ABS001041,EMP00785,BOG,Tripulante Cabina,Licencia Medica,2024-05-18,2024-05-22,4,1
ABS001042,EMP01869,MIA,Administrativo,Vacaciones,2023-01-28,2023-02-13,16,
ABS001043,EMP01738,SCL,Agente Check-in,Accidente Laboral,2024-01-03,2024-01-12,9,0
ABS001044,EMP01092,SCL,Tripulante Cabina Senior,Vacaciones,2024-07-20,2024-07-28,8,1
ABS001045,EMP01329,SCL,Administrativo,Licencia Medica,2022-04-22,2022-05-12,20,0
ABS001046,EMP01702,SCL,Tecnico Mantencion,Vacaciones,2024-07-15,2024-08-02,18,1
ABS001047,EMP00006,EZE,Tripulante Cabina Senior,Permiso Sin Goce,2023-02-21,2023-02-26,5,1
ABS001048,EMP00787,BOG,Agente Check-in,Accidente Laboral,2024-06-08,2024-06-14,6,1
ABS001049,EMP00258,LIM,Piloto Comandante,Licencia Medica,2022-05-23,2022-06-16,24,1
ABS001050,EMP00273,MAD,Supervisor Operaciones,Ausencia Injustificada,2023-10-06,2023-10-12,,1
ABS001051,EMP01319,MAD,Piloto Comandante,Accidente Laboral,2022-01-22,2022-01-27,5,1
ABS001052,EMP00657,GRU,Ground Staff,Licencia Medica,2024-05-19,2024-06-14,26,1
ABS001053,EMP01267,MIA,Tripulante Cabina Senior,Vacaciones,2023-01-26,2023-02-07,12,1
ABS001054,EMP01178,MAD,Ground Staff,Vacaciones,2022-03-11,2022-03-23,12,1
ABS001055,EMP00593,LIM,Piloto Copiloto,Vacaciones,2023-06-23,2023-07-11,18,1
ABS001056,EMP00780,SCL,Piloto Comandante,Accidente Laboral,2022-01-25,2022-01-28,3,0
ABS001057,EMP01412,MAD,Supervisor Operaciones,Vacaciones,2023-07-31,2023-08-09,9,1
ABS001058,EMP00925,BOG,Ground Staff,Vacaciones,2022-09-11,2022-09-22,11,1
ABS001059,EMP00313,LIM,Agente Check-in,Capacitacion,2024-01-09,2024-01-10,1,1
ABS001060,EMP00335,GRU,Piloto Comandante,Permiso Sin Goce,2024-07-12,2024-07-16,4,1
ABS001061,EMP00594,MAD,Tripulante Cabina,Capacitacion,2023-06-28,2023-06-30,2,0
ABS001062,EMP00371,MIA,Tripulante Cabina,Capacitacion,2022-12-24,2022-12-27,3,1
ABS001063,EMP00251,LIM,Tripulante Cabina,Vacaciones,2023-01-22,2023-02-08,17,1
ABS001064,EMP00693,MIA,Supervisor Operaciones,Capacitacion,2023-01-22,2023-01-27,5,1
ABS001065,EMP01839,GRU,Tripulante Cabina Senior,Permiso Sin Goce,2023-07-11,2023-07-13,2,1
ABS001066,EMP00838,BOG,Piloto Copiloto,Licencia Medica,2024-04-26,2024-05-24,28,1
ABS001067,EMP00363,GRU,Tripulante Cabina,Capacitacion,2022-05-01,2022-05-02,1,1
ABS001068,EMP00241,LIM,Tripulante Cabina,Licencia Medica,2022-11-06,2022-11-28,22,1
ABS001069,EMP01796,GRU,Seguridad,Vacaciones,2023-01-12,2023-01-26,14,1
ABS001070,EMP01850,GRU,Ground Staff,Vacaciones,2022-02-06,,14,1
ABS001071,EMP01508,EZE,Piloto Comandante,Vacaciones,2022-01-22,2022-01-29,7,0
ABS001072,EMP01676,SCL,Agente Check-in,Licencia Medica,2023-02-18,2023-03-13,23,1
ABS001073,EMP01700,MIA,Agente Check-in,Vacaciones,2023-01-20,2023-01-31,11,1
ABS001074,EMP00332,SCL,Tripulante Cabina Senior,Vacaciones,2023-02-11,2023-02-18,7,1
ABS001075,EMP01792,LIM,Tripulante Cabina,Capacitacion,2024-04-27,2024-04-29,2,0
ABS001076,EMP01294,JFK,Administrativo,Licencia Medica,2023-11-18,2023-12-17,29,1
ABS001077,EMP01375,EZE,Supervisor Operaciones,Licencia Medica,2023-12-07,2023-12-25,18,1
ABS001078,EMP00080,SCL,Agente Check-in,Permiso Sin Goce,2022-10-07,2022-10-10,3,1
ABS001079,EMP01615,MIA,Administrativo,Vacaciones,2022-01-01,2022-01-09,8,1
ABS001080,EMP01688,BOG,Tecnico Mantencion,Permiso Sin Goce,2024-04-03,2024-04-04,1,0
ABS001081,EMP00377,BOG,Piloto Copiloto,Vacaciones,2023-03-19,2023-03-27,8,1
ABS001082,EMP01663,SCL,Tripulante Cabina,Capacitacion,2022-02-26,2022-03-01,3,1
ABS001083,EMP00879,BOG,Tripulante Cabina Senior,Vacaciones,2024-07-10,2024-07-24,14,1
ABS001084,EMP00461,BOG,Tripulante Cabina Senior,Licencia Medica,2024-01-29,2024-02-27,29,1
ABS001085,EMP01151,BOG,Agente Check-in,Licencia Medica,2022-01-26,2022-02-13,18,1
ABS001086,EMP01269,GRU,Supervisor Operaciones,Licencia Medica,2022-02-22,2022-03-01,7,0
ABS001087,EMP00793,BOG,Ground Staff,Licencia Medica,2023-07-12,2023-07-18,6,
ABS001088,EMP00135,EZE,Piloto Copiloto,Licencia Medica,2022-01-25,2022-02-01,7,1
ABS001089,EMP00017,SCL,Ground Staff,Capacitacion,2023-01-16,2023-01-17,1,0
ABS001090,EMP01169,SCL,Tripulante Cabina Senior,Licencia Medica,2022-07-02,2022-07-08,6,1
ABS001091,EMP01033,BOG,Ground Staff,Vacaciones,2024-01-12,2024-01-21,9,1
ABS001092,EMP01532,SCL,Tripulante Cabina Senior,Vacaciones,2024-08-02,2024-08-12,10,
ABS001093,EMP01989,LIM,Tripulante Cabina,Permiso Sin Goce,2024-01-06,2024-01-10,,1
ABS001094,EMP01105,SCL,Piloto Comandante,Vacaciones,2024-08-30,,13,0
ABS001095,EMP00324,MIA,Tecnico Mantencion,Licencia Medica,2022-05-29,2022-06-28,30,1
ABS001096,EMP00926,LIM,Tripulante Cabina,Permiso Sin Goce,2022-03-04,2022-03-14,10,
ABS001097,EMP01278,LIM,Tripulante Cabina Senior,Licencia Medica,2023-01-21,2023-02-03,13,1
ABS001098,EMP01755,SCL,Tripulante Cabina Senior,Permiso Sin Goce,2022-01-13,2022-01-19,6,0
ABS001099,EMP00831,SCL,Ground Staff,Licencia Medica,2023-07-23,2023-07-27,4,
ABS001100,EMP01297,EZE,Supervisor Operaciones,Licencia Medica,2024-08-22,2024-09-09,18,1
ABS001101,EMP01232,GRU,Tecnico Mantencion,Licencia Medica,2022-02-11,2022-03-12,29,1
ABS001102,EMP01996,MIA,Tripulante Cabina Senior,Licencia Medica,2022-04-15,2022-05-03,18,
ABS001103,EMP00049,GRU,Ground Staff,Licencia Medica,2022-02-12,2022-02-25,,1
ABS001104,EMP00098,LIM,Supervisor Operaciones,Licencia Medica,2024-01-07,2024-01-30,23,1
ABS001105,EMP01356,JFK,Agente Check-in,Permiso Sin Goce,2024-01-15,2024-01-25,10,1
ABS001106,EMP01164,EZE,Piloto Copiloto,Licencia Medica,2023-11-18,2023-11-23,5,
ABS001107,EMP01972,MAD,Piloto Comandante,Licencia Medica,2024-01-04,2024-01-31,27,0
ABS001108,EMP01203,SCL,Piloto Comandante,Vacaciones,2022-03-15,,18,1
ABS001109,EMP01761,LIM,Tripulante Cabina,Licencia Medica,2023-06-09,2023-06-19,10,1
ABS001110,EMP00488,BOG,Piloto Copiloto,Licencia Medica,2023-01-12,2023-01-22,10,1
ABS001111,EMP00228,GRU,Tecnico Mantencion,Vacaciones,2022-01-01,2022-01-10,9,1
ABS001112,EMP01051,LIM,Tripulante Cabina Senior,Licencia Medica,2024-10-14,2024-10-25,11,0
ABS001113,EMP01796,LIM,Piloto Comandante,Licencia Medica,2023-04-29,2023-05-14,15,1
ABS001114,EMP00412,LIM,Piloto Copiloto,Vacaciones,2024-06-16,2024-07-02,16,1
ABS001115,EMP01158,LIM,Agente Check-in,Licencia Medica,2022-04-06,2022-04-30,24,1
ABS001116,EMP00251,EZE,Ground Staff,Vacaciones,2023-04-08,2023-04-26,18,1
ABS001117,EMP01504,SCL,Tripulante Cabina Senior,Vacaciones,2023-10-26,2023-11-11,16,1
ABS001118,EMP00389,SCL,Tripulante Cabina Senior,Vacaciones,2024-05-13,2024-05-23,10,1
ABS001119,EMP01883,GRU,Agente Check-in,Permiso Sin Goce,2022-12-20,2022-12-26,6,1
ABS001120,EMP00009,MIA,Tripulante Cabina,Licencia Medica,2022-06-12,2022-06-29,17,1
ABS001121,EMP00807,LIM,Supervisor Operaciones,Vacaciones,2024-02-16,2024-03-05,18,1
ABS001122,EMP01625,SCL,Tripulante Cabina,Licencia Medica,2022-11-09,2022-12-04,25,1
ABS001123,EMP00406,LIM,Tripulante Cabina,Accidente Laboral,2024-10-22,2024-10-27,5,0
ABS001124,EMP00336,EZE,Ground Staff,Vacaciones,2023-07-05,2023-07-24,19,1
ABS001125,EMP01424,LIM,Ground Staff,Licencia Medica,2022-07-25,2022-08-22,28,1
ABS001126,EMP01220,SCL,Tripulante Cabina,Licencia Medica,2022-01-14,2022-01-16,2,1
ABS001127,EMP00033,LIM,Ground Staff,Capacitacion,2022-01-05,2022-01-08,3,1
ABS001128,EMP01016,SCL,Piloto Copiloto,Licencia Medica,2022-02-12,2022-02-25,13,1
ABS001129,EMP00242,SCL,Supervisor Operaciones,Accidente Laboral,2022-09-30,2022-10-02,2,
ABS001130,EMP00036,JFK,Tripulante Cabina Senior,Licencia Medica,2024-04-17,2024-05-16,29,1
ABS001131,EMP00802,GRU,Agente Check-in,Licencia Medica,2024-02-25,2024-03-22,26,1
ABS001132,EMP01451,EZE,Tripulante Cabina Senior,Permiso Sin Goce,2022-08-30,2022-09-05,6,1
ABS001133,EMP00557,EZE,Piloto Comandante,Permiso Sin Goce,2023-09-16,2023-09-19,3,1
ABS001134,EMP00521,SCL,Ground Staff,Licencia Medica,2023-01-19,2023-02-18,30,1
ABS001135,EMP00907,EZE,Agente Check-in,Licencia Medica,2024-12-19,2025-01-15,27,1
ABS001136,EMP00970,EZE,Tecnico Mantencion,Vacaciones,2023-01-15,2023-01-31,16,1
ABS001137,EMP01342,SCL,Tripulante Cabina,Licencia Medica,2024-01-22,2024-02-16,25,1
ABS001138,EMP01373,LIM,Tripulante Cabina,Permiso Sin Goce,2024-07-29,2024-08-08,10,1
ABS001139,EMP00688,MAD,Tripulante Cabina Senior,Licencia Medica,2022-08-31,2022-09-29,29,1
ABS001140,EMP00017,MIA,Tripulante Cabina,Licencia Medica,2023-03-31,2023-04-10,10,1
ABS001141,EMP00820,SCL,Tecnico Mantencion,Licencia Medica,2023-01-08,2023-01-16,8,1
ABS001142,EMP01800,BOG,Supervisor Operaciones,Capacitacion,2024-01-19,,1,1
ABS001143,EMP00558,MIA,Supervisor Operaciones,Vacaciones,2022-11-21,2022-12-07,16,1
ABS001144,EMP01694,LIM,Ground Staff,Accidente Laboral,2024-05-30,2024-06-06,7,1
ABS001145,EMP01610,LIM,Piloto Copiloto,Vacaciones,2023-07-24,2023-08-04,11,
ABS001146,EMP01465,MAD,Tripulante Cabina,Vacaciones,2022-12-30,2023-01-14,15,1
ABS001147,EMP01163,EZE,Tripulante Cabina Senior,Licencia Medica,2023-04-07,2023-05-07,30,1
ABS001148,EMP00372,JFK,Agente Check-in,Licencia Medica,2024-02-17,2024-03-08,20,1
ABS001149,EMP01604,MAD,Tripulante Cabina Senior,Licencia Medica,2024-07-10,2024-07-18,8,1
ABS001150,EMP00486,LIM,Ground Staff,Permiso Sin Goce,2024-12-03,2024-12-12,9,1
ABS001151,EMP00221,MIA,Supervisor Operaciones,Vacaciones,2022-07-11,2022-07-21,10,
ABS001152,EMP01981,SCL,Ground Staff,Vacaciones,2023-10-23,2023-11-05,13,1
ABS001153,EMP00866,EZE,Tripulante Cabina Senior,Accidente Laboral,2022-12-16,2022-12-20,4,1
ABS001154,EMP01717,GRU,Tripulante Cabina,Ausencia Injustificada,2023-07-14,2023-07-15,1,
ABS001155,EMP00715,LIM,Ground Staff,Permiso Sin Goce,2023-07-18,2023-07-20,,1
ABS001156,EMP01317,LIM,Piloto Copiloto,Vacaciones,2022-11-24,2022-12-07,13,
ABS001157,EMP01343,GRU,Agente Check-in,Licencia Medica,2023-01-14,2023-02-05,22,1
ABS001158,EMP01837,SCL,Agente Check-in,Capacitacion,2023-01-17,2023-01-21,4,1
ABS001159,EMP01360,BOG,Ground Staff,Licencia Medica,2024-02-16,2024-03-14,27,1
ABS001160,EMP00213,MIA,Ground Staff,Vacaciones,2024-02-08,2024-02-29,21,1
ABS001161,EMP00121,SCL,Supervisor Operaciones,Licencia Medica,2024-10-18,2024-10-22,4,1
ABS001162,EMP01319,LIM,Administrativo,Permiso Sin Goce,2023-12-03,2023-12-08,5,1
ABS001163,EMP00002,GRU,Piloto Comandante,Vacaciones,2023-01-30,2023-02-07,8,1
ABS001164,EMP01315,BOG,Agente Check-in,Licencia Medica,2022-04-18,2022-04-25,7,1
ABS001165,EMP01310,GRU,Ground Staff,Ausencia Injustificada,2023-03-02,2023-03-12,10,1
ABS001166,EMP00870,SCL,Piloto Comandante,Licencia Medica,2022-05-09,2022-05-25,16,1
ABS001167,EMP01234,SCL,Tripulante Cabina Senior,Capacitacion,2023-12-05,2023-12-07,2,1
ABS001168,EMP01696,SCL,Seguridad,Capacitacion,2023-07-07,2023-07-11,4,0
ABS001169,EMP00215,SCL,Tecnico Mantencion,Accidente Laboral,2022-01-16,2022-01-19,3,1
ABS001170,EMP01760,SCL,Piloto Comandante,Permiso Sin Goce,2022-08-28,2022-08-31,3,1
ABS001171,EMP00718,SCL,Tripulante Cabina,Licencia Medica,2022-12-07,2022-12-24,17,1
ABS001172,EMP01272,GRU,Ground,Capacitacion,2024-07-27,2024-07-30,3,1
ABS001173,EMP01481,GRU,Supervisor Operaciones,Permiso Sin Goce,2022-07-29,2022-08-03,5,1
ABS001174,EMP01569,GRU,Piloto Comandante,Licencia Medica,2024-01-03,2024-01-16,13,1
ABS001175,EMP01284,GRU,Agente Check-in,Permiso Sin Goce,2022-07-11,2022-07-19,8,1
ABS001176,EMP01089,lima,Seguridad,Vacaciones,2023-07-28,2023-08-18,21,1
ABS001177,EMP00649,EZE,Agente Check-in,Licencia Medica,2024-01-01,2024-01-28,27,1
ABS001178,EMP00757,GRU,Tripulante Cabina,Accidente Laboral,2024-02-19,2024-02-28,9,1
ABS001179,EMP00621,EZE,Ground Staff,Accidente Laboral,2022-07-08,2022-07-18,10,1
ABS001180,EMP00691,BOG,Piloto Comandante,Capacitacion,2023-06-28,2023-07-02,4,1
ABS001181,EMP00246,BOG,Seguridad,Vacaciones,2023-01-17,2023-01-30,13,1
ABS001182,EMP01167,MIA,Agente Check-in,Permiso Sin Goce,2023-03-07,2023-03-11,4,1
ABS001183,EMP00032,EZE,Tripulante Cabina,Licencia Medica,2022-08-24,2022-09-16,23,1
ABS001184,EMP01024,EZE,Tripulante Cabina,Capacitacion,2023-06-04,,4,1
ABS001185,EMP00158,LIM,Tripulante Cabina,Licencia Medica,2022-01-06,2022-01-27,21,1
ABS001186,EMP01220,BOG,Tripulante Cabina,Vacaciones,2024-01-02,2024-01-14,12,1
ABS001187,EMP00271,LIM,Piloto Copiloto,Vacaciones,2022-07-02,2022-07-20,18,1
ABS001188,EMP01034,SCL,Administrativo,Licencia Medica,2023-01-01,2023-01-04,3,1
ABS001189,EMP01933,MIA,Tripulante Cabina,Licencia Medica,2023-07-04,2023-07-23,,1
ABS001190,EMP01271,GRU,Piloto Comandante,Capacitacion,2024-07-01,2024-07-04,3,1
ABS001191,EMP01752,SCL,Tripulante Cabina,Accidente Laboral,2022-07-07,,6,1
ABS001192,EMP01945,LIM,Tripulante Cabina,Vacaciones,2024-06-29,2024-07-08,9,1
ABS001193,EMP01687,SCL,Ground Staff,Licencia Medica,2022-07-26,2022-08-24,29,1
ABS001194,EMP01419,EZE,Tecnico Mantencion,Vacaciones,2022-02-01,2022-02-20,19,1
ABS001195,EMP00879,SCL,Tecnico Mantencion,Capacitacion,2022-07-25,2022-07-26,1,
ABS001196,EMP01421,EZE,Tripulante Cabina Senior,Vacaciones,2022-01-07,2022-01-21,14,1
ABS001197,EMP01946,BOG,Tripulante Cabina,Vacaciones,2022-07-31,2022-08-20,20,1
ABS001198,EMP01893,GRU,Agente Check-in,Capacitacion,2023-10-19,2023-10-20,1,1
ABS001199,EMP01369,BOG,Piloto Copiloto,Licencia Medica,2024-01-05,2024-01-15,10,1
ABS001200,EMP00981,LIM,Tripulante Cabina Senior,Accidente Laboral,2022-04-05,2022-04-06,1,1
ABS001201,EMP00751,LIM,Agente Check-in,Vacaciones,2022-11-25,2022-12-04,9,1
ABS001202,EMP00975,BOG,Supervisor Operaciones,Permiso Sin Goce,2024-07-17,2024-07-19,2,0
ABS001203,EMP00507,SCL,Ground Staff,Licencia Medica,2024-09-09,,,1
ABS001204,EMP01565,LIM,Tecnico Mantencion,Licencia Medica,2023-12-02,2023-12-23,21,1
ABS001205,EMP00693,MIA,Tripulante Cabina,Licencia Medica,2022-07-18,2022-08-13,26,1
ABS001206,EMP00961,BOG,Agente Check-in,Vacaciones,2022-03-17,2022-03-27,10,1
ABS001207,EMP00341,MIA,Tripulante Cabina Senior,Licencia Medica,2024-01-09,2024-02-03,25,1
ABS001208,EMP01593,GRU,Agente Check-in,Permiso Sin Goce,2023-10-08,2023-10-11,3,1
ABS001209,EMP00667,JFK,Supervisor Operaciones,Capacitacion,2024-01-27,2024-01-31,4,1
ABS001210,EMP00991,GRU,Tecnico Mantencion,Capacitacion,2022-07-30,2022-07-31,1,1
ABS001211,EMP00315,SCL,Tripulante Cabina,Licencia Medica,2023-01-08,2023-01-09,1,1
ABS001212,EMP01014,GRU,Tripulante Cabina,Vacaciones,2023-07-09,2023-07-19,10,1
ABS001213,EMP01377,EZE,Tripulante Cabina,Accidente Laboral,2024-07-20,2024-07-22,2,1
ABS001214,EMP00481,BOG,Tripulante Cabina,Capacitacion,2022-02-18,,5,1
ABS001215,EMP00910,EZE,Tripulante Cabina Senior,Licencia Medica,2023-11-07,2023-12-05,28,1
ABS001216,EMP00542,BOG,Tripulante Cabina Senior,Permiso Sin Goce,2023-07-13,2023-07-14,1,0
ABS001217,EMP01740,MIA,Tripulante Cabina Senior,Permiso Sin Goce,2023-01-20,2023-01-27,7,0
ABS001218,EMP00968,BOG,Agente Check-in,Vacaciones,2023-07-21,2023-08-08,18,0
ABS001219,EMP00874,GRU,Tripulante Cabina,Vacaciones,2023-10-14,2023-10-29,15,1
ABS001220,EMP00356,BOG,Administrativo,Licencia Medica,2024-07-26,2024-08-01,6,1
ABS001221,EMP01152,GRU,Piloto Copiloto,Accidente Laboral,2022-03-24,2022-03-26,2,1
ABS001222,EMP00940,BOG,Supervisor Operaciones,Permiso Sin Goce,2022-07-14,2022-07-17,3,0
ABS001223,EMP01890,GRU,Supervisor Operaciones,Permiso Sin Goce,2023-11-16,2023-11-20,4,1
ABS001224,EMP00655,EZE,Tripulante Cabina Senior,Ausencia Injustificada,2022-11-15,2022-11-20,5,1
ABS001225,EMP01660,GRU,Tripulante Cabina Senior,Vacaciones,2022-10-01,2022-10-20,19,1
ABS001226,EMP00688,SCL,Tripulante Cabina Senior,Licencia Medica,2024-08-16,,9,1
ABS001227,EMP01316,LIM,Agente Check-in,Licencia Medica,2022-07-07,2022-07-15,8,1
ABS001228,EMP01654,SCL,Piloto Comandante,Permiso Sin Goce,2022-06-18,2022-06-19,1,1
ABS001229,EMP01858,BOG,Ground Staff,Permiso Sin Goce,2024-08-06,2024-08-14,8,1
ABS001230,EMP00496,BOG,Tecnico Mantencion,Vacaciones,2022-07-26,2022-08-16,21,1
ABS001231,EMP00880,SCL,Tripulante Cabina Senior,Permiso Sin Goce,2024-01-15,2024-01-23,8,1
ABS001232,EMP00988,SCL,Ground Staff,Permiso Sin Goce,2024-01-14,2024-01-21,7,1
ABS001233,EMP00359,GRU,Administrativo,Capacitacion,2023-08-19,2023-08-20,1,1
ABS001234,EMP01561,LIM,Supervisor Operaciones,Licencia Medica,2022-06-15,2022-06-24,9,1
ABS001235,EMP01834,SCL,Tripulante Cabina Senior,Ausencia Injustificada,2023-07-30,2023-08-08,9,1
ABS001236,EMP00497,EZE,Tripulante Cabina Senior,Capacitacion,2023-11-02,2023-11-06,4,1
ABS001237,EMP01459,BOG,Tripulante Cabina,Vacaciones,2024-10-03,2024-10-20,17,1
ABS001238,EMP00810,JFK,Ground Staff,Licencia Medica,2023-12-21,2024-01-02,12,1
ABS001239,EMP00881,LIM,Administrativo,Licencia Medica,2024-11-14,2024-11-16,2,1
ABS001240,EMP01271,MIA,Tripulante Cabina Senior,Vacaciones,2022-07-28,2022-08-17,20,1
ABS001241,EMP01521,BOG,Piloto Copiloto,Licencia Medica,2023-01-04,2023-01-07,3,1
ABS001242,EMP00143,SCL,Piloto Copiloto,Licencia Medica,2022-01-21,2022-02-18,28,1
ABS001243,EMP01185,BOG,Agente Check-in,Permiso Sin Goce,2022-03-01,2022-03-08,7,
ABS001244,EMP01705,SCL,Ground Staff,Vacaciones,2023-01-13,2023-02-01,19,1
ABS001245,EMP01939,GRU,Administrativo,Vacaciones,2024-10-29,2024-11-18,20,1
ABS001246,EMP00706,EZE,Supervisor Operaciones,Licencia Medica,2022-01-31,2022-02-14,14,
ABS001247,EMP01285,EZE,Piloto Comandante,Licencia Medica,2023-01-16,2023-02-03,18,1
ABS001248,EMP01566,JFK,Tripulante Cabina Senior,Licencia Medica,2022-12-14,2022-12-28,14,1
ABS001249,EMP01008,EZE,Administrativo,Vacaciones,2024-06-01,2024-06-20,19,1
ABS001250,EMP01407,SCL,Piloto Copiloto,Capacitacion,2022-07-22,2022-07-24,2,1
ABS001251,EMP00068,SCL,Tripulante Cabina,Permiso Sin Goce,2024-07-28,,4,1
ABS001252,EMP01181,BOG,Tripulante Cabina,Licencia Medica,2023-03-14,2023-03-25,11,0
ABS001253,EMP00715,SCL,Tripulante Cabina,Accidente Laboral,2022-01-06,2022-01-10,4,1
ABS001254,EMP01765,MIA,Agente Check-in,Licencia Medica,2024-01-25,2024-01-31,,1
ABS001255,EMP00995,SCL,Piloto Comandante,Licencia Medica,2024-01-10,2024-01-16,6,1
ABS001256,EMP00875,SCL,Piloto Comandante,Vacaciones,2022-01-21,2022-01-29,8,1
ABS001257,EMP00314,lima,Piloto Copiloto,Permiso Sin Goce,2023-07-12,2023-07-18,6,1
ABS001258,EMP00562,GRU,Supervisor Operaciones,Licencia Medica,2022-08-08,2022-08-27,19,1
ABS001259,EMP00226,SCL,Ground Staff,Capacitacion,2024-12-15,2024-12-17,2,1
ABS001260,EMP00056,BOG,Piloto Comandante,Licencia Medica,2022-07-30,2022-08-25,26,1
ABS001261,EMP00372,BOG,Ground Staff,Capacitacion,2024-10-09,2024-10-11,2,1
ABS001262,EMP00175,GRU,Tripulante Cabina Senior,Capacitacion,2022-10-30,2022-11-01,2,1
ABS001263,EMP01095,BOG,Administrativo,Licencia Medica,2023-10-25,2023-11-15,,1
ABS001264,EMP01765,GRU,Piloto Copiloto,Permiso Sin Goce,2024-07-27,2024-07-29,2,1
ABS001265,EMP00808,LIM,Tripulante Cabina Senior,Permiso Sin Goce,2024-10-20,2024-10-27,7,1
ABS001266,EMP00637,SCL,Tripulante Cabina,Licencia Medica,2022-01-04,2022-01-14,10,1
ABS001267,EMP00201,MIA,Tripulante Cabina Senior,Vacaciones,2023-05-31,2023-06-12,12,1
ABS001268,EMP01460,MIA,Supervisor Operaciones,Accidente Laboral,2022-01-17,2022-01-23,6,1
ABS001269,EMP00544,GRU,Tecnico Mantencion,Permiso Sin Goce,2023-01-27,2023-02-02,6,0
ABS001270,EMP00282,GRU,Ground Staff,Licencia Medica,2023-07-23,2023-08-17,25,1
ABS001271,EMP01274,SCL,Piloto Copiloto,Ausencia Injustificada,2023-08-15,2023-08-17,2,1
ABS001272,EMP00258,LIM,Tripulante Cabina Senior,Ausencia Injustificada,2023-09-15,2023-09-20,5,1
ABS001273,EMP01876,GRU,Tripulante Cabina Senior,Vacaciones,2022-05-06,2022-05-17,11,1
ABS001274,EMP00357,GRU,Piloto Copiloto,Capacitacion,2023-07-18,2023-07-20,2,1
ABS001275,EMP00723,LIM,Ground Staff,Licencia Medica,2024-08-08,2024-09-02,25,1
ABS001276,EMP00731,LIM,Ground Staff,Permiso Sin Goce,2022-11-11,2022-11-15,4,1
ABS001277,EMP00807,BOG,Supervisor Operaciones,Vacaciones,2024-04-04,2024-04-18,14,1
ABS001278,EMP01391,SCL,Piloto Copiloto,Vacaciones,2024-01-13,2024-01-23,10,1
ABS001279,EMP00747,SCL,Piloto Copiloto,Accidente Laboral,2024-01-16,2024-01-20,4,1
ABS001280,EMP00375,EZE,Piloto Comandante,Licencia Medica,2024-01-15,2024-02-07,23,1
ABS001281,EMP01109,GRU,Supervisor Operaciones,Permiso Sin Goce,2024-07-14,2024-07-23,9,0
ABS001282,EMP01905,GRU,Piloto Comandante,Vacaciones,2023-10-16,2023-10-30,14,1
ABS001283,EMP00979,BOG,Ground Staff,Vacaciones,2024-01-30,2024-02-11,12,1
ABS001284,EMP01326,LIM,Piloto Copiloto,Licencia Medica,2022-01-10,2022-01-22,12,1
ABS001285,EMP01516,BOG,Piloto Comandante,Licencia Medica,2023-10-19,2023-10-26,7,1
ABS001286,EMP00735,BOG,Tripulante Cabina,Licencia Medica,2022-01-11,2022-01-22,11,1
ABS001287,EMP01441,SCL,Agente Check-in,Licencia Medica,2023-07-19,2023-08-16,28,1
ABS001288,EMP00014,GRU,Agente Check-in,Vacaciones,2024-03-29,,16,1
ABS001289,EMP01072,SCL,Tripulante Cabina Senior,Licencia Medica,2022-07-25,2022-08-24,30,1
ABS001290,EMP01583,LIM,Tripulante Cabina Senior,Capacitacion,2023-01-16,2023-01-21,5,1
ABS001291,EMP01974,LIM,Tripulante Cabina,Permiso Sin Goce,2023-09-25,,7,1
ABS001292,EMP00727,SCL,Supervisor Operaciones,Vacaciones,2023-11-04,2023-11-25,21,1
ABS001293,EMP00982,SCL,Tecnico Mantencion,Vacaciones,2023-07-17,2023-08-03,17,1
ABS001294,EMP01625,GRU,Supervisor Operaciones,Licencia Medica,2023-02-08,2023-02-17,9,1
ABS001295,EMP01202,MAD,Tripulante Cabina Senior,Vacaciones,2022-05-02,,14,1
ABS001296,EMP00703,SCL,Piloto Comandante,Capacitacion,2023-09-30,2023-10-03,3,1
ABS001297,EMP01104,MAD,Tripulante Cabina Senior,Licencia Medica,2024-07-04,2024-07-25,21,1
ABS001298,EMP00914,GRU,Piloto Copiloto,Vacaciones,2024-01-01,,9,
ABS001299,EMP01927,N/A,Tripulante Cabina,Vacaciones,2023-07-02,2023-07-19,17,1
ABS001300,EMP00818,BOG,Ground Staff,Accidente Laboral,2024-07-31,2024-08-02,2,1
ABS001301,EMP01954,GRU,Ground Staff,Capacitacion,2024-10-29,2024-11-03,5,1
ABS001302,EMP00734,SCL,Supervisor Operaciones,Licencia Medica,2022-01-16,2022-01-25,9,1
ABS001303,EMP00693,SCL,Administrativo,Capacitacion,2022-12-26,2022-12-27,1,1
ABS001304,EMP00136,LIM,Tripulante Cabina,Ausencia Injustificada,2023-11-25,2023-11-28,3,1
ABS001305,EMP00028,GRU,Supervisor Operaciones,Permiso Sin Goce,2023-06-08,2023-06-15,7,0
ABS001306,EMP00784,BOG,Tripulante Cabina Senior,Licencia Medica,2024-03-03,2024-03-27,24,0
ABS001307,EMP01706,SCL,Tripulante Cabina Senior,Vacaciones,2024-05-02,2024-05-19,17,1
ABS001308,EMP01673,SCL,Administrativo,Licencia Medica,2024-10-04,2024-11-02,29,0
ABS001309,EMP01310,MAD,Ground Staff,Vacaciones,2024-07-08,2024-07-16,8,1
ABS001310,EMP01275,BOG,Tecnico Mantencion,Permiso Sin Goce,2023-07-20,2023-07-26,6,0
ABS001311,EMP01817,GRU,Piloto Comandante,Vacaciones,2022-05-06,2022-05-26,20,1
ABS001312,EMP01904,LIM,Agente Check-in,Licencia Medica,2024-09-23,2024-10-15,22,1
ABS001313,EMP00431,EZE,Tripulante Cabina,Permiso Sin Goce,2023-07-12,2023-07-15,3,1
ABS001314,EMP01792,SCL,Administrativo,Capacitacion,2024-07-18,2024-07-21,3,1
ABS001315,EMP00087,BOG,Supervisor Operaciones,Licencia Medica,2022-07-24,,9,1
ABS001316,EMP00569,EZE,TCABIN,Licencia Medica,2024-06-17,2024-07-02,15,1
ABS001317,EMP01408,GRU,Agente Check-in,Permiso Sin Goce,2023-01-07,2023-01-12,5,0
ABS001318,EMP00854,GRU,Tripulante Cabina,Permiso Sin Goce,2024-04-22,2024-05-01,9,1
ABS001319,EMP01041,BOG,Tripulante Cabina Senior,Permiso Sin Goce,2022-01-01,2022-01-04,3,1
ABS001320,EMP01387,JFK,Agente Check-in,Licencia Medica,2024-07-03,2024-07-18,15,1
ABS001321,EMP00700,GRU,Ground Staff,Vacaciones,2024-07-31,2024-08-13,13,1
ABS001322,EMP01573,LIM,Tripulante Cabina Senior,Capacitacion,2023-07-12,2023-07-13,1,1
ABS001323,EMP01864,SCL,Piloto Comandante,Licencia Medica,2022-02-01,2022-02-20,19,1
ABS001324,EMP01944,SCL,Ground Staff,Accidente Laboral,2024-01-29,2024-02-05,7,1
ABS001325,EMP00438,GRU,Tripulante Cabina Senior,Licencia Medica,2024-09-14,2024-09-17,3,1
ABS001326,EMP00904,BOG,Ground Staff,Vacaciones,2022-12-07,2022-12-15,8,1
ABS001327,EMP00680,LIM,Tripulante Cabina Senior,Vacaciones,2023-07-18,2023-07-29,11,1
ABS001328,EMP00614,BOG,Tripulante Cabina Senior,Vacaciones,2022-05-24,2022-06-04,11,
ABS001329,EMP00115,GRU,Tripulante Cabina,Accidente Laboral,2022-04-06,2022-04-11,5,1
ABS001330,EMP01446,SCL,Tecnico Mantencion,Licencia Medica,2024-07-17,2024-08-16,30,1
ABS001331,EMP01147,SCL,Tripulante Cabina,Licencia Medica,2024-12-13,2024-12-30,17,0
ABS001332,EMP00125,EZE,Piloto Comandante,Accidente Laboral,2022-09-24,2022-09-29,5,1
ABS001333,EMP00056,Santiago,Agente Check-in,Permiso Sin Goce,2022-01-31,2022-02-06,6,1
ABS001334,EMP00825,GRU,Agente Check-in,Accidente Laboral,2022-01-04,2022-01-07,3,1
ABS001335,EMP00868,GRU,Piloto Copiloto,Licencia Medica,2023-09-17,2023-09-19,2,1
ABS001336,EMP00046,BOG,Tripulante Cabina,Vacaciones,2024-08-16,2024-08-31,15,1
ABS001337,EMP00083,SCL,Tripulante Cabina Senior,Licencia Medica,2022-02-27,2022-03-01,2,1
ABS001338,EMP01991,LIM,Tripulante Cabina Senior,Licencia Medica,2023-08-31,2023-09-01,1,1
ABS001339,EMP01264,GRU,Piloto Comandante,Vacaciones,2023-12-04,2023-12-23,19,1
ABS001340,EMP00327,GRU,Supervisor Operaciones,Accidente Laboral,2022-07-19,2022-07-25,6,1
ABS001341,EMP01090,LIM,Administrativo,Licencia Medica,2022-12-07,2022-12-31,24,1
ABS001342,EMP01340,LIM,Tripulante Cabina,Licencia Medica,2024-12-04,2024-12-27,23,1
ABS001343,EMP00829,BOG,Tecnico Mantencion,Accidente Laboral,2024-06-30,2024-07-06,6,1
ABS001344,EMP00483,SCL,Tripulante Cabina Senior,Capacitacion,2023-03-21,2023-03-26,5,1
ABS001345,EMP00456,GRU,Ground Staff,Licencia Medica,2023-08-31,2023-09-10,10,0
ABS001346,EMP01916,BOG,Piloto Comandante,Licencia Medica,2023-11-10,2023-11-30,20,0
ABS001347,EMP01920,SCL,Piloto Comandante,Permiso Sin Goce,2022-07-09,2022-07-19,10,1
ABS001348,EMP00156,LIM,Ground Staff,Licencia Medica,2024-11-13,2024-12-06,23,1
ABS001349,EMP00105,GRU,Administrativo,Vacaciones,2023-01-16,2023-02-02,17,1
ABS001350,EMP00304,BOG,Tecnico Mantencion,Accidente Laboral,2022-01-08,2022-01-09,1,1
ABS001351,EMP01123,MAD,Ground Staff,Vacaciones,2024-01-18,2024-01-26,8,1
ABS001352,EMP01715,MAD,Supervisor Operaciones,Capacitacion,2023-01-04,2023-01-07,3,1
ABS001353,EMP01870,MIA,Supervisor Operaciones,Licencia Medica,2023-04-04,2023-04-23,19,1
ABS001354,EMP00350,GRU,Ground Staff,Vacaciones,2024-11-20,2024-11-29,9,1
ABS001355,EMP01411,LIM,Tripulante Cabina,Permiso Sin Goce,2024-10-19,2024-10-22,3,1
ABS001356,EMP00839,GRU,Supervisor Operaciones,Vacaciones,2023-11-11,2023-11-19,8,1
ABS001357,EMP00324,SCL,Supervisor Operaciones,Vacaciones,2024-10-01,2024-10-16,15,1
ABS001358,EMP01539,EZE,Tripulante Cabina,Accidente Laboral,2024-04-28,2024-05-07,9,1
ABS001359,EMP00073,LIM,Agente Check-in,Licencia Medica,2024-05-07,2024-06-04,28,1
ABS001360,EMP00175,GRU,Tripulante Cabina,Ausencia Injustificada,2023-07-10,2023-07-19,9,1
ABS001361,EMP00803,MIA,Piloto Comandante,Licencia Medica,2022-07-07,2022-07-24,17,
ABS001362,EMP01023,MIA,Ground Staff,Licencia Medica,2024-12-11,2024-12-28,17,1
ABS001363,EMP01754,SCL,Tecnico Mantencion,Capacitacion,2022-07-15,2022-07-17,2,1
ABS001364,EMP00317,MAD,Agente Check-in,Licencia Medica,2022-06-16,2022-06-24,8,0
ABS001365,EMP00830,SCL,Piloto Comandante,Vacaciones,2024-12-18,2025-01-07,20,1
ABS001366,EMP00441,SCL,Tecnico Mantencion,Permiso Sin Goce,2023-07-10,2023-07-20,10,1
ABS001367,EMP00988,GRU,Ground Staff,Licencia Medica,2023-07-21,2023-07-26,5,1
ABS001368,EMP01822,GRU,Tripulante Cabina Senior,Vacaciones,2024-09-09,2024-09-23,14,1
ABS001369,EMP00671,BOG,Piloto Copiloto,Licencia Medica,2022-01-15,2022-01-31,16,1
ABS001370,EMP01441,MIA,Tripulante Cabina,Vacaciones,2024-03-08,2024-03-17,9,1
ABS001371,EMP01645,GRU,Tripulante Cabina Senior,Vacaciones,2023-01-23,2023-01-30,7,1
ABS001372,EMP00891,SCL,Tecnico Mantencion,Licencia Medica,2022-07-14,2022-07-18,4,1
ABS001373,EMP00467,EZE,Tripulante Cabina,Permiso Sin Goce,2022-04-26,2022-05-06,10,1
ABS001374,EMP01812,EZE,Piloto Copiloto,Permiso Sin Goce,2024-07-26,2024-08-05,10,1
ABS001375,EMP01902,GRU,Piloto Copiloto,Vacaciones,2022-01-13,2022-02-02,20,1
ABS001376,EMP01940,LIM,Agente Check-in,Permiso Sin Goce,2024-08-04,2024-08-14,10,1
ABS001377,EMP01242,SCL,Tripulante Cabina Senior,Vacaciones,2024-11-29,2024-12-20,21,
ABS001378,EMP01299,SCL,Tripulante Cabina Senior,Vacaciones,2023-03-19,2023-04-04,16,1
ABS001379,EMP00891,SCL,Tecnico Mantencion,Vacaciones,2024-07-04,2024-07-18,14,1
ABS001380,EMP00607,BOG,Agente Check-in,Capacitacion,2022-03-18,,3,1
ABS001381,EMP00785,SCL,Ground Staff,Vacaciones,2024-01-14,2024-01-25,11,1
ABS001382,EMP00149,GRU,Tripulante Cabina Senior,Licencia Medica,2022-03-08,2022-03-09,1,0
ABS001383,EMP00872,SCL,Tripulante Cabina Senior,Vacaciones,2022-01-23,2022-02-04,,1
ABS001384,EMP01485,SCL,Piloto Copiloto,Licencia Medica,2024-01-17,2024-01-29,12,1
ABS001385,EMP01580,SCL,Piloto Comandante,Permiso Sin Goce,2023-10-28,2023-11-05,8,1
ABS001386,EMP01310,EZE,Supervisor Operaciones,Ausencia Injustificada,2023-07-19,2023-07-23,4,1
ABS001387,EMP00994,BOG,Tripulante Cabina Senior,Vacaciones,2024-03-10,2024-03-27,17,1
ABS001388,EMP01486,EZE,Piloto Copiloto,Vacaciones,2023-07-05,2023-07-14,9,1
ABS001389,EMP01011,JFK,Tecnico Mantencion,Capacitacion,2022-04-05,2022-04-08,3,1
ABS001390,EMP01142,LIM,Tripulante Cabina Senior,Licencia Medica,2022-07-10,2022-07-31,,1
ABS001391,EMP01815,GRU,Supervisor Operaciones,Permiso Sin Goce,2023-11-14,2023-11-15,1,1
ABS001392,EMP00426,BOG,Agente Check-in,Permiso Sin Goce,2022-07-21,2022-07-22,1,1
ABS001393,EMP01551,BOG,Administrativo,Licencia Medica,2022-11-09,2022-11-12,3,1
ABS001394,EMP01554,BOG,Tripulante Cabina,Vacaciones,2023-01-14,2023-02-03,20,
ABS001395,EMP01135,SCL,Ground Staff,Vacaciones,2022-05-12,2022-05-23,11,1
ABS001396,EMP01306,GRU,Ground Staff,Licencia Medica,2024-07-04,,,0
ABS001397,EMP01555,MAD,Tripulante Cabina,Permiso Sin Goce,2022-02-12,2022-02-19,7,1
ABS001398,EMP01366,SCL,Ground Staff,Vacaciones,2024-07-06,2024-07-25,19,1
ABS001399,EMP00265,MAD,Ground Staff,Vacaciones,2022-03-29,2022-04-10,,1
ABS001400,EMP01796,BOG,Ground Staff,Vacaciones,2022-07-02,2022-07-19,,1
ABS001401,EMP01061,GRU,Agente Check-in,Licencia Medica,2023-01-04,2023-01-20,16,1
ABS001402,EMP00735,EZE,Tripulante Cabina,Vacaciones,2024-07-30,2024-08-18,19,1
ABS001403,EMP00522,LIM,Tripulante Cabina,Capacitacion,2024-01-23,2024-01-25,2,1
ABS001404,EMP01968,SCL,Piloto Copiloto,Capacitacion,2023-06-02,,3,1
ABS001405,EMP01908,LIM,Tripulante Cabina,Accidente Laboral,2023-04-26,2023-04-27,1,1
ABS001406,EMP00549,LIM,Piloto Comandante,Licencia Medica,2024-02-14,2024-03-12,27,1
ABS001407,EMP00305,EZE,Agente Check-in,Licencia Medica,2022-08-28,2022-09-17,20,1
ABS001408,EMP01141,JFK,Ground Staff,Permiso Sin Goce,2022-03-31,2022-04-04,4,1
ABS001409,EMP01102,EZE,Ground Staff,Vacaciones,2022-12-15,2022-12-22,7,1
ABS001410,EMP01524,MAD,Agente Check-in,Vacaciones,2024-02-23,2024-03-02,8,1
ABS001411,EMP00032,SCL,Tripulante Cabina,Licencia Medica,2022-11-07,2022-11-20,13,1
ABS001412,EMP01414,SCL,Agente Check-in,Vacaciones,2022-07-14,2022-07-25,11,1
ABS001413,EMP01936,BOG,Piloto Comandante,Accidente Laboral,2022-10-17,2022-10-27,10,1
ABS001414,EMP01531,BOG,Piloto Comandante,Permiso Sin Goce,2024-05-24,2024-05-27,3,1
ABS001415,EMP01462,SCL,Tripulante Cabina,Ausencia Injustificada,2024-01-19,2024-01-25,6,1
ABS001416,EMP00511,LIM,Piloto Comandante,Vacaciones,2023-09-17,2023-09-26,9,1
ABS001417,EMP01979,LIM,Piloto Copiloto,Vacaciones,2022-03-05,2022-03-17,12,1
ABS001418,EMP01020,BOG,Ground Staff,Permiso Sin Goce,2022-10-03,2022-10-11,8,1
ABS001419,EMP01841,SCL,Supervisor Operaciones,Licencia Medica,2024-10-23,2024-11-20,28,1
ABS001420,EMP01858,LIM,Piloto Comandante,Capacitacion,2024-02-01,2024-02-06,5,1
ABS001421,EMP01881,SCL,Ground Staff,Vacaciones,2023-05-15,2023-05-30,15,1
ABS001422,EMP01436,GRU,Ground Staff,Permiso Sin Goce,2024-06-06,2024-06-16,10,1
ABS001423,EMP01042,GRU,Administrativo,Vacaciones,2024-01-16,,12,1
ABS001424,EMP00011,SCL,Tecnico Mantencion,Vacaciones,2022-04-28,2022-05-14,16,1
ABS001425,EMP00520,EZE,Tripulante Cabina,Vacaciones,2024-11-03,2024-11-17,14,1
ABS001426,EMP01984,SCL,Tripulante Cabina,Vacaciones,2024-06-28,2024-07-07,9,1
ABS001427,EMP00289,EZE,Tripulante Cabina,Licencia Medica,2024-04-11,2024-04-23,12,1
ABS001428,EMP01819,EZE,Supervisor Operaciones,Licencia Medica,2024-07-16,2024-07-27,11,
ABS001429,EMP00535,GRU,Piloto Comandante,Ausencia Injustificada,2022-11-06,2022-11-14,8,1
ABS001430,EMP00973,EZE,Piloto Copiloto,Vacaciones,2023-10-09,2023-10-20,11,1
ABS001431,EMP00666,MIA,Piloto Copiloto,Accidente Laboral,2024-07-27,,7,0
ABS001432,EMP00366,MIA,Ground Staff,Vacaciones,2024-12-12,2024-12-24,12,1
ABS001433,EMP00207,BOG,Tripulante Cabina,Vacaciones,2023-02-27,2023-03-20,21,1
ABS001434,EMP01399,BOG,Tripulante Cabina Senior,Vacaciones,2022-09-17,2022-09-28,11,1
ABS001435,EMP01558,LIM,Supervisor Operaciones,Licencia Medica,2023-02-17,2023-02-24,7,1
ABS001436,EMP00388,BOG,Tripulante Cabina Senior,Vacaciones,2024-10-23,2024-11-09,17,1
ABS001437,EMP00356,EZE,Agente Check-in,Licencia Medica,2023-10-14,2023-10-21,7,0
ABS001438,EMP00077,EZE,Ground Staff,Vacaciones,2022-07-26,2022-08-13,18,1
ABS001439,EMP00129,EZE,Tripulante Cabina,Capacitacion,2022-12-21,2022-12-23,2,1
ABS001440,EMP01957,LIM,Tripulante Cabina Senior,Licencia Medica,2022-01-24,2022-02-18,25,1
ABS001441,EMP01466,LIM,Supervisor Operaciones,Vacaciones,2024-04-13,2024-04-21,8,1
ABS001442,EMP01748,BOG,Piloto Comandante,Licencia Medica,2022-12-30,2023-01-16,17,1
ABS001443,EMP00667,LIM,Piloto Copiloto,Licencia Medica,2023-05-11,2023-06-04,24,
ABS001444,EMP01248,BOG,Agente Check-in,Licencia Medica,2022-07-13,2022-07-26,13,1
ABS001445,EMP01697,GRU,Piloto Comandante,Licencia Medica,2023-02-26,2023-02-28,,1
ABS001446,EMP00618,BOG,Agente Check-in,Licencia Medica,2022-09-17,2022-10-15,28,1
ABS001447,EMP00497,BOG,Tripulante Cabina Senior,Vacaciones,2023-09-25,2023-10-10,15,1
ABS001448,EMP00631,BOG,Ground Staff,Vacaciones,2023-01-03,2023-01-18,15,1
ABS001449,EMP01484,SCL,Piloto Copiloto,Vacaciones,2022-01-04,2022-01-25,21,1
ABS001450,EMP00090,SCL,Tripulante Cabina,Vacaciones,2024-01-19,2024-01-28,9,1
ABS001451,EMP00577,BOG,Tripulante Cabina Senior,Ausencia Injustificada,2023-10-14,2023-10-18,4,1
ABS001452,EMP00205,MIA,Tripulante Cabina Senior,Vacaciones,2022-10-19,2022-10-30,11,1
ABS001453,EMP01955,MIA,Ground Staff,Capacitacion,2022-01-28,2022-01-31,3,1
ABS001454,EMP00767,EZE,Tripulante Cabina Senior,Vacaciones,2023-05-29,2023-06-15,,1
ABS001455,EMP01107,BOG,Tripulante Cabina Senior,Licencia Medica,2023-01-08,2023-01-16,8,1
ABS001456,EMP00392,LIM,Tripulante Cabina Senior,Vacaciones,2024-02-02,2024-02-18,16,1
ABS001457,EMP00892,MIA,Administrativo,Licencia Medica,2023-04-10,2023-04-12,2,0
ABS001458,EMP00663,GRU,Tripulante Cabina Senior,Permiso Sin Goce,2024-01-23,2024-01-24,1,1
ABS001459,EMP00079,GRU,Tripulante Cabina,Vacaciones,2022-03-09,2022-03-25,16,1
ABS001460,EMP00272,GRU,Agente Check-in,Licencia Medica,2022-01-08,2022-02-03,26,1
ABS001461,EMP01859,MAD,Administrativo,Permiso Sin Goce,2024-02-24,2024-03-03,8,1
ABS001462,EMP01009,BOG,Tecnico Mantencion,Licencia Medica,2022-07-13,,14,1
ABS001463,EMP00682,JFK,Agente Check-in,Permiso Sin Goce,2022-08-31,2022-09-10,10,1
ABS001464,EMP01135,LIM,Tripulante Cabina,Licencia Medica,2023-11-07,2023-12-03,26,1
ABS001465,EMP01412,SCL,Piloto Copiloto,Permiso Sin Goce,2022-10-12,2022-10-15,3,
ABS001466,EMP00325,SCL,Tecnico Mantencion,Capacitacion,2024-05-24,2024-05-27,3,0
ABS001467,EMP01357,SCL,Tripulante Cabina,Vacaciones,2023-01-04,2023-01-23,19,1
ABS001468,EMP01655,BOG,Tripulante Cabina,Licencia Medica,2023-01-02,2023-01-04,2,1
ABS001469,EMP00336,LIM,Piloto Comandante,Licencia Medica,2022-07-27,2022-08-10,14,1
ABS001470,EMP00490,LIM,Tripulante Cabina Senior,Accidente Laboral,2022-07-17,2022-07-26,9,1
ABS001471,EMP00928,BOG,Tripulante Cabina,Licencia Medica,2024-01-15,2024-02-04,20,1
ABS001472,EMP00482,MIA,Administrativo,Vacaciones,2022-01-24,2022-02-05,12,0
ABS001473,EMP00838,GRU,Piloto Copiloto,Licencia Medica,2022-07-27,,13,1
ABS001474,EMP01888,SCL,Supervisor Operaciones,Vacaciones,2024-07-12,2024-07-25,13,1
ABS001475,EMP00913,GRU,Ground Staff,Vacaciones,2023-01-28,2023-02-07,10,1
ABS001476,EMP00605,BOG,Agente Check-in,Licencia Medica,2023-12-05,2023-12-09,4,1
ABS001477,EMP00939,EZE,Piloto Comandante,Licencia Medica,2022-01-26,2022-02-18,23,1
ABS001478,EMP01011,SCL,Ground Staff,Licencia Medica,2022-01-09,2022-02-02,24,1
ABS001479,EMP00398,GRU,Agente Check-in,Capacitacion,2023-06-04,2023-06-05,1,1
ABS001480,EMP01953,SCL,Agente Check-in,Licencia Medica,2024-06-08,2024-06-22,14,
ABS001481,EMP00143,GRU,Supervisor Operaciones,Licencia Medica,2022-06-28,2022-07-09,11,1
ABS001482,EMP01020,BOG,Supervisor Operaciones,Permiso Sin Goce,2023-10-18,2023-10-22,4,1
ABS001483,EMP01409,BOG,Piloto Comandante,Vacaciones,2023-01-05,2023-01-13,8,0
ABS001484,EMP00481,MAD,Ground Staff,Permiso Sin Goce,2022-04-13,2022-04-16,3,1
ABS001485,EMP00590,EZE,Tripulante Cabina,Vacaciones,2023-11-03,2023-11-18,15,1
ABS001486,EMP01529,GRU,Tripulante Cabina Senior,Vacaciones,2024-07-22,2024-07-31,9,1
ABS001487,EMP01262,LIM,Tripulante Cabina Senior,Licencia Medica,2023-02-03,2023-02-18,15,1
ABS001488,EMP01021,MIA,Ground Staff,Permiso Sin Goce,2024-01-13,2024-01-23,10,1
ABS001489,EMP01404,LIM,Agente Check-in,Licencia Medica,2024-07-09,2024-08-07,29,1
ABS001490,EMP01411,BOG,Tripulante Cabina,Licencia Medica,2022-12-21,2023-01-01,11,1
ABS001491,EMP01632,SCL,Piloto Copiloto,Capacitacion,2022-06-16,2022-06-17,1,1
ABS001492,EMP00625,SCL,Seguridad,Accidente Laboral,2022-07-17,2022-07-18,1,1
ABS001493,EMP01006,BOG,Ground Staff,Vacaciones,2022-06-10,2022-06-24,14,1
ABS001494,EMP01169,BOG,Tripulante Cabina Senior,Vacaciones,2022-04-26,2022-05-14,18,1
ABS001495,EMP01283,GRU,Piloto Copiloto,Vacaciones,2022-02-18,2022-03-04,14,1
ABS001496,EMP01730,GRU,Agente Check-in,Permiso Sin Goce,2022-07-27,2022-08-04,8,1
ABS001497,EMP00623,LIM,Agente Check-in,Licencia Medica,2023-06-14,2023-06-26,12,1
ABS001498,EMP00675,EZE,Seguridad,Licencia Medica,2022-09-28,2022-10-03,5,1
ABS001499,EMP01146,MIA,Piloto Comandante,Vacaciones,2023-04-30,2023-05-21,,1
ABS001500,EMP00956,GRU,Tripulante Cabina Senior,Permiso Sin Goce,2024-01-09,2024-01-13,4,0
ABS001501,EMP01290,EZE,Tripulante Cabina,Permiso Sin Goce,2023-01-28,2023-02-04,7,1
ABS001502,EMP01577,JFK,Piloto Copiloto,Accidente Laboral,2022-08-15,2022-08-16,1,1
ABS001503,EMP00321,SCL,Tripulante Cabina,Licencia Medica,2023-01-11,2023-02-03,23,1
ABS001504,EMP00694,LIM,Piloto Copiloto,Permiso Sin Goce,2022-01-06,2022-01-08,2,1
ABS001505,EMP01541,EZE,Agente Check-in,Licencia Medica,2023-01-25,2023-02-16,22,1
ABS001506,EMP01156,LIM,Piloto Comandante,Licencia Medica,2022-08-15,2022-09-09,25,1
ABS001507,EMP00578,BOG,Piloto Comandante,Ausencia Injustificada,2024-03-15,2024-03-21,6,1
ABS001508,EMP01747,SCL,Tripulante Cabina Senior,Licencia Medica,2023-06-08,2023-07-05,27,1
ABS001509,EMP00123,SCL,Tripulante Cabina,Licencia Medica,2023-07-13,2023-08-12,30,1
ABS001510,EMP00727,SCL,Ground Staff,Ausencia Injustificada,2024-11-22,2024-11-29,7,1
ABS001511,EMP01707,SCL,Tripulante Cabina Senior,Vacaciones,2022-01-09,2022-01-27,18,1
ABS001512,EMP01605,SCL,Tripulante Cabina,Capacitacion,2022-10-03,2022-10-04,1,0
ABS001513,EMP01132,MIA,Tripulante Cabina Senior,Vacaciones,2023-09-14,2023-09-22,8,
ABS001514,EMP01978,SCL,Tecnico Mantencion,Capacitacion,2024-06-24,2024-06-28,4,1
ABS001515,EMP00885,BOG,Seguridad,Vacaciones,2023-01-20,2023-02-02,13,1
ABS001516,EMP00925,BOG,Tripulante Cabina,Vacaciones,2022-01-10,2022-01-17,7,1
ABS001517,EMP00535,SCL,Supervisor Operaciones,Licencia Medica,2023-01-04,2023-02-02,29,1
ABS001518,EMP01663,SCL,Tripulante Cabina,Capacitacion,2024-08-07,2024-08-08,1,1
ABS001519,EMP00395,MAD,Agente Check-in,Vacaciones,2024-10-08,2024-10-19,11,1
ABS001520,EMP01339,LIM,Agente Check-in,Accidente Laboral,2024-05-22,2024-05-27,5,1
ABS001521,EMP01707,SCL,Tripulante Cabina,Licencia Medica,2023-08-30,2023-09-11,12,1
ABS001522,EMP00344,LIM,Supervisor Operaciones,Vacaciones,2023-08-16,2023-09-05,20,1
ABS001523,EMP00441,SCL,Piloto Comandante,Permiso Sin Goce,2024-10-25,2024-11-03,9,1
ABS001524,EMP01648,GRU,Administrativo,Vacaciones,2023-05-05,2023-05-12,7,1
ABS001525,EMP01521,SCL,Agente Check-in,Permiso Sin Goce,2024-01-07,2024-01-17,10,1
ABS001526,EMP00293,LIM,Tripulante Cabina Senior,Vacaciones,2023-11-25,2023-12-10,15,1
ABS001527,EMP01939,BOG,Piloto Comandante,Vacaciones,2023-07-04,2023-07-16,12,1
ABS001528,EMP00959,bogota,Tripulante Cabina,Capacitacion,2023-01-15,2023-01-19,4,1
ABS001529,EMP00365,LIM,Agente Check-in,Licencia Medica,2023-07-22,2023-08-12,21,1
ABS001530,EMP01229,LIM,Ground Staff,Permiso Sin Goce,2023-03-26,2023-03-30,4,1
ABS001531,EMP00037,SCL,Tripulante Cabina Senior,Capacitacion,2024-01-12,2024-01-16,4,1
ABS001532,EMP00984,LIM,Supervisor Operaciones,Licencia Medica,2023-04-15,,8,1
ABS001533,EMP01770,LIM,Administrativo,Accidente Laboral,2023-10-01,,3,1
ABS001534,EMP00028,SCL,Agente Check-in,Licencia Medica,2024-07-22,2024-08-08,17,1
ABS001535,EMP00209,MAD,Tripulante Cabina Senior,Permiso Sin Goce,2023-08-29,2023-09-01,3,1
ABS001536,EMP00379,SCL,Piloto Copiloto,Licencia Medica,2024-03-23,2024-04-19,,1
ABS001537,EMP00946,SCL,Tecnico Mantencion,Vacaciones,2024-07-21,2024-07-30,9,
ABS001538,EMP01110,GRU,Tripulante Cabina Senior,Licencia Medica,2023-01-29,2023-02-21,23,1
ABS001539,EMP01696,GRU,Tripulante Cabina,Vacaciones,2022-01-12,2022-01-29,,0
ABS001540,EMP01009,GRU,Agente Check-in,Vacaciones,2022-04-06,2022-04-21,15,1
ABS001541,EMP00339,GRU,Tripulante Cabina Senior,Licencia Medica,2022-04-13,2022-04-21,8,1
ABS001542,EMP00023,BOG,Tripulante Cabina Senior,Ausencia Injustificada,2023-08-03,2023-08-13,10,1
ABS001543,EMP01270,GRU,Piloto Comandante,Vacaciones,2023-01-13,2023-01-21,8,1
ABS001544,EMP00945,LIM,Tripulante Cabina,Accidente Laboral,2022-05-16,2022-05-18,2,1
ABS001545,EMP00642,BOG,Tripulante Cabina Senior,Vacaciones,2024-01-26,2024-02-06,11,1
ABS001546,EMP01452,JFK,Supervisor Operaciones,Vacaciones,2023-01-14,2023-01-25,11,1
ABS001547,EMP01831,GRU,Ground Staff,Vacaciones,2023-08-26,2023-09-05,10,1
ABS001548,EMP01942,GRU,Tripulante Cabina Senior,Licencia Medica,2023-07-21,2023-08-19,29,1
ABS001549,EMP00568,EZE,Agente Check-in,Vacaciones,2024-03-05,2024-03-21,16,1
ABS001550,EMP01356,EZE,Tripulante Cabina,Permiso Sin Goce,2022-12-23,2022-12-24,1,1
ABS001551,EMP01344,GRU,Agente Check-in,Licencia Medica,2023-07-08,2023-08-05,28,1
ABS001552,EMP00683,EZE,Tripulante Cabina,Vacaciones,2023-07-27,2023-08-05,9,1
ABS001553,EMP01621,GRU,Tripulante Cabina,Vacaciones,2022-01-25,2022-02-13,19,1
ABS001554,EMP00680,GRU,Tripulante Cabina,Permiso Sin Goce,2022-11-29,2022-12-07,,0
ABS001555,EMP01218,GRU,Ground Staff,Licencia Medica,2023-09-02,2023-09-22,20,1
ABS001556,EMP01464,GRU,Administrativo,Licencia Medica,2023-07-24,,26,1
ABS001557,EMP00222,SCL,Tripulante Cabina Senior,Licencia Medica,2022-03-13,2022-04-07,25,1
ABS001558,EMP01641,GRU,Ground Staff,Licencia Medica,2023-12-25,2023-12-28,3,1
ABS001559,EMP01904,SCL,Piloto Copiloto,Vacaciones,2022-09-17,2022-09-30,13,1
ABS001560,EMP01259,GRU,Tripulante Cabina Senior,Vacaciones,2024-04-05,2024-04-24,19,1
ABS001561,EMP00883,BOG,Ground Staff,Licencia Medica,2022-02-02,2022-02-19,17,1
ABS001562,EMP01574,GRU,Piloto Copiloto,Vacaciones,2022-01-05,2022-01-23,18,1
ABS001563,EMP00376,GRU,Piloto Comandante,Vacaciones,2022-01-15,2022-02-05,21,1
ABS001564,EMP01886,BOG,Tripulante Cabina,Permiso Sin Goce,2022-12-03,2022-12-10,7,0
ABS001565,EMP01006,SCL,Supervisor Operaciones,Licencia Medica,2022-01-17,2022-01-22,5,1
ABS001566,EMP01032,SCL,Tripulante Cabina Senior,Permiso Sin Goce,2024-08-21,2024-08-28,7,
ABS001567,EMP00311,LIM,Tecnico Mantencion,Vacaciones,2022-11-16,2022-12-01,15,0
ABS001568,EMP00243,MIA,Agente Check-in,Permiso Sin Goce,2024-07-19,2024-07-27,8,1
ABS001569,EMP01894,SCL,Ground Staff,Licencia Medica,2023-07-16,2023-08-04,19,1
ABS001570,EMP00314,MIA,Tripulante Cabina Senior,Licencia Medica,2024-07-27,2024-07-29,2,1
ABS001571,EMP01695,BOG,Piloto Copiloto,Accidente Laboral,2022-01-13,2022-01-19,6,
ABS001572,EMP00099,JFK,Piloto Copiloto,Licencia Medica,2023-10-18,2023-10-24,6,1
ABS001573,EMP01818,BOG,Tripulante Cabina Senior,Licencia Medica,2024-01-12,2024-01-27,15,1
ABS001574,EMP01680,JFK,Ground Staff,Capacitacion,2024-07-10,2024-07-15,5,1
ABS001575,EMP01469,LIM,Piloto Copiloto,Licencia Medica,2024-11-20,2024-12-12,22,1
ABS001576,EMP01623,EZE,Piloto Comandante,Licencia Medica,2024-07-18,2024-07-20,2,1
ABS001577,EMP00283,LIM,Seguridad,Vacaciones,2024-10-01,2024-10-14,13,1
ABS001578,EMP00693,GRU,Tripulante Cabina,Capacitacion,2023-01-31,,,
ABS001579,EMP01760,GRU,Piloto Copiloto,Capacitacion,2024-01-01,2024-01-02,1,1
ABS001580,EMP00999,SCL,Piloto Comandante,Permiso Sin Goce,2022-10-12,2022-10-18,6,1
ABS001581,EMP00127,SCL,Tripulante Cabina Senior,Licencia Medica,2023-06-15,2023-07-06,21,1
ABS001582,EMP01039,LIM,Supervisor Operaciones,Accidente Laboral,2022-01-02,2022-01-11,9,1
ABS001583,EMP00480,LIM,Agente Check-in,Licencia Medica,2024-07-25,2024-07-31,6,1
ABS001584,EMP01440,SCL,Agente Check-in,Accidente Laboral,2024-05-31,2024-06-10,10,1
ABS001585,EMP00813,BOG,Tripulante Cabina,Vacaciones,2022-01-20,2022-02-06,17,1
ABS001586,EMP01242,GRU,Piloto Copiloto,Licencia Medica,2022-04-08,2022-04-15,7,0
ABS001587,EMP01674,EZE,Supervisor Operaciones,Capacitacion,2023-07-31,2023-08-05,5,1
ABS001588,EMP01248,LIM,Piloto Copiloto,Licencia Medica,2023-05-03,2023-05-27,24,1
ABS001589,EMP01890,EZE,Ground Staff,Licencia Medica,2022-01-02,2022-01-12,10,1
ABS001590,EMP00961,GRU,Tripulante Cabina Senior,Accidente Laboral,2024-10-15,2024-10-20,5,1
ABS001591,EMP01902,LIM,Supervisor Operaciones,Licencia Medica,2024-03-23,2024-04-15,23,1
ABS001592,EMP01411,LIM,Piloto Copiloto,Licencia Medica,2024-07-15,2024-07-17,2,1
ABS001593,EMP01860,GRU,Tripulante Cabina,Permiso Sin Goce,2022-11-10,2022-11-19,9,1
ABS001594,EMP01766,SCL,Tripulante Cabina,Vacaciones,2024-06-12,2024-06-20,8,1
ABS001595,EMP00179,EZE,Ground Staff,Vacaciones,2022-12-21,,14,1
ABS001596,EMP01007,SCL,Tripulante Cabina Senior,Permiso Sin Goce,2024-01-05,2024-01-06,1,1
ABS001597,EMP00443,MAD,Piloto Copiloto,Capacitacion,2024-08-25,2024-08-28,3,0
ABS001598,EMP01283,LIM,Piloto Comandante,Licencia Medica,2022-01-05,,6,1
ABS001599,EMP00166,SCL,Piloto Comandante,Permiso Sin Goce,2023-09-25,2023-09-29,4,0
ABS001600,EMP01892,SCL,Tripulante Cabina,Vacaciones,2024-01-15,2024-01-26,11,0
ABS001601,EMP01433,EZE,Agente Check-in,Licencia Medica,2024-09-17,2024-09-24,7,1
ABS001602,EMP00603,GRU,Administrativo,Vacaciones,2024-01-25,2024-02-03,,1
ABS001603,EMP01599,SCL,Seguridad,Vacaciones,2023-04-08,,12,1
ABS001604,EMP01498,GRU,Piloto Comandante,Licencia Medica,2024-03-24,2024-04-11,18,1
ABS001605,EMP01313,LIM,Piloto Copiloto,Vacaciones,2022-11-25,2022-12-16,21,1
ABS001606,EMP01777,GRU,Tripulante Cabina Senior,Vacaciones,2023-02-05,2023-02-20,15,1
ABS001607,EMP01718,EZE,Agente Check-in,Licencia Medica,2024-01-14,2024-01-15,1,0
ABS001608,EMP00137,BOG,Supervisor Operaciones,Permiso Sin Goce,2022-01-01,2022-01-05,4,1
ABS001609,EMP01984,JFK,Tripulante Cabina,Licencia Medica,2023-08-06,2023-09-01,26,1
ABS001610,EMP00688,LIM,Tripulante Cabina Senior,Licencia Medica,2024-10-22,2024-11-02,11,1
ABS001611,EMP01707,GRU,Seguridad,Licencia Medica,2022-12-26,2023-01-08,13,1
ABS001612,EMP01564,GRU,Tripulante Cabina,Vacaciones,2022-01-10,2022-01-31,21,1
ABS001613,EMP01347,GRU,Ground Staff,Accidente Laboral,2023-07-22,2023-07-25,3,1
ABS001614,EMP01516,MIA,Agente Check-in,Vacaciones,2022-04-09,,18,1
ABS001615,EMP01752,LIM,Agente Check-in,Vacaciones,2024-09-20,2024-10-03,13,0
ABS001616,EMP00883,BOG,Supervisor Operaciones,Vacaciones,2024-09-09,2024-09-19,10,1
ABS001617,EMP00032,MIA,Tripulante Cabina,Permiso Sin Goce,2022-06-25,2022-07-05,10,0
ABS001618,EMP00292,EZE,Supervisor Operaciones,Vacaciones,2022-08-28,2022-09-17,20,
ABS001619,EMP01494,GRU,Ground Staff,Permiso Sin Goce,2023-01-15,2023-01-24,9,1
ABS001620,EMP00291,SCL,Piloto Comandante,Permiso Sin Goce,2023-10-19,2023-10-25,6,1
ABS001621,EMP01520,MIA,Ground Staff,Licencia Medica,2023-01-17,2023-01-28,11,1
ABS001622,EMP00870,MAD,Tripulante Cabina Senior,Vacaciones,2023-01-21,2023-02-02,12,1
ABS001623,EMP00679,MIA,Supervisor Operaciones,Capacitacion,2022-12-21,2022-12-26,5,1
ABS001624,EMP00197,GRU,Piloto Comandante,Vacaciones,2024-12-13,2024-12-27,14,
ABS001625,EMP01958,LIM,Ground Staff,Vacaciones,2023-01-31,2023-02-17,17,1
ABS001626,EMP01266,GRU,Ground Staff,Accidente Laboral,2023-10-29,2023-11-04,6,1
ABS001627,EMP01879,SCL,Piloto Copiloto,Vacaciones,2023-07-05,2023-07-12,7,1
ABS001628,EMP00404,SCL,Ground Staff,Accidente Laboral,2024-07-23,2024-07-28,5,1
ABS001629,EMP00560,MAD,Ground Staff,Vacaciones,2024-10-19,2024-11-03,15,1
ABS001630,EMP00308,SCL,Supervisor Operaciones,Licencia Medica,2023-07-16,2023-07-27,11,0
ABS001631,EMP01454,SCL,Ground Staff,Vacaciones,2022-07-28,2022-08-05,8,1
ABS001632,EMP00800,GRU,Tripulante Cabina,Licencia Medica,2022-08-14,2022-09-12,29,1
ABS001633,EMP00350,SCL,Piloto Copiloto,Licencia Medica,2023-03-08,2023-03-29,21,1
ABS001634,EMP01442,MIA,Administrativo,Capacitacion,2023-01-26,2023-01-28,2,1
ABS001635,EMP00560,BOG,Supervisor Operaciones,Capacitacion,2023-01-24,2023-01-28,4,1
ABS001636,EMP00971,EZE,Ground Staff,Vacaciones,2024-10-23,2024-11-05,13,1
ABS001637,EMP01126,EZE,Tripulante Cabina Senior,Licencia Medica,2022-09-08,2022-10-02,24,1
ABS001638,EMP00779,LIM,Agente Check-in,Capacitacion,2023-07-12,2023-07-15,3,1
ABS001639,EMP00743,MAD,Tripulante Cabina Senior,Vacaciones,2022-07-13,2022-07-20,7,1
ABS001640,EMP00485,BOG,Tripulante Cabina Senior,Vacaciones,2024-01-30,2024-02-09,10,1
ABS001641,EMP00409,SCL,Tripulante Cabina Senior,Licencia Medica,2024-01-16,2024-01-31,15,1
ABS001642,EMP00963,GRU,Ground Staff,Vacaciones,2023-06-23,2023-07-11,18,1
ABS001643,EMP01601,LIM,Tripulante Cabina,Licencia Medica,2024-09-25,2024-10-02,7,1
ABS001644,EMP00850,GRU,Tripulante Cabina,Capacitacion,2023-07-11,2023-07-12,1,1
ABS001645,EMP00687,SCL,Tripulante Cabina Senior,Vacaciones,2023-11-20,2023-11-29,9,1
ABS001646,EMP01029,GRU,Ground Staff,Vacaciones,2024-12-05,2024-12-20,15,
ABS001647,EMP00646,BOG,Agente Check-in,Accidente Laboral,2024-06-12,2024-06-22,10,1
ABS001648,EMP00631,MIA,Tripulante Cabina Senior,Permiso Sin Goce,2023-07-19,2023-07-29,10,1
ABS001649,EMP01234,SCL,Tripulante Cabina Senior,Capacitacion,2024-11-06,2024-11-10,4,1
ABS001650,EMP00732,SCL,Ground Staff,Accidente Laboral,2023-03-16,2023-03-24,8,1
ABS001651,EMP01307,SCL,Agente Check-in,Licencia Medica,2022-01-22,2022-02-17,26,1
ABS001652,EMP01575,LIM,Tripulante Cabina,Licencia Medica,2022-07-11,2022-07-18,7,1
ABS001653,EMP01180,LIM,Piloto Copiloto,Permiso Sin Goce,2024-10-26,2024-11-02,7,1
ABS001654,EMP01861,LIM,Tripulante Cabina,Capacitacion,2024-02-07,2024-02-12,5,0
ABS001655,EMP01862,BOG,Ground Staff,Licencia Medica,2023-09-05,2023-09-10,5,1
ABS001656,EMP01097,GRU,Ground Staff,Permiso Sin Goce,2022-07-30,2022-08-09,10,1
ABS001657,EMP00866,JFK,Tripulante Cabina Senior,Capacitacion,2022-01-14,2022-01-15,1,1
ABS001658,EMP00589,SCL,Tecnico Mantencion,Licencia Medica,2024-06-05,2024-06-30,25,1
ABS001659,EMP01887,SCL,Piloto Comandante,Permiso Sin Goce,2022-06-09,2022-06-19,10,1
ABS001660,EMP00103,LIM,Seguridad,Vacaciones,2023-09-09,2023-09-16,7,0
ABS001661,EMP01685,JFK,Ground Staff,Vacaciones,2022-07-09,2022-07-29,20,0
ABS001662,EMP00091,EZE,Tripulante Cabina Senior,Ausencia Injustificada,2023-09-30,2023-10-04,4,1
ABS001663,EMP00704,MIA,Piloto Copiloto,Vacaciones,2023-07-23,2023-08-03,11,1
ABS001664,EMP01534,BOG,Tecnico Mantencion,Licencia Medica,2023-12-27,2024-01-07,11,1
ABS001665,EMP01147,GRU,Ground Staff,Vacaciones,2023-06-25,2023-07-07,12,1
ABS001666,EMP00644,LIM,Tecnico Mantencion,Accidente Laboral,2023-01-20,2023-01-24,4,1
ABS001667,EMP00786,SCL,Piloto Comandante,Capacitacion,2022-01-06,2022-01-11,5,
ABS001668,EMP01921,MAD,Ground Staff,Vacaciones,2024-11-04,2024-11-17,13,0
ABS001669,EMP01874,EZE,Piloto Copiloto,Permiso Sin Goce,2024-06-13,2024-06-22,9,1
ABS001670,EMP00753,SCL,Supervisor Operaciones,Permiso Sin Goce,2022-10-10,2022-10-19,9,1
ABS001671,EMP00175,GRU,Agente Check-in,Licencia Medica,2022-10-13,2022-11-05,23,0
ABS001672,EMP00025,SCL,Tripulante Cabina Senior,Licencia Medica,2022-05-29,2022-06-26,28,1
ABS001673,EMP01991,MIA,Piloto Comandante,Licencia Medica,2022-10-16,2022-10-31,15,1
ABS001674,EMP01252,SCL,Ground Staff,Vacaciones,2023-11-11,2023-11-27,16,1
ABS001675,EMP00111,SCL,Agente Check-in,Ausencia Injustificada,2024-07-08,2024-07-12,4,1
ABS001676,EMP01645,MAD,Agente Check-in,Vacaciones,2024-11-23,2024-11-30,7,1
ABS001677,EMP01024,SCL,TCABIN,Accidente Laboral,2023-07-30,2023-08-05,6,1
ABS001678,EMP00088,GRU,Ground Staff,Accidente Laboral,2023-01-18,2023-01-26,8,1
ABS001679,EMP01883,SCL,Tripulante Cabina,Permiso Sin Goce,2023-03-13,2023-03-14,1,1
ABS001680,EMP00211,EZE,Piloto Copiloto,Vacaciones,2024-06-18,2024-07-04,16,1
ABS001681,EMP00819,BOG,Tripulante Cabina,Vacaciones,2023-12-19,2024-01-05,17,1
ABS001682,EMP00717,SCL,Agente Check-in,Licencia Medica,2023-02-22,2023-03-20,26,1
ABS001683,EMP01286,SCL,Tripulante Cabina,Licencia Medica,2024-12-13,2025-01-09,27,1
ABS001684,EMP01048,BOG,Tripulante Cabina Senior,Licencia Medica,2023-11-21,2023-12-18,27,1
ABS001685,EMP00007,SCL,Tecnico Mantencion,Licencia Medica,2022-10-23,2022-10-30,7,1
ABS001686,EMP01552,LIM,Supervisor Operaciones,Licencia Medica,2023-07-30,2023-07-31,1,0
ABS001687,EMP01128,SCL,Piloto Comandante,Licencia Medica,2024-09-10,2024-09-17,7,1
ABS001688,EMP00903,GRU,Tripulante Cabina,Licencia Medica,2023-09-13,2023-09-20,7,1
ABS001689,EMP01446,MAD,Tecnico Mantencion,Accidente Laboral,2022-11-18,2022-11-19,1,1
ABS001690,EMP01468,GRU,Piloto Comandante,Licencia Medica,2024-07-29,2024-08-15,17,1
ABS001691,EMP00835,MAD,Ground Staff,Vacaciones,2024-07-21,2024-08-10,20,1
ABS001692,EMP00005,BOG,Tripulante Cabina Senior,Licencia Medica,2022-03-31,2022-04-30,30,1
ABS001693,EMP00122,EZE,Seguridad,Licencia Medica,2024-02-21,2024-03-12,20,1
ABS001694,EMP00905,MAD,Ground Staff,Vacaciones,2022-08-22,2022-09-07,16,1
ABS001695,EMP00238,SCL,Ground Staff,Capacitacion,2024-01-30,2024-02-03,4,1
ABS001696,EMP01813,SCL,Tripulante Cabina Senior,Vacaciones,2023-12-01,2023-12-10,9,0
ABS001697,EMP01376,SCL,Piloto Copiloto,Vacaciones,2022-08-31,2022-09-11,,1
ABS001698,EMP01442,MIA,Tripulante Cabina Senior,Licencia Medica,2022-05-01,2022-05-10,9,1
ABS001699,EMP00909,GRU,Tecnico Mantencion,Licencia Medica,2024-07-01,2024-07-13,12,1
ABS001700,EMP01809,BOG,Tripulante Cabina Senior,Licencia Medica,2024-01-02,2024-01-06,4,
ABS001701,EMP01104,SCL,Agente Check-in,Vacaciones,2024-01-26,2024-02-06,11,1
ABS001702,EMP00806,MAD,Agente Check-in,Vacaciones,2022-06-23,2022-07-13,20,1
ABS001703,EMP00868,SCL,Piloto Comandante,Permiso Sin Goce,2024-10-16,2024-10-26,10,
ABS001704,EMP01201,SCL,Tripulante Cabina,Ausencia Injustificada,2024-09-13,2024-09-18,5,1
ABS001705,EMP01679,SCL,Piloto Copiloto,Vacaciones,2022-01-13,2022-01-23,10,1
ABS001706,EMP00779,SCL,Ground Staff,Vacaciones,2022-01-19,2022-02-07,19,1
ABS001707,EMP00026,EZE,Tripulante Cabina Senior,Licencia Medica,2023-01-27,2023-02-09,13,
ABS001708,EMP01754,BOG,Ground Staff,Vacaciones,2023-06-20,2023-07-01,11,1
ABS001709,EMP00104,GRU,Agente Check-in,Capacitacion,2023-06-11,2023-06-15,4,1
ABS001710,EMP01235,MIA,Tripulante Cabina,Licencia Medica,2024-09-02,2024-09-24,22,
ABS001711,EMP00642,BOG,Seguridad,Capacitacion,2022-02-06,2022-02-10,4,1
ABS001712,EMP01581,EZE,Tecnico Mantencion,Capacitacion,2024-07-05,2024-07-10,5,1
ABS001713,EMP01926,LIM,Tripulante Cabina Senior,Licencia Medica,2022-07-31,2022-08-11,11,1
ABS001714,EMP00636,EZE,Agente Check-in,Licencia Medica,2022-08-07,2022-08-17,10,1
ABS001715,EMP01258,SCL,Tecnico Mantencion,Accidente Laboral,2022-10-02,2022-10-05,3,1
ABS001716,EMP01090,MAD,Tecnico Mantencion,Vacaciones,2024-10-07,2024-10-20,13,0
ABS001717,EMP00354,LIM,Tripulante Cabina Senior,Vacaciones,2022-04-09,2022-04-26,17,1
ABS001718,EMP00229,SCL,Tripulante Cabina Senior,Vacaciones,2024-07-11,2024-07-31,20,1
ABS001719,EMP01691,LIM,Ground Staff,Vacaciones,2024-07-19,2024-08-07,19,1
ABS001720,EMP00604,GRU,Piloto Copiloto,Capacitacion,2022-01-03,2022-01-05,2,1
ABS001721,EMP01026,BOG,Piloto Comandante,Vacaciones,2024-03-02,2024-03-21,,1
ABS001722,EMP01402,SCL,Tecnico Mantencion,Licencia Medica,2022-07-09,2022-08-06,28,1
ABS001723,EMP00646,LIM,Tripulante Cabina,Permiso Sin Goce,2022-01-20,2022-01-30,10,1
ABS001724,EMP00118,BOG,Piloto Copiloto,Licencia Medica,2024-01-15,2024-02-02,18,1
ABS001725,EMP01779,MAD,Tripulante Cabina,Vacaciones,2024-07-20,2024-08-08,19,0
ABS001726,EMP01507,EZE,Tripulante Cabina Senior,Licencia Medica,2023-06-13,2023-07-12,29,1
ABS001727,EMP01585,GRU,Ground Staff,Licencia Medica,2024-12-12,2025-01-02,21,1
ABS001728,EMP01529,GRU,Piloto Copiloto,Vacaciones,2023-09-28,2023-10-17,19,1
ABS001729,EMP01628,GRU,Tripulante Cabina,Licencia Medica,2023-01-19,2023-01-30,11,1
ABS001730,EMP00745,LIM,Ground Staff,Licencia Medica,2023-01-05,2023-01-22,17,1
ABS001731,EMP01757,GRU,Tecnico Mantencion,Accidente Laboral,2023-04-08,2023-04-17,9,1
ABS001732,EMP00086,LIM,Ground Staff,Permiso Sin Goce,2022-03-13,2022-03-23,10,0
ABS001733,EMP00792,SCL,Tecnico Mantencion,Licencia Medica,2024-05-03,2024-05-25,22,1
ABS001734,EMP00280,LIM,Administrativo,Permiso Sin Goce,2024-07-13,2024-07-23,10,1
ABS001735,EMP00064,GRU,Tecnico Mantencion,Vacaciones,2022-04-04,2022-04-17,13,1
ABS001736,EMP01893,GRU,Ground Staff,Vacaciones,2024-03-16,2024-04-04,19,1
ABS001737,EMP00350,MIA,Tripulante Cabina,Vacaciones,2022-04-06,2022-04-20,14,1
ABS001738,EMP00635,GRU,Agente Check-in,Vacaciones,2023-05-29,2023-06-07,9,1
ABS001739,EMP01721,GRU,Agente Check-in,Licencia Medica,2024-07-18,,1,1
ABS001740,EMP00027,BOG,Ground Staff,Licencia Medica,2022-10-23,2022-11-04,12,1
ABS001741,EMP00632,GRU,Ground Staff,Vacaciones,2023-09-12,2023-09-21,9,1
ABS001742,EMP01882,SCL,Tripulante Cabina,Licencia Medica,2023-07-08,2023-08-04,27,0
ABS001743,EMP01339,EZE,Tripulante Cabina,Vacaciones,2022-08-17,2022-09-04,18,1
ABS001744,EMP00203,GRU,Agente Check-in,Licencia Medica,2022-02-14,2022-03-08,22,1
ABS001745,EMP01655,SCL,Tripulante Cabina Senior,Vacaciones,2023-06-16,2023-07-01,15,1
ABS001746,EMP01573,BOG,Piloto Copiloto,Vacaciones,2023-04-17,2023-05-01,14,1
ABS001747,EMP00974,LIM,Agente Check-in,Ausencia Injustificada,2022-10-10,2022-10-14,,1
ABS001748,EMP01225,MIA,Tripulante Cabina,Capacitacion,2022-02-07,,4,
ABS001749,EMP00571,SCL,Ground Staff,Permiso Sin Goce,2023-09-13,2023-09-21,8,1
ABS001750,EMP00181,MAD,Agente Check-in,Vacaciones,2023-05-05,2023-05-13,8,1
ABS001751,EMP00466,BOG,Tripulante Cabina Senior,Licencia Medica,2024-07-18,2024-08-05,18,1
ABS001752,EMP01160,GRU,Supervisor Operaciones,Capacitacion,2022-09-20,2022-09-23,3,1
ABS001753,EMP00359,EZE,Tripulante Cabina,Licencia Medica,2023-12-05,2024-01-03,29,0
ABS001754,EMP01492,SCL,Piloto Comandante,Licencia Medica,2024-02-08,2024-03-07,28,1
ABS001755,EMP01949,BOG,Tripulante Cabina,Capacitacion,2023-07-03,2023-07-07,4,1
ABS001756,EMP00661,BOG,Supervisor Operaciones,Licencia Medica,2023-10-13,2023-10-19,6,1
ABS001757,EMP01695,GRU,Supervisor Operaciones,Accidente Laboral,2023-05-10,2023-05-20,,1
ABS001758,EMP00520,LIM,Ground Staff,Capacitacion,2024-07-29,2024-08-02,4,0
ABS001759,EMP01988,BOG,Supervisor Operaciones,Vacaciones,2023-11-30,2023-12-09,9,1
ABS001760,EMP00400,SCL,Tripulante Cabina Senior,Permiso Sin Goce,2023-10-03,2023-10-07,4,1
ABS001761,EMP01051,SCL,Piloto Copiloto,Vacaciones,2022-09-07,2022-09-22,15,1
ABS001762,EMP01337,BOG,Piloto Comandante,Vacaciones,2022-02-22,2022-03-09,15,1
ABS001763,EMP01609,SCL,Tripulante Cabina,Vacaciones,2023-01-15,2023-02-02,18,1
ABS001764,EMP00538,SCL,Tripulante Cabina,Capacitacion,2023-04-15,2023-04-18,3,1
ABS001765,EMP00431,MIA,Tripulante Cabina Senior,Vacaciones,2023-01-25,2023-02-08,14,1
ABS001766,EMP01255,BOG,Tripulante Cabina Senior,Licencia Medica,2024-12-30,2025-01-07,8,1
ABS001767,EMP01692,SCL,Tripulante Cabina Senior,Licencia Medica,2022-07-07,2022-07-28,21,0
ABS001768,EMP00799,EZE,Ground Staff,Vacaciones,2024-07-13,2024-07-30,17,1
ABS001769,EMP01564,GRU,Piloto Comandante,Vacaciones,2023-08-19,2023-09-01,13,1
ABS001770,EMP01445,EZE,Tecnico Mantencion,Licencia Medica,2024-05-12,,5,1
ABS001771,EMP01717,LIM,Agente Check-in,Permiso Sin Goce,2024-07-15,2024-07-22,7,1
ABS001772,EMP00619,GRU,Tripulante Cabina Senior,Accidente Laboral,2023-07-19,2023-07-24,5,1
ABS001773,EMP00749,SCL,Tripulante Cabina,Permiso Sin Goce,2022-07-17,2022-07-26,9,1
ABS001774,EMP00569,LIM,Piloto Comandante,Permiso Sin Goce,2022-01-25,2022-02-01,7,1
ABS001775,EMP00906,SCL,Ground Staff,Vacaciones,2024-06-30,2024-07-13,13,1
ABS001776,EMP00555,JFK,Piloto Copiloto,Accidente Laboral,2024-06-02,2024-06-12,10,1
ABS001777,EMP00835,GRU,Tripulante Cabina,Vacaciones,2024-05-29,2024-06-15,17,1
ABS001778,EMP00427,SCL,Ground Staff,Licencia Medica,2022-01-03,2022-01-18,15,1
ABS001779,EMP00741,GRU,Ground Staff,Licencia Medica,2023-02-25,2023-03-03,6,1
ABS001780,EMP00962,LIM,Agente Check-in,Capacitacion,2022-07-07,2022-07-08,1,
ABS001781,EMP00524,GRU,Tripulante Cabina Senior,Capacitacion,2022-09-10,2022-09-13,3,1
ABS001782,EMP00701,EZE,Piloto Copiloto,Vacaciones,2023-07-17,2023-07-26,9,1
ABS001783,EMP00476,MIA,Tripulante Cabina,Accidente Laboral,2024-12-02,2024-12-10,8,0
ABS001784,EMP01625,LIM,Agente Check-in,Accidente Laboral,2022-02-24,2022-02-28,4,1
ABS001785,EMP00617,SCL,Agente Check-in,Vacaciones,2022-07-29,2022-08-18,,1
ABS001786,EMP00890,GRU,Administrativo,Permiso Sin Goce,2024-07-06,2024-07-10,4,1
ABS001787,EMP01296,MAD,Supervisor Operaciones,Permiso Sin Goce,2022-01-13,2022-01-14,1,1
ABS001788,EMP00641,SCL,Tripulante Cabina,Capacitacion,2024-07-28,2024-07-31,,1
ABS001789,EMP01684,LIM,Piloto Comandante,Vacaciones,2023-03-15,,12,1
ABS001790,EMP01799,GRU,Ground Staff,Vacaciones,2022-05-12,2022-05-27,15,1
ABS001791,EMP00224,JFK,Agente Check-in,Vacaciones,2024-01-20,2024-02-07,18,1
ABS001792,EMP00864,LIM,Administrativo,Vacaciones,2022-09-28,2022-10-10,12,0
ABS001793,EMP00341,EZE,Piloto Copiloto,Vacaciones,2023-02-22,2023-03-06,12,1
ABS001794,EMP01707,LIM,Seguridad,Vacaciones,2022-06-11,2022-07-02,21,
ABS001795,EMP00948,BOG,Tecnico Mantencion,Capacitacion,2022-07-10,2022-07-15,5,1
ABS001796,EMP01143,MIA,Piloto Comandante,Licencia Medica,2022-04-23,2022-05-02,9,1
ABS001797,EMP01664,EZE,Ground Staff,Licencia Medica,2024-07-12,2024-08-09,28,1
ABS001798,EMP01278,EZE,Piloto Comandante,Licencia Medica,2023-10-10,2023-10-12,2,1
ABS001799,EMP00872,GRU,Tripulante Cabina,Vacaciones,2023-06-05,2023-06-19,14,0
ABS001800,EMP00403,MIA,Tripulante Cabina,Vacaciones,2024-01-30,2024-02-19,20,1
ABS001801,EMP01483,SCL,Tecnico Mantencion,Vacaciones,2024-03-11,2024-03-27,16,1
ABS001802,EMP00842,SCL,Tripulante Cabina,Permiso Sin Goce,2022-06-13,2022-06-17,4,0
ABS001803,EMP00863,GRU,Tripulante Cabina,Vacaciones,2024-01-11,2024-01-20,9,1
ABS001804,EMP00413,SCL,Tripulante Cabina,Permiso Sin Goce,2023-03-22,2023-03-31,9,1
ABS001805,EMP00125,MIA,Tripulante Cabina,Vacaciones,2022-07-27,2022-08-05,9,1
ABS001806,EMP01418,SCL,Ground Staff,Licencia Medica,2022-01-04,2022-01-15,11,1
ABS001807,EMP00130,LIM,Agente Check-in,Vacaciones,2022-07-15,2022-07-25,10,
ABS001808,EMP01523,SCL,Tripulante Cabina,Licencia Medica,2023-10-05,2023-10-11,6,1
ABS001809,EMP01515,MIA,Tripulante Cabina,Licencia Medica,2024-09-08,2024-10-02,24,1
ABS001810,EMP00631,MIA,Supervisor Operaciones,Licencia Medica,2022-10-03,2022-10-28,25,1
ABS001811,EMP01672,MAD,Piloto Copiloto,Licencia Medica,2022-05-06,2022-05-20,14,1
ABS001812,EMP00260,SCL,Ground Staff,Permiso Sin Goce,2024-03-02,2024-03-03,1,1
ABS001813,EMP01223,MIA,Tripulante Cabina,Licencia Medica,2023-09-25,2023-10-21,26,1
ABS001814,EMP01752,GRU,Tripulante Cabina,Licencia Medica,2023-01-24,2023-02-03,10,1
ABS001815,EMP00970,SCL,Supervisor Operaciones,Permiso Sin Goce,2024-11-11,2024-11-15,4,1
ABS001816,EMP01506,MIA,Tripulante Cabina,Vacaciones,2022-01-16,2022-01-26,,1
ABS001817,EMP01321,GRU,Agente Check-in,Vacaciones,2023-11-24,2023-12-10,16,1
ABS001818,EMP01494,EZE,Supervisor Operaciones,Capacitacion,2023-04-23,2023-04-26,3,1
ABS001819,EMP01912,BOG,Supervisor Operaciones,Accidente Laboral,2023-10-01,2023-10-10,9,1
ABS001820,EMP00047,SCL,Supervisor Operaciones,Vacaciones,2024-10-13,2024-11-03,21,1
ABS001821,EMP01800,BOG,Tripulante Cabina Senior,Licencia Medica,2024-11-30,2024-12-13,13,1
ABS001822,EMP00218,GRU,Tripulante Cabina,Licencia Medica,2024-08-17,2024-08-29,12,1
ABS001823,EMP00279,SCL,Tripulante Cabina Senior,Licencia Medica,2023-02-11,2023-02-23,12,1
ABS001824,EMP01444,MIA,Supervisor Operaciones,Ausencia Injustificada,2023-10-03,2023-10-13,10,1
ABS001825,EMP00456,BOG,Agente Check-in,Licencia Medica,2023-09-30,2023-10-22,22,0
ABS001826,EMP00040,LIM,Ground Staff,Licencia Medica,2024-01-08,2024-01-09,1,1
ABS001827,EMP01117,MIA,Piloto Comandante,Vacaciones,2024-03-31,,20,
ABS001828,EMP01945,SCL,Tripulante Cabina,Licencia Medica,2023-11-24,2023-12-24,30,1
ABS001829,EMP00941,SCL,Tripulante Cabina Senior,Accidente Laboral,2023-07-04,2023-07-07,3,1
ABS001830,EMP01717,SCL,Piloto Copiloto,Accidente Laboral,2023-08-02,2023-08-11,9,0
ABS001831,EMP01443,JFK,Supervisor Operaciones,Licencia Medica,2024-01-30,,17,0
ABS001832,EMP00762,SCL,Piloto Copiloto,Permiso Sin Goce,2024-01-21,2024-01-31,10,0
ABS001833,EMP01875,LIM,Tripulante Cabina,Permiso Sin Goce,2022-01-26,2022-02-02,7,0
ABS001834,EMP01755,GRU,Piloto Copiloto,Vacaciones,2024-01-23,2024-02-07,15,1
ABS001835,EMP01756,LIM,Agente Check-in,Vacaciones,2024-07-28,2024-08-05,8,1
ABS001836,EMP00855,SCL,Supervisor Operaciones,Vacaciones,2023-01-26,2023-02-11,16,
ABS001837,EMP01935,BOG,Ground Staff,Vacaciones,2024-10-29,2024-11-16,18,1
ABS001838,EMP00939,SCL,Piloto Copiloto,Permiso Sin Goce,2024-04-14,2024-04-15,1,1
ABS001839,EMP00056,SCL,Ground Staff,Licencia Medica,2022-03-18,2022-03-21,3,1
ABS001840,EMP00308,LIM,Tripulante Cabina,Licencia Medica,2022-01-23,2022-02-15,23,1
ABS001841,EMP00189,BOG,Tripulante Cabina Senior,Permiso Sin Goce,2022-09-28,2022-10-05,7,1
ABS001842,EMP01397,SCL,Tripulante Cabina Senior,Permiso Sin Goce,2024-09-14,2024-09-23,9,0
ABS001843,EMP00360,BOG,Tripulante Cabina,Vacaciones,2023-07-29,2023-08-08,10,1
ABS001844,EMP00783,EZE,Supervisor Operaciones,Licencia Medica,2022-10-06,2022-10-14,8,1
ABS001845,EMP01336,GRU,Tripulante Cabina Senior,Capacitacion,2024-03-22,2024-03-25,3,1
ABS001846,EMP00040,EZE,Piloto Copiloto,Vacaciones,2023-12-23,2023-12-31,8,1
ABS001847,EMP01772,SCL,Tripulante Cabina,Vacaciones,2023-10-01,2023-10-18,17,
ABS001848,EMP01583,GRU,Tecnico Mantencion,Ausencia Injustificada,2022-11-14,2022-11-20,6,0
ABS001849,EMP01015,BOG,Tripulante Cabina Senior,Vacaciones,2023-07-11,2023-07-23,12,1
ABS001850,EMP00758,GRU,Agente Check-in,Licencia Medica,2023-01-18,2023-01-28,10,1
ABS001851,EMP01546,GRU,Tripulante Cabina,Vacaciones,2022-07-28,2022-08-17,20,1
ABS001852,EMP00682,GRU,Tecnico Mantencion,Capacitacion,2024-01-26,2024-01-27,1,1
ABS001853,EMP00617,EZE,Supervisor Operaciones,Vacaciones,2023-06-13,2023-07-04,21,1
ABS001854,EMP00673,EZE,Ground Staff,Vacaciones,2023-01-17,2023-01-26,9,1
ABS001855,EMP00095,MIA,Administrativo,Vacaciones,2023-07-30,2023-08-17,18,1
ABS001856,EMP01861,JFK,Tripulante Cabina,Permiso Sin Goce,2023-07-08,2023-07-13,5,1
ABS001857,EMP00690,EZE,Piloto Comandante,Vacaciones,2022-10-08,2022-10-28,20,1
ABS001858,EMP01741,GRU,Piloto Copiloto,Licencia Medica,2023-03-16,2023-04-04,19,0
ABS001859,EMP01750,SCL,Piloto Comandante,Vacaciones,2023-07-17,2023-07-29,12,1
ABS001860,EMP01005,BOG,Tripulante Cabina Senior,Licencia Medica,2022-06-05,2022-06-21,16,1
ABS001861,EMP00027,SCL,Tripulante Cabina,Licencia Medica,2022-07-30,2022-07-31,,1
ABS001862,EMP00946,SCL,Supervisor Operaciones,Vacaciones,2024-02-20,2024-03-02,11,1
ABS001863,EMP00249,BOG,Tripulante Cabina,Capacitacion,2023-06-08,2023-06-12,4,1
ABS001864,EMP00598,SCL,Piloto Comandante,Vacaciones,2022-01-16,2022-01-30,14,1
ABS001865,EMP01537,LIM,Piloto Comandante,Licencia Medica,2024-04-13,2024-04-14,1,1
ABS001866,EMP00613,MIA,Tecnico Mantencion,Permiso Sin Goce,2023-09-22,2023-09-28,6,0
ABS001867,EMP00916,JFK,Tripulante Cabina Senior,Permiso Sin Goce,2023-04-09,2023-04-10,1,1
ABS001868,EMP00463,MIA,Tripulante Cabina,Vacaciones,2023-07-08,2023-07-25,17,1
ABS001869,EMP01508,GRU,Seguridad,Accidente Laboral,2024-01-07,2024-01-13,6,1
ABS001870,EMP00875,EZE,Ground Staff,Licencia Medica,2023-07-28,2023-08-03,6,1
ABS001871,EMP01084,BOG,Piloto Comandante,Vacaciones,2022-07-12,2022-07-29,17,0
ABS001872,EMP00384,SCL,Tripulante Cabina,Ausencia Injustificada,2024-09-20,2024-09-23,3,1
ABS001873,EMP00352,BOG,Seguridad,Licencia Medica,2023-02-04,2023-03-03,27,0
ABS001874,EMP00246,SCL,Tripulante Cabina,Vacaciones,2024-11-24,2024-12-09,15,0
ABS001875,EMP01008,LIM,Piloto Copiloto,Licencia Medica,2023-01-06,2023-01-21,15,1
ABS001876,EMP00325,SCL,Tripulante Cabina,Licencia Medica,2024-09-02,2024-09-16,14,1
ABS001877,EMP01937,GRU,Tripulante Cabina,Permiso Sin Goce,2023-12-24,2023-12-30,6,1
ABS001878,EMP00330,BOG,Supervisor Operaciones,Capacitacion,2024-04-14,2024-04-19,5,1
ABS001879,EMP00643,LIM,Piloto Copiloto,Vacaciones,2023-03-04,2023-03-13,,1
ABS001880,EMP00379,MIA,Ground Staff,Capacitacion,2023-07-17,2023-07-19,2,1
ABS001881,EMP01611,EZE,Tripulante Cabina,Licencia Medica,2023-09-06,2023-09-11,5,1
ABS001882,EMP01540,EZE,Piloto Copiloto,Vacaciones,2024-02-23,2024-03-09,15,1
ABS001883,EMP01623,MAD,Ground Staff,Licencia Medica,2024-01-24,2024-02-18,25,1
ABS001884,EMP01779,LIM,Tripulante Cabina,Vacaciones,2022-08-05,2022-08-25,20,1
ABS001885,EMP01267,SCL,Agente Check-in,Licencia Medica,2022-03-11,2022-04-02,22,0
ABS001886,EMP01262,MIA,Ground Staff,Vacaciones,2022-06-19,2022-07-01,12,1
ABS001887,EMP00251,GRU,Ground Staff,Permiso Sin Goce,2023-08-08,2023-08-10,2,1
ABS001888,EMP01083,LIM,Agente Check-in,Ausencia Injustificada,2024-10-24,2024-10-30,6,1
ABS001889,EMP00538,MIA,Tripulante Cabina Senior,Licencia Medica,2024-07-03,2024-07-20,17,1
ABS001890,EMP00379,MIA,Tripulante Cabina Senior,Capacitacion,2023-07-25,2023-07-28,3,1
ABS001891,EMP01231,SCL,Administrativo,Licencia Medica,2024-02-27,2024-03-06,8,1
ABS001892,EMP01601,BOG,Tecnico Mantencion,Licencia Medica,2022-10-17,2022-10-21,4,1
ABS001893,EMP00725,GRU,Tripulante Cabina,Accidente Laboral,2023-01-08,2023-01-13,5,1
ABS001894,EMP00730,EZE,Administrativo,Permiso Sin Goce,2022-12-24,2022-12-29,5,1
ABS001895,EMP01495,BOG,Piloto Copiloto,Vacaciones,2022-06-10,2022-06-29,19,1
ABS001896,EMP01343,SCL,Tripulante Cabina,Capacitacion,2022-07-28,2022-07-30,2,1
ABS001897,EMP01263,SCL,Piloto Comandante,Vacaciones,2022-01-20,2022-02-06,17,1
ABS001898,EMP01317,BOG,Supervisor Operaciones,Licencia Medica,2022-01-08,2022-01-13,5,1
ABS001899,EMP00891,GRU,Tripulante Cabina,Capacitacion,2023-01-02,2023-01-07,5,0
ABS001900,EMP01566,GRU,Piloto Copiloto,Vacaciones,2022-06-25,2022-07-13,18,1
ABS001901,EMP00558,EZE,Tecnico Mantencion,Ausencia Injustificada,2022-06-04,2022-06-11,7,1
ABS001902,EMP01623,JFK,Tripulante Cabina,Licencia Medica,2024-02-18,,16,1
ABS001903,EMP00327,BOG,Tripulante Cabina Senior,Permiso Sin Goce,2024-12-05,2024-12-10,5,1
ABS001904,EMP01840,LIM,Supervisor Operaciones,Licencia Medica,2024-07-14,,20,0
ABS001905,EMP01041,MIA,Ground Staff,Permiso Sin Goce,2023-01-05,2023-01-07,2,1
ABS001906,EMP01885,MIA,Tripulante Cabina,Capacitacion,2022-08-23,2022-08-26,3,1
ABS001907,EMP01539,SCL,Tecnico Mantencion,Licencia Medica,2024-09-14,2024-09-29,15,1
ABS001908,EMP00487,BOG,Tripulante Cabina Senior,Vacaciones,2024-08-05,2024-08-20,15,1
ABS001909,EMP01173,GRU,Tripulante Cabina,Vacaciones,2024-01-20,2024-02-06,17,0
ABS001910,EMP00100,GRU,Ground Staff,Permiso Sin Goce,2024-03-28,2024-04-06,9,1
ABS001911,EMP01447,GRU,Tripulante Cabina,Licencia Medica,2022-04-29,2022-05-26,27,1
ABS001912,EMP01525,EZE,Supervisor Operaciones,Licencia Medica,2022-07-27,2022-08-15,,
ABS001913,EMP00891,BOG,Seguridad,Permiso Sin Goce,2022-01-03,2022-01-13,10,1
ABS001914,EMP00244,GRU,Tripulante Cabina Senior,Licencia Medica,2024-07-12,2024-08-07,26,1
ABS001915,EMP01037,EZE,Seguridad,Licencia Medica,2022-10-08,2022-10-19,11,1
ABS001916,EMP00586,GRU,Ground Staff,Licencia Medica,2023-07-29,2023-08-19,21,1
ABS001917,EMP00168,LIM,Piloto Copiloto,Accidente Laboral,2024-12-20,2024-12-30,10,1
ABS001918,EMP00364,LIM,Ground Staff,Licencia Medica,2023-08-05,2023-08-15,10,1
ABS001919,EMP00962,MIA,Piloto Copiloto,Capacitacion,2023-10-16,2023-10-19,3,1
ABS001920,EMP01391,GRU,Administrativo,Licencia Medica,2022-07-31,2022-08-28,28,1
ABS001921,EMP01922,SCL,Agente Check-in,Vacaciones,2024-08-27,2024-09-12,16,1
ABS001922,EMP00361,SCL,Tripulante Cabina,Licencia Medica,2022-01-17,2022-02-12,26,1
ABS001923,EMP00729,LIM,Ground Staff,Vacaciones,2024-03-24,2024-04-10,17,1
ABS001924,EMP00425,SCL,Tripulante Cabina,Licencia Medica,2024-07-02,2024-07-17,15,1
ABS001925,EMP01387,JFK,Agente Check-in,Accidente Laboral,2024-05-23,2024-05-31,8,0
ABS001926,EMP01737,MIA,Tripulante Cabina Senior,Vacaciones,2024-04-21,2024-05-06,15,1
ABS001927,EMP00881,SCL,Tripulante Cabina Senior,Permiso Sin Goce,2023-01-24,2023-01-29,5,1
ABS001928,EMP00056,SCL,Tripulante Cabina,Vacaciones,2024-08-12,2024-08-29,17,0
ABS001929,EMP00128,LIM,Agente Check-in,Licencia Medica,2023-10-08,2023-10-15,7,1
ABS001930,EMP01908,GRU,Supervisor Operaciones,Permiso Sin Goce,2022-07-31,2022-08-05,5,1
ABS001931,EMP00736,BOG,Agente Check-in,Licencia Medica,2024-07-08,2024-07-25,17,1
ABS001932,EMP00210,BOG,Tripulante Cabina,Licencia Medica,2022-06-12,2022-06-28,16,1
ABS001933,EMP00737,SCL,Tripulante Cabina Senior,Permiso Sin Goce,2023-07-03,2023-07-11,8,1
ABS001934,EMP00617,BOG,Agente Check-in,Licencia Medica,2022-01-27,2022-02-07,11,
ABS001935,EMP01821,BOG,Tripulante Cabina Senior,Permiso Sin Goce,2024-07-10,2024-07-12,2,1
ABS001936,EMP01552,SCL,Ground Staff,Vacaciones,2022-07-04,2022-07-18,14,1
ABS001937,EMP01026,BOG,Piloto Copiloto,Vacaciones,2022-09-05,2022-09-12,,1
ABS001938,EMP00951,BOG,Tripulante Cabina Senior,Vacaciones,2024-05-01,2024-05-17,16,1
ABS001939,EMP00531,GRU,Tripulante Cabina Senior,Permiso Sin Goce,2023-09-17,2023-09-22,5,1
ABS001940,EMP00560,SCL,Tripulante Cabina,Vacaciones,2023-11-14,2023-11-28,14,
ABS001941,EMP00511,SCL,Supervisor Operaciones,Capacitacion,2022-07-26,2022-07-27,1,
ABS001942,EMP01552,GRU,Tripulante Cabina,Permiso Sin Goce,2024-01-10,2024-01-15,5,1
ABS001943,EMP00288,GRU,Ground Staff,Permiso Sin Goce,2022-07-04,2022-07-10,6,1
ABS001944,EMP01310,MAD,Ground Staff,Licencia Medica,2024-07-29,2024-08-25,27,1
ABS001945,EMP00492,LIM,Agente Check-in,Vacaciones,2023-07-02,2023-07-20,18,
ABS001946,EMP00245,GRU,Administrativo,Vacaciones,2022-07-27,2022-08-04,8,1
ABS001947,EMP01027,EZE,Tripulante Cabina Senior,Licencia Medica,2023-08-19,2023-08-24,5,1
ABS001948,EMP00844,LIM,Piloto Comandante,Capacitacion,2024-07-13,2024-07-16,3,1
ABS001949,EMP01703,LIM,Piloto Copiloto,Capacitacion,2024-01-12,2024-01-16,4,1
ABS001950,EMP01001,BOG,Ground Staff,Permiso Sin Goce,2024-07-18,2024-07-28,10,1
ABS001951,EMP00228,GRU,Piloto Copiloto,Vacaciones,2023-01-29,,16,1
ABS001952,EMP01647,EZE,Ground Staff,Ausencia Injustificada,2023-01-22,2023-01-31,9,1
ABS001953,EMP01428,MIA,Tripulante Cabina,Licencia Medica,2022-12-31,2023-01-07,7,1
ABS001954,EMP00314,GRU,Agente Check-in,Vacaciones,2024-03-02,2024-03-17,15,0
ABS001955,EMP01852,MIA,Seguridad,Accidente Laboral,2022-01-02,2022-01-05,3,1
ABS001956,EMP00628,LIM,Piloto Copiloto,Permiso Sin Goce,2022-01-14,2022-01-17,3,1
ABS001957,EMP00197,LIM,Piloto Copiloto,Licencia Medica,2024-07-28,2024-08-09,12,1
ABS001958,EMP00196,GRU,Tecnico Mantencion,Vacaciones,2022-11-03,2022-11-23,20,1
ABS001959,EMP01104,BOG,Tecnico Mantencion,Vacaciones,2022-01-14,2022-01-30,16,1
ABS001960,EMP01999,SCL,Tripulante Cabina Senior,Vacaciones,2023-06-15,2023-07-01,16,1
ABS001961,EMP01324,GRU,Supervisor Operaciones,Vacaciones,2022-10-02,2022-10-16,,1
ABS001962,EMP00781,SCL,Administrativo,Vacaciones,2023-01-03,,17,1
ABS001963,EMP00552,SCL,Tripulante Cabina,Vacaciones,2024-05-04,,12,1
ABS001964,EMP01591,MIA,Tripulante Cabina Senior,Accidente Laboral,2023-11-17,2023-11-18,1,1
ABS001965,EMP00581,MIA,Tripulante Cabina,Permiso Sin Goce,2023-07-10,,10,1
ABS001966,EMP00976,LIM,Piloto Copiloto,Licencia Medica,2024-01-05,2024-01-15,10,1
ABS001967,EMP00838,SCL,Supervisor Operaciones,Vacaciones,2024-10-24,2024-11-03,10,1
ABS001968,EMP01150,EZE,Tripulante Cabina Senior,Licencia Medica,2023-06-08,2023-07-07,29,1
ABS001969,EMP00833,MIA,Tripulante Cabina,Vacaciones,2024-06-05,2024-06-24,19,1
ABS001970,EMP01735,GRU,Supervisor Operaciones,Vacaciones,2022-10-27,2022-11-15,19,
ABS001971,EMP01783,GRU,Agente Check-in,Vacaciones,2022-07-13,2022-08-03,21,1
ABS001972,EMP01863,GRU,Ground Staff,Permiso Sin Goce,2022-01-16,2022-01-25,9,1
ABS001973,EMP01673,BOG,Tripulante Cabina,Licencia Medica,2023-06-17,2023-06-18,1,1
ABS001974,EMP01266,BOG,Tecnico Mantencion,Licencia Medica,2024-01-07,2024-02-03,27,1
ABS001975,EMP01593,JFK,Administrativo,Vacaciones,2024-03-08,2024-03-25,17,1
ABS001976,EMP00892,LIM,Supervisor Operaciones,Ausencia Injustificada,2023-07-07,2023-07-16,9,1
ABS001977,EMP00653,GRU,Piloto Copiloto,Accidente Laboral,2023-09-16,2023-09-26,10,1
ABS001978,EMP01123,GRU,Ground Staff,Licencia Medica,2024-06-08,2024-06-27,19,1
ABS001979,EMP00854,LIM,Tripulante Cabina,Permiso Sin Goce,2022-11-03,2022-11-10,7,1
ABS001980,EMP01821,LIM,Agente Check-in,Vacaciones,2023-07-03,2023-07-16,13,1
ABS001981,EMP00701,BOG,Ground Staff,Permiso Sin Goce,2022-12-24,2022-12-28,4,1
ABS001982,EMP01961,LIM,Agente Check-in,Licencia Medica,2024-05-13,2024-05-17,4,0
ABS001983,EMP00134,GRU,Ground Staff,Accidente Laboral,2022-11-12,2022-11-22,10,1
ABS001984,EMP01284,GRU,Supervisor Operaciones,Vacaciones,2024-04-17,2024-05-05,18,1
ABS001985,EMP00022,EZE,Tripulante Cabina,Licencia Medica,2022-10-02,2022-10-08,6,1
ABS001986,EMP00923,MIA,Piloto Comandante,Licencia Medica,2022-05-01,2022-05-25,24,
ABS001987,EMP00883,SCL,Administrativo,Permiso Sin Goce,2022-01-13,2022-01-15,2,1
ABS001988,EMP01336,SCL,Tripulante Cabina Senior,Licencia Medica,2024-01-01,2024-01-06,5,1
ABS001989,EMP01040,BOG,Agente Check-in,Vacaciones,2024-05-31,2024-06-21,21,1
ABS001990,EMP00189,EZE,Tripulante Cabina,Accidente Laboral,2022-07-13,2022-07-17,4,1
ABS001991,EMP01014,MIA,Tecnico Mantencion,Capacitacion,2023-01-04,2023-01-05,1,1
ABS001992,EMP00113,LIM,Piloto Comandante,Licencia Medica,2023-07-29,2023-08-27,29,1
ABS001993,EMP01794,JFK,Tripulante Cabina Senior,Permiso Sin Goce,2024-07-23,2024-07-31,8,1
ABS001994,EMP00005,MAD,Supervisor Operaciones,Licencia Medica,2024-11-10,2024-11-26,16,1
ABS001995,EMP01985,MAD,Tripulante Cabina,Licencia Medica,2022-07-26,2022-08-12,17,1
ABS001996,EMP00393,SCL,Administrativo,Vacaciones,2023-03-09,2023-03-23,14,1
ABS001997,EMP01385,SCL,Tripulante Cabina Senior,Licencia Medica,2022-04-21,2022-05-05,14,1
ABS001998,EMP00176,GRU,Piloto Copiloto,Licencia Medica,2022-01-19,2022-02-03,15,1
ABS001999,EMP01309,SCL,Piloto Copiloto,Vacaciones,2023-02-04,2023-02-22,18,0
ABS002000,EMP00580,BOG,Administrativo,Vacaciones,2022-10-14,2022-11-03,20,1
ABS002001,EMP00420,LIM,Agente Check-in,Vacaciones,2022-06-25,2022-07-13,18,0
ABS002002,EMP00559,LIM,Ground,Licencia Medica,2024-10-01,2024-10-16,15,1
ABS002003,EMP01026,GRU,Tripulante Cabina,Licencia Medica,2023-01-12,2023-02-07,26,1
ABS002004,EMP01999,SCL,Tecnico Mantencion,Licencia Medica,2023-03-25,2023-04-14,20,1
ABS002005,EMP01252,LIM,Piloto Copiloto,Vacaciones,2022-10-14,2022-10-30,,1
ABS002006,EMP00436,BOG,Seguridad,Licencia Medica,2022-06-19,2022-07-16,27,1
ABS002007,EMP01540,GRU,Tecnico Mantencion,Permiso Sin Goce,2023-11-06,2023-11-15,9,1
ABS002008,EMP01503,SCL,Agente Check-in,Vacaciones,2022-01-16,2022-02-02,17,1
ABS002009,EMP01949,SCL,Tripulante Cabina,Permiso Sin Goce,2022-11-27,2022-12-04,7,1
ABS002010,EMP01279,LIM,Tripulante Cabina Senior,Licencia Medica,2023-01-06,2023-02-05,30,1
ABS002011,EMP00341,LIM,Supervisor Operaciones,Permiso Sin Goce,2024-02-14,2024-02-20,6,1
ABS002012,EMP00991,GRU,Piloto Copiloto,Licencia Medica,2024-07-13,2024-08-04,22,1
ABS002013,EMP01968,SCL,Tripulante Cabina,Vacaciones,2023-08-11,2023-08-25,14,1
ABS002014,EMP01199,SCL,Supervisor Operaciones,Accidente Laboral,2022-11-22,2022-12-02,10,1
ABS002015,EMP00958,GRU,Tripulante Cabina,Licencia Medica,2024-01-05,2024-01-16,11,1
ABS002016,EMP01865,MAD,Tripulante Cabina Senior,Licencia Medica,2022-05-08,2022-05-24,16,1
ABS002017,EMP01036,BOG,Agente Check-in,Capacitacion,2023-07-16,2023-07-18,2,
ABS002018,EMP00147,EZE,Tripulante Cabina,Licencia Medica,2023-07-24,2023-08-19,26,1
ABS002019,EMP01333,SCL,Ground Staff,Licencia Medica,2024-07-05,2024-07-22,17,1
ABS002020,EMP01315,SCL,Tripulante Cabina,Licencia Medica,2023-10-05,,5,1
ABS002021,EMP01965,SCL,Administrativo,Vacaciones,2022-03-10,2022-03-30,20,1
ABS002022,EMP01765,EZE,Agente Check-in,Licencia Medica,2022-08-17,2022-08-27,10,1
ABS002023,EMP00462,BOG,Piloto Copiloto,Licencia Medica,2022-05-13,2022-06-05,23,1
ABS002024,EMP00403,EZE,Piloto Comandante,Capacitacion,2022-07-13,2022-07-18,5,1
ABS002025,EMP01884,SCL,Piloto Comandante,Vacaciones,2024-02-23,2024-03-15,21,1
ABS002026,EMP00819,LIM,Agente Check-in,Vacaciones,2023-04-11,2023-04-21,10,1
ABS002027,EMP00441,SCL,Piloto Copiloto,Licencia Medica,2022-01-04,,24,1
ABS002028,EMP00997,EZE,Ground Staff,Vacaciones,2022-03-20,2022-04-03,14,1
ABS002029,EMP00254,SCL,Piloto Comandante,Licencia Medica,2023-07-25,2023-07-29,4,
ABS002030,EMP01209,EZE,Seguridad,Capacitacion,2024-04-05,2024-04-10,5,1
ABS002031,EMP01320,BOG,Tecnico Mantencion,Licencia Medica,2023-06-28,2023-07-26,28,0
ABS002032,EMP00374,BOG,Tripulante Cabina Senior,Licencia Medica,2022-09-05,2022-09-23,18,1
ABS002033,EMP00286,SCL,Tripulante Cabina,Vacaciones,2022-05-20,2022-05-31,,
ABS002034,EMP00604,EZE,Piloto Comandante,Permiso Sin Goce,2024-06-05,2024-06-12,7,1
ABS002035,EMP00547,EZE,Supervisor Operaciones,Licencia Medica,2023-06-11,2023-06-26,15,1
ABS002036,EMP01466,GRU,Seguridad,Capacitacion,2024-09-15,2024-09-18,3,1
ABS002037,EMP00774,BOG,Piloto Copiloto,Accidente Laboral,2024-07-05,2024-07-14,9,1
ABS002038,EMP01027,SCL,Tripulante Cabina,Vacaciones,2024-08-16,2024-09-06,21,1
ABS002039,EMP00872,SCL,Supervisor Operaciones,Vacaciones,2024-12-27,,10,1
ABS002040,EMP01586,MIA,Tecnico Mantencion,Permiso Sin Goce,2024-03-03,2024-03-06,3,1
ABS002041,EMP00537,SCL,Piloto Comandante,Permiso Sin Goce,2024-10-13,2024-10-22,9,1
ABS002042,EMP00202,MIA,Supervisor Operaciones,Vacaciones,2024-01-20,2024-02-09,20,1
ABS002043,EMP00717,GRU,Tripulante Cabina,Permiso Sin Goce,2022-07-31,2022-08-02,2,1
ABS002044,EMP01979,MAD,Tripulante Cabina,Licencia Medica,2023-07-29,2023-08-27,29,1
ABS002045,EMP00846,BOG,Tripulante Cabina,Vacaciones,2023-01-29,2023-02-06,8,1
ABS002046,EMP00809,GRU,Tripulante Cabina,Permiso Sin Goce,2022-07-07,2022-07-09,2,1
ABS002047,EMP00639,BOG,Tecnico Mantencion,Licencia Medica,2022-07-14,2022-07-29,15,1
ABS002048,EMP00994,GRU,Tripulante Cabina,Vacaciones,2024-12-01,2024-12-21,20,1
ABS002049,EMP01119,LIM,Tripulante Cabina Senior,Permiso Sin Goce,2022-09-29,2022-10-01,2,0
ABS002050,EMP01301,LIM,Tripulante Cabina,Vacaciones,2023-01-13,2023-01-26,13,1
ABS002051,EMP00331,GRU,Supervisor Operaciones,Licencia Medica,2023-07-25,2023-08-10,16,1
ABS002052,EMP00801,SCL,Tripulante Cabina,Capacitacion,2023-01-21,2023-01-24,3,1
ABS002053,EMP00681,GRU,Ground Staff,Vacaciones,2022-06-18,2022-07-04,16,1
ABS002054,EMP01954,SCL,Tripulante Cabina Senior,Permiso Sin Goce,2024-10-06,2024-10-12,6,1
ABS002055,EMP01249,GRU,Piloto Copiloto,Ausencia Injustificada,2023-07-17,2023-07-23,6,0
ABS002056,EMP00730,EZE,Piloto Comandante,Vacaciones,2022-07-31,2022-08-11,11,1
ABS002057,EMP00427,SCL,Tripulante Cabina,Vacaciones,2022-08-02,2022-08-18,16,1
ABS002058,EMP00596,SCL,Supervisor Operaciones,Permiso Sin Goce,2023-05-10,,5,0
ABS002059,EMP01643,EZE,Piloto Copiloto,Licencia Medica,2022-11-07,2022-11-26,19,1
ABS002060,EMP01359,SCL,Supervisor Operaciones,Capacitacion,2022-06-16,2022-06-19,3,1
ABS002061,EMP00874,GRU,Tripulante Cabina Senior,Vacaciones,2024-09-02,,12,1
ABS002062,EMP00252,EZE,Ground Staff,Vacaciones,2023-05-21,2023-06-10,20,0
ABS002063,EMP01839,EZE,Piloto Comandante,Vacaciones,2022-01-02,2022-01-14,12,1
ABS002064,EMP01112,LIM,Agente Check-in,Licencia Medica,2024-07-08,2024-08-04,27,1
ABS002065,EMP00009,EZE,Ground Staff,Licencia Medica,2023-01-27,2023-02-08,12,1
ABS002066,EMP01992,BOG,Administrativo,Capacitacion,2023-07-02,2023-07-03,1,
ABS002067,EMP00792,SCL,Ground Staff,Vacaciones,2024-10-16,2024-11-01,16,1
ABS002068,EMP00201,LIM,Tripulante Cabina,Permiso Sin Goce,2022-08-24,2022-08-26,2,0
ABS002069,EMP00910,GRU,Piloto Copiloto,Capacitacion,2022-01-12,2022-01-15,3,1
ABS002070,EMP01902,SCL,Supervisor Operaciones,Licencia Medica,2024-01-18,2024-02-17,30,1
ABS002071,EMP01893,BOG,Piloto Comandante,Capacitacion,2023-08-31,2023-09-02,2,1
ABS002072,EMP00680,LIM,Supervisor Operaciones,Permiso Sin Goce,2023-12-09,2023-12-19,10,1
ABS002073,EMP01621,SCL,Administrativo,Vacaciones,2023-04-06,2023-04-26,20,1
ABS002074,EMP01997,SCL,Tripulante Cabina Senior,Vacaciones,2022-01-28,2022-02-07,10,1
ABS002075,EMP01733,GRU,Ground Staff,Licencia Medica,2024-09-02,2024-09-26,24,1
ABS002076,EMP00818,MIA,Ground Staff,Licencia Medica,2024-02-14,2024-02-23,9,0
ABS002077,EMP01887,LIM,Tripulante Cabina,Vacaciones,2022-05-25,2022-06-02,8,1
ABS002078,EMP00828,LIM,Ground Staff,Licencia Medica,2023-04-08,2023-04-24,16,1
ABS002079,EMP01670,GRU,Piloto Copiloto,Capacitacion,2023-10-23,2023-10-27,4,1
ABS002080,EMP00596,BOG,Tripulante Cabina Senior,Capacitacion,2024-05-09,2024-05-11,2,1
ABS002081,EMP01887,MAD,Tripulante Cabina,Licencia Medica,2024-07-15,2024-07-31,16,1
ABS002082,EMP00852,MAD,Tripulante Cabina,Accidente Laboral,2024-02-03,2024-02-08,5,1
ABS002083,EMP00662,BOG,Tripulante Cabina,Vacaciones,2022-11-28,2022-12-16,18,0
ABS002084,EMP01385,EZE,Piloto Comandante,Licencia Medica,2023-09-30,2023-10-25,25,1
ABS002085,EMP01011,EZE,Ground Staff,Vacaciones,2022-07-07,2022-07-25,18,0
ABS002086,EMP00790,GRU,Ground Staff,Licencia Medica,2022-07-11,2022-07-26,15,1
ABS002087,EMP01642,SCL,Agente Check-in,Licencia Medica,2024-09-26,2024-10-06,10,1
ABS002088,EMP00065,BOG,Tripulante Cabina,Vacaciones,2024-01-04,2024-01-11,,0
ABS002089,EMP00102,BOG,Ground Staff,Capacitacion,2023-09-10,2023-09-15,5,1
ABS002090,EMP01209,GRU,Tripulante Cabina,Permiso Sin Goce,2024-05-26,2024-06-02,7,1
ABS002091,EMP01347,EZE,Ground Staff,Capacitacion,2022-03-24,2022-03-28,4,1
ABS002092,EMP01318,BOG,Tripulante Cabina,Accidente Laboral,2024-01-26,2024-01-27,1,1
ABS002093,EMP00976,EZE,Tecnico Mantencion,Licencia Medica,2023-10-17,2023-10-20,3,0
ABS002094,EMP00413,EZE,Piloto Copiloto,Accidente Laboral,2022-02-24,2022-03-06,10,1
ABS002095,EMP00801,LIM,Ground Staff,Vacaciones,2023-09-16,2023-09-30,14,1
ABS002096,EMP00297,GRU,Tripulante Cabina,Licencia Medica,2022-07-23,2022-07-28,,1
ABS002097,EMP00838,EZE,Piloto Comandante,Vacaciones,2022-05-27,2022-06-10,14,1
ABS002098,EMP00975,LIM,Ground Staff,Vacaciones,2023-09-01,2023-09-14,13,1
ABS002099,EMP01893,EZE,Tripulante Cabina,Licencia Medica,2024-01-21,2024-01-31,10,
ABS002100,EMP01972,EZE,Tripulante Cabina,Licencia Medica,2024-10-24,2024-11-17,24,1
ABS002101,EMP00642,BOG,Agente Check-in,Licencia Medica,2022-04-16,2022-05-15,29,1
ABS002102,EMP00827,SCL,Administrativo,Accidente Laboral,2023-09-20,2023-09-25,5,1
ABS002103,EMP00798,LIM,Tripulante Cabina,Licencia Medica,2022-11-27,2022-12-09,12,
ABS002104,EMP01830,EZE,Tripulante Cabina,Licencia Medica,2024-04-06,2024-04-20,14,1
ABS002105,EMP00178,EZE,Ground Staff,Licencia Medica,2023-12-27,2024-01-06,10,1
ABS002106,EMP00801,SCL,Ground Staff,Permiso Sin Goce,2024-01-23,2024-02-02,10,1
ABS002107,EMP00841,GRU,Piloto Copiloto,Licencia Medica,2022-11-01,2022-11-11,10,1
ABS002108,EMP01567,GRU,Tripulante Cabina,Permiso Sin Goce,2022-01-27,2022-02-04,8,1
ABS002109,EMP00385,GRU,Ground Staff,Licencia Medica,2022-12-09,2022-12-30,21,1
ABS002110,EMP00385,SCL,Piloto Comandante,Licencia Medica,2022-07-11,2022-08-01,21,1
ABS002111,EMP00877,MIA,Tripulante Cabina,Licencia Medica,2023-01-13,2023-01-14,1,1
ABS002112,EMP00045,GRU,Supervisor Operaciones,Capacitacion,2024-07-16,2024-07-21,5,1
ABS002113,EMP00256,MAD,Administrativo,Vacaciones,2023-11-12,2023-12-03,21,1
ABS002114,EMP01709,SCL,Tripulante Cabina,Licencia Medica,2022-05-31,,26,1
ABS002115,EMP00521,SCL,Tripulante Cabina,Accidente Laboral,2023-06-02,2023-06-09,7,1
ABS002116,EMP00417,EZE,Tripulante Cabina Senior,Licencia Medica,2022-06-19,2022-06-29,10,0
ABS002117,EMP01246,SCL,Tripulante Cabina Senior,Vacaciones,2022-07-18,2022-07-28,10,1
ABS002118,EMP00015,BOG,Piloto Copiloto,Permiso Sin Goce,2024-10-24,2024-10-26,2,1
ABS002119,EMP00648,GRU,Tripulante Cabina,Permiso Sin Goce,2024-11-11,2024-11-19,8,
ABS002120,EMP00381,SCL,Piloto Copiloto,Ausencia Injustificada,2023-06-28,2023-06-29,1,1
ABS002121,EMP00573,GRU,Piloto Comandante,Vacaciones,2024-01-11,2024-01-23,12,1
ABS002122,EMP01647,GRU,Supervisor Operaciones,Capacitacion,2023-07-31,2023-08-05,5,1
ABS002123,EMP01158,SCL,Tripulante Cabina Senior,Vacaciones,2022-02-25,2022-03-17,20,
ABS002124,EMP01111,LIM,Tecnico Mantencion,Vacaciones,2023-07-06,2023-07-13,7,1
ABS002125,EMP00617,SCL,Administrativo,Vacaciones,2023-05-25,2023-06-04,10,1
ABS002126,EMP00426,BOG,Tripulante Cabina,Licencia Medica,2023-11-26,2023-12-16,20,1
ABS002127,EMP01859,LIM,Tripulante Cabina,Capacitacion,2024-07-29,2024-08-03,5,1
ABS002128,EMP01468,SCL,Tripulante Cabina,Licencia Medica,2023-10-22,2023-10-24,2,1
ABS002129,EMP00161,LIM,Ground Staff,Licencia Medica,2024-06-02,2024-06-26,24,1
ABS002130,EMP01202,SCL,Piloto Copiloto,Permiso Sin Goce,2023-02-10,2023-02-19,9,1
ABS002131,EMP01176,MAD,Piloto Comandante,Capacitacion,2022-10-02,2022-10-07,5,1
ABS002132,EMP00846,SCL,Agente Check-in,Permiso Sin Goce,2022-01-14,2022-01-22,8,1
ABS002133,EMP00483,BOG,Piloto Copiloto,Licencia Medica,2024-07-06,2024-08-01,26,1
ABS002134,EMP01711,LIM,Tripulante Cabina Senior,Vacaciones,2024-06-01,2024-06-21,20,1
ABS002135,EMP01327,SCL,Tripulante Cabina,Capacitacion,2023-10-02,2023-10-06,4,1
ABS002136,EMP01338,EZE,Ground Staff,Capacitacion,2024-12-08,2024-12-09,,0
ABS002137,EMP00197,SCL,Tripulante Cabina,Licencia Medica,2023-01-27,2023-02-26,30,1
ABS002138,EMP00688,GRU,Ground Staff,Capacitacion,2022-12-17,2022-12-18,1,1
ABS002139,EMP00289,LIM,Tripulante Cabina Senior,Capacitacion,2023-09-10,2023-09-12,2,1
ABS002140,EMP00352,GRU,Supervisor Operaciones,Vacaciones,2023-07-25,2023-08-03,9,1
ABS002141,EMP01941,LIM,Agente Check-in,Vacaciones,2022-06-03,2022-06-12,9,1
ABS002142,EMP00352,SCL,Tripulante Cabina,Licencia Medica,2024-07-30,2024-08-18,,1
ABS002143,EMP00180,BOG,Tecnico Mantencion,Accidente Laboral,2024-01-09,2024-01-13,4,1
ABS002144,EMP01117,GRU,Tripulante Cabina,Licencia Medica,2023-08-26,2023-09-05,10,1
ABS002145,EMP00494,SCL,Tripulante Cabina,Ausencia Injustificada,2024-08-15,2024-08-22,7,1
ABS002146,EMP01020,MAD,Agente Check-in,Vacaciones,2024-01-12,2024-01-23,11,0
ABS002147,EMP00450,SCL,Piloto Comandante,Vacaciones,2022-06-27,2022-07-12,15,1
ABS002148,EMP01973,MAD,Tecnico Mantencion,Vacaciones,2024-08-13,2024-08-22,9,1
ABS002149,EMP00605,SCL,Ground Staff,Permiso Sin Goce,2023-11-08,2023-11-17,9,1
ABS002150,EMP00280,BOG,Tripulante Cabina Senior,Accidente Laboral,2023-08-09,2023-08-16,7,1
ABS002151,EMP00556,MIA,Tripulante Cabina,Vacaciones,2022-04-06,2022-04-15,9,1
ABS002152,EMP01916,LIM,Tripulante Cabina,Vacaciones,2022-08-20,2022-09-01,12,1
ABS002153,EMP00927,SCL,Tripulante Cabina,Permiso Sin Goce,2023-07-27,2023-07-29,2,1
ABS002154,EMP00162,SCL,Tripulante Cabina,Licencia Medica,2024-09-16,2024-09-22,6,1
ABS002155,EMP00752,BOG,Piloto Comandante,Vacaciones,2024-10-07,2024-10-24,17,0
ABS002156,EMP00670,GRU,Agente Check-in,Permiso Sin Goce,2022-01-19,2022-01-25,6,
ABS002157,EMP01632,GRU,Ground Staff,Accidente Laboral,2024-05-14,2024-05-19,5,1
ABS002158,EMP00416,SCL,Piloto Comandante,Vacaciones,2023-08-06,2023-08-25,19,1
ABS002159,EMP01198,SCL,Tripulante Cabina,Licencia Medica,2023-01-01,2023-01-16,15,1
ABS002160,EMP01481,BOG,Ground Staff,Capacitacion,2022-07-18,2022-07-20,2,1
ABS002161,EMP00716,EZE,Piloto Copiloto,Capacitacion,2022-01-15,2022-01-20,5,0
ABS002162,EMP00480,LIM,Tripulante Cabina,Capacitacion,2023-03-06,2023-03-10,4,1
ABS002163,EMP01452,GRU,Tripulante Cabina Senior,Licencia Medica,2024-12-24,2024-12-31,7,1
ABS002164,EMP00360,SCL,Tripulante Cabina,Vacaciones,2022-09-14,2022-09-22,8,1
ABS002165,EMP01882,EZE,Ground Staff,Capacitacion,2024-01-29,2024-02-02,4,0
ABS002166,EMP01750,SCL,Ground Staff,Licencia Medica,2023-04-12,2023-04-25,13,0
ABS002167,EMP00067,BOG,Tripulante Cabina,Licencia Medica,2023-04-13,2023-05-08,25,1
ABS002168,EMP01407,SCL,Tripulante Cabina,Licencia Medica,2024-01-05,2024-01-17,12,0
ABS002169,EMP01702,BOG,Agente Check-in,Vacaciones,2023-05-12,2023-05-21,9,1
ABS002170,EMP01601,SCL,Piloto Comandante,Ausencia Injustificada,2022-07-25,2022-08-04,10,1
ABS002171,EMP00660,SCL,Tripulante Cabina,Licencia Medica,2023-01-31,2023-03-02,30,
ABS002172,EMP01160,GRU,Agente Check-in,Licencia Medica,2022-09-28,2022-10-01,3,1
ABS002173,EMP01074,JFK,Seguridad,Vacaciones,2022-07-22,2022-08-06,15,1
ABS002174,EMP00177,BOG,Agente Check-in,Licencia Medica,2022-09-19,2022-09-20,1,1
ABS002175,EMP00008,GRU,Tripulante Cabina,Licencia Medica,2024-04-29,2024-05-12,13,
ABS002176,EMP01519,SCL,Tripulante Cabina Senior,Capacitacion,2022-01-10,2022-01-13,3,1
ABS002177,EMP01724,MIA,Tecnico Mantencion,Permiso Sin Goce,2022-01-12,2022-01-14,2,1
ABS002178,EMP01515,EZE,Tripulante Cabina,Vacaciones,2022-10-18,2022-11-06,19,0
ABS002179,EMP01346,EZE,Tripulante Cabina Senior,Vacaciones,2022-01-05,2022-01-24,19,1
ABS002180,EMP00832,SCL,Ground Staff,Licencia Medica,2024-10-08,2024-10-24,16,1
ABS002181,EMP01460,GRU,Agente Check-in,Vacaciones,2023-10-09,2023-10-21,12,1
ABS002182,EMP00580,BOG,Tripulante Cabina,Permiso Sin Goce,2024-02-05,2024-02-13,8,1
ABS002183,EMP00346,GRU,Ground Staff,Permiso Sin Goce,2022-03-21,2022-03-27,6,0
ABS002184,EMP00209,SCL,Supervisor Operaciones,Licencia Medica,2024-09-10,2024-09-30,,1
ABS002185,EMP00093,LIM,Tripulante Cabina Senior,Vacaciones,2024-06-29,2024-07-20,21,1
ABS002186,EMP00553,MAD,Tripulante Cabina,Vacaciones,2022-08-29,2022-09-08,10,1
ABS002187,EMP00839,MAD,Tripulante Cabina,Vacaciones,2024-11-22,2024-12-07,15,1
ABS002188,EMP00379,EZE,Tripulante Cabina,Licencia Medica,2024-01-01,2024-01-25,24,1
ABS002189,EMP00867,LIM,Piloto Copiloto,Vacaciones,2024-01-21,2024-02-04,14,1
ABS002190,EMP01040,LIM,Agente Check-in,Permiso Sin Goce,2023-04-10,2023-04-18,8,1
ABS002191,EMP00802,BOG,Agente Check-in,Licencia Medica,2022-03-04,2022-03-06,2,1
ABS002192,EMP00147,GRU,Piloto Copiloto,Licencia Medica,2024-07-07,2024-07-09,2,1
ABS002193,EMP01697,SCL,Tripulante Cabina,Licencia Medica,2024-07-26,,13,
ABS002194,EMP00081,GRU,Supervisor Operaciones,Accidente Laboral,2023-01-07,2023-01-09,2,1
ABS002195,EMP01356,GRU,Agente Check-in,Licencia Medica,2022-01-17,2022-02-01,15,1
ABS002196,EMP00622,EZE,Tripulante Cabina Senior,Permiso Sin Goce,2022-01-21,2022-01-28,7,1
ABS002197,EMP01242,BOG,Ground Staff,Licencia Medica,2022-10-19,2022-10-21,2,1
ABS002198,EMP01506,MAD,Tripulante Cabina,Ausencia Injustificada,2022-01-04,2022-01-10,6,1
ABS002199,EMP01598,LIM,Ground Staff,Licencia Medica,2024-11-05,2024-12-04,29,0
ABS002200,EMP00651,MIA,Ground Staff,Vacaciones,2023-05-17,2023-05-25,8,1
ABS002201,EMP01972,LIM,Ground Staff,Capacitacion,2022-03-19,2022-03-21,2,1
ABS002202,EMP01716,SCL,Tripulante Cabina,Accidente Laboral,2022-07-02,2022-07-03,1,0
ABS002203,EMP01386,LIM,Tripulante Cabina,Permiso Sin Goce,2022-07-11,2022-07-17,6,1
ABS002204,EMP00517,LIM,Tripulante Cabina,Licencia Medica,2022-12-18,,13,1
ABS002205,EMP00581,GRU,Ground Staff,Vacaciones,2024-08-24,2024-09-01,8,1
ABS002206,EMP01717,BOG,Administrativo,Licencia Medica,2022-03-30,2022-04-15,16,1
ABS002207,EMP00151,SCL,Piloto Comandante,Licencia Medica,2023-05-27,2023-05-29,2,1
ABS002208,EMP00830,MAD,Agente Check-in,Vacaciones,2024-04-21,2024-05-12,21,1
ABS002209,EMP01622,MIA,Agente Check-in,Vacaciones,2024-05-06,2024-05-13,7,1
ABS002210,EMP01286,GRU,Tripulante Cabina Senior,Licencia Medica,2022-07-28,2022-08-07,10,1
ABS002211,EMP01512,SCL,Piloto Comandante,Licencia Medica,2022-06-03,2022-06-05,2,1
ABS002212,EMP00550,GRU,Ground Staff,Vacaciones,2024-03-16,2024-03-28,12,
ABS002213,EMP01983,GRU,Tripulante Cabina,Licencia Medica,2023-01-08,2023-01-16,8,1
ABS002214,EMP01959,EZE,Ground Staff,Capacitacion,2023-12-26,2023-12-30,4,1
ABS002215,EMP01028,LIM,Piloto Copiloto,Permiso Sin Goce,2024-07-23,,2,0
ABS002216,EMP00035,GRU,Supervisor Operaciones,Vacaciones,2022-07-06,,13,1
ABS002217,EMP01089,GRU,Agente Check-in,Licencia Medica,2022-10-22,2022-11-19,28,1
ABS002218,EMP01223,GRU,Ground Staff,Accidente Laboral,2022-07-29,2022-08-04,6,0
ABS002219,EMP01893,LIM,Administrativo,Vacaciones,2024-06-21,2024-07-10,19,1
ABS002220,EMP01708,SCL,Supervisor Operaciones,Licencia Medica,2022-06-21,,27,
ABS002221,EMP01888,GRU,Tripulante Cabina Senior,Capacitacion,2024-08-12,2024-08-17,5,
ABS002222,EMP01767,SCL,Tripulante Cabina,Vacaciones,2023-07-29,2023-08-06,8,1
ABS002223,EMP01977,GRU,Agente Check-in,Capacitacion,2024-07-24,2024-07-28,4,1
ABS002224,EMP00133,LIM,Tripulante Cabina Senior,Capacitacion,2022-03-08,2022-03-13,,1
ABS002225,EMP00888,SCL,Piloto Copiloto,Capacitacion,2022-09-04,2022-09-05,1,1
ABS002226,EMP01979,LIM,Tripulante Cabina,Licencia Medica,2022-08-22,2022-08-27,5,
ABS002227,EMP00051,BOG,Tripulante Cabina Senior,Vacaciones,2023-02-22,2023-03-11,17,1
ABS002228,EMP00622,MAD,Piloto Copiloto,Licencia Medica,2022-12-07,2022-12-22,15,1
ABS002229,EMP00773,EZE,Agente Check-in,Vacaciones,2023-12-03,2023-12-20,17,1
ABS002230,EMP01976,LIM,Agente Check-in,Ausencia Injustificada,2023-12-08,2023-12-09,1,1
ABS002231,EMP01414,BOG,Tripulante Cabina,Licencia Medica,2022-07-02,2022-07-16,14,1
ABS002232,EMP00411,GRU,Seguridad,Vacaciones,2023-01-03,2023-01-23,20,1
ABS002233,EMP01656,GRU,Supervisor Operaciones,Ausencia Injustificada,2022-05-08,2022-05-12,4,0
ABS002234,EMP00765,LIM,Administrativo,Permiso Sin Goce,2022-01-26,2022-02-01,6,1
ABS002235,EMP00486,BOG,Tripulante Cabina Senior,Licencia Medica,2023-05-12,2023-06-08,27,1
ABS002236,EMP00894,GRU,Ground Staff,Ausencia Injustificada,2022-07-20,2022-07-28,8,1
ABS002237,EMP00713,EZE,Ground Staff,Permiso Sin Goce,2022-08-11,2022-08-13,2,1
ABS002238,EMP00960,SCL,Tripulante Cabina,Vacaciones,2023-07-06,2023-07-27,21,1
ABS002239,EMP00215,GRU,Tripulante Cabina Senior,Vacaciones,2024-01-01,2024-01-10,9,1
ABS002240,EMP00698,GRU,Piloto Comandante,Vacaciones,2024-05-04,2024-05-17,13,1
ABS002241,EMP00601,SCL,Tripulante Cabina,Vacaciones,2022-07-02,2022-07-23,21,1
ABS002242,EMP01219,LIM,Tripulante Cabina,Permiso Sin Goce,2022-06-16,2022-06-19,3,1
ABS002243,EMP00277,LIM,Piloto Copiloto,Vacaciones,2023-11-04,2023-11-14,10,1
ABS002244,EMP01486,EZE,Supervisor Operaciones,Permiso Sin Goce,2024-04-11,2024-04-15,4,1
ABS002245,EMP00103,MIA,Tripulante Cabina,Vacaciones,2022-01-30,2022-02-06,7,1
ABS002246,EMP00256,GRU,Administrativo,Licencia Medica,2024-07-02,2024-07-19,17,1
ABS002247,EMP01881,EZE,Ground Staff,Accidente Laboral,2023-08-08,2023-08-15,7,1
ABS002248,EMP01339,SCL,Piloto Copiloto,Vacaciones,2023-07-11,2023-07-18,7,1
ABS002249,EMP00708,GRU,Tripulante Cabina,Vacaciones,2022-01-29,2022-02-15,,1
ABS002250,EMP00339,EZE,Supervisor Operaciones,Vacaciones,2024-02-10,2024-02-29,19,1
ABS002251,EMP01538,GRU,Tripulante Cabina,Ausencia Injustificada,2022-03-03,2022-03-06,3,1
ABS002252,EMP00245,GRU,Ground Staff,Licencia Medica,2024-04-14,2024-04-29,15,1
ABS002253,EMP01930,BOG,Tecnico Mantencion,Permiso Sin Goce,2024-02-18,2024-02-28,10,1
ABS002254,EMP00225,SCL,Piloto Copiloto,Accidente Laboral,2024-07-03,2024-07-04,1,1
ABS002255,EMP00929,GRU,Tripulante Cabina,Accidente Laboral,2023-07-31,2023-08-05,5,1
ABS002256,EMP01973,SCL,Tripulante Cabina,Permiso Sin Goce,2024-07-28,2024-08-03,6,1
ABS002257,EMP00788,BOG,Tripulante Cabina,Licencia Medica,2022-01-23,2022-02-19,27,0
ABS002258,EMP00858,MAD,Tripulante Cabina,Capacitacion,2023-10-20,2023-10-25,5,1
ABS002259,EMP01634,LIM,Administrativo,Vacaciones,2022-12-08,2022-12-26,18,1
ABS002260,EMP00322,BOG,Tecnico Mantencion,Permiso Sin Goce,2024-01-13,2024-01-22,9,1
ABS002261,EMP01018,SCL,Tripulante Cabina Senior,Vacaciones,2022-07-23,2022-08-07,15,1
ABS002262,EMP00620,BOG,Ground Staff,Licencia Medica,2023-05-29,2023-06-02,4,1
ABS002263,EMP00590,LIM,Supervisor Operaciones,Licencia Medica,2024-10-24,2024-11-07,14,1
ABS002264,EMP01279,EZE,Piloto Comandante,Licencia Medica,2023-12-08,2024-01-04,27,1
ABS002265,EMP00911,EZE,Piloto Comandante,Vacaciones,2023-09-13,2023-10-03,20,1
ABS002266,EMP00491,GRU,Tripulante Cabina,Licencia Medica,2024-01-02,2024-01-09,7,1
ABS002267,EMP01653,GRU,Administrativo,Vacaciones,2023-01-14,2023-02-04,21,1
ABS002268,EMP00534,BOG,Tripulante Cabina,Permiso Sin Goce,2024-05-30,2024-06-04,5,1
ABS002269,EMP00988,MIA,Tripulante Cabina,Permiso Sin Goce,2024-06-24,2024-06-27,3,1
ABS002270,EMP01664,MAD,Tripulante Cabina Senior,Licencia Medica,2024-09-28,2024-10-12,14,
ABS002271,EMP01625,SCL,Agente Check-in,Vacaciones,2024-05-12,2024-05-26,14,0
ABS002272,EMP00343,SCL,Supervisor Operaciones,Vacaciones,2023-06-25,2023-07-04,9,1
ABS002273,EMP01377,EZE,Seguridad,Accidente Laboral,2024-03-05,2024-03-10,5,1
ABS002274,EMP01152,LIM,Seguridad,Permiso Sin Goce,2022-07-20,2022-07-28,8,1
ABS002275,EMP01971,GRU,Agente Check-in,Permiso Sin Goce,2022-02-26,2022-03-08,10,
ABS002276,EMP01699,BOG,Tripulante Cabina Senior,Licencia Medica,2023-08-27,2023-09-16,20,1
ABS002277,EMP01434,GRU,Piloto Comandante,Permiso Sin Goce,2022-12-18,2022-12-19,1,1
ABS002278,EMP00166,EZE,Tecnico Mantencion,Licencia Medica,2023-01-01,2023-01-31,30,
ABS002279,EMP01488,BOG,Tripulante Cabina,Licencia Medica,2022-07-19,2022-07-22,3,0
ABS002280,EMP01715,GRU,Tripulante Cabina,Licencia Medica,2022-07-20,2022-08-18,,1
ABS002281,EMP01112,SCL,Ground Staff,Licencia Medica,2023-08-30,2023-09-26,27,1
ABS002282,EMP00696,MIA,Ground Staff,Permiso Sin Goce,2022-07-06,2022-07-10,4,1
ABS002283,EMP01767,MIA,Piloto Copiloto,Licencia Medica,2023-02-20,2023-03-19,27,1
ABS002284,EMP00489,MIA,Tripulante Cabina,Licencia Medica,2022-07-30,2022-08-21,22,1
ABS002285,EMP01011,BOG,Ground Staff,Licencia Medica,2022-12-09,2023-01-06,28,1
ABS002286,EMP01148,BOG,Tripulante Cabina Senior,Vacaciones,2023-12-24,2023-12-31,7,1
ABS002287,EMP00667,GRU,Tecnico Mantencion,Licencia Medica,2024-07-18,2024-08-11,24,1
ABS002288,EMP00512,SCL,Ground Staff,Licencia Medica,2023-06-09,2023-07-08,29,1
ABS002289,EMP01003,SCL,Piloto Copiloto,Permiso Sin Goce,2023-03-23,2023-04-02,10,1
ABS002290,EMP00387,BOG,Ground Staff,Permiso Sin Goce,2022-07-21,2022-07-23,2,1
ABS002291,EMP00968,BOG,Ground Staff,Permiso Sin Goce,2023-08-29,2023-09-08,10,1
ABS002292,EMP00701,EZE,Tecnico Mantencion,Permiso Sin Goce,2023-07-31,2023-08-04,4,1
ABS002293,EMP01565,GRU,Ground Staff,Vacaciones,2023-07-21,2023-07-30,9,1
ABS002294,EMP01942,SCL,Piloto Copiloto,Vacaciones,2023-05-11,2023-05-27,16,1
ABS002295,EMP01565,LIM,Tripulante Cabina,Licencia Medica,2024-01-13,2024-02-08,26,1
ABS002296,EMP00196,JFK,Agente Check-in,Licencia Medica,2022-07-08,2022-07-28,20,1
ABS002297,EMP00499,GRU,Seguridad,Licencia Medica,2022-09-29,2022-10-25,,1
ABS002298,EMP01125,GRU,Tripulante Cabina,Vacaciones,2024-10-16,2024-11-03,18,0
ABS002299,EMP01524,MAD,Tripulante Cabina,Licencia Medica,2024-03-17,2024-04-08,22,1
ABS002300,EMP01395,GRU,Agente Check-in,Permiso Sin Goce,2024-08-31,2024-09-06,6,1
ABS002301,EMP00025,SCL,Supervisor Operaciones,Vacaciones,2024-04-22,2024-05-05,13,1
ABS002302,EMP00606,SCL,Tripulante Cabina,Vacaciones,2022-10-08,2022-10-25,17,1
ABS002303,EMP01011,MIA,Supervisor Operaciones,Capacitacion,2024-07-30,2024-08-04,5,1
ABS002304,EMP01937,GRU,Piloto Comandante,Permiso Sin Goce,2022-01-24,2022-01-25,1,1
ABS002305,EMP00716,SCL,Piloto Comandante,Accidente Laboral,2024-04-16,2024-04-23,7,1
ABS002306,EMP00056,JFK,Tripulante Cabina Senior,Vacaciones,2023-01-04,2023-01-14,10,1
ABS002307,EMP00434,EZE,Piloto Copiloto,Vacaciones,2022-12-04,2022-12-21,17,1
ABS002308,EMP00059,MIA,Ground Staff,Vacaciones,2022-06-20,2022-06-27,7,1
ABS002309,EMP00697,LIM,Tripulante Cabina Senior,Vacaciones,2022-12-06,2022-12-14,8,1
ABS002310,EMP01885,SCL,Supervisor Operaciones,Permiso Sin Goce,2022-07-29,2022-08-04,6,1
ABS002311,EMP00444,GRU,Tripulante Cabina,Licencia Medica,2023-11-24,2023-12-07,13,1
ABS002312,EMP01037,MIA,Agente Check-in,Licencia Medica,2023-05-09,2023-06-04,26,1
ABS002313,EMP00037,GRU,Tecnico Mantencion,Vacaciones,2022-05-16,2022-06-04,19,1
ABS002314,EMP01652,MAD,Tripulante Cabina Senior,Vacaciones,2024-07-17,2024-07-28,11,1
ABS002315,EMP00095,SCL,Agente Check-in,Licencia Medica,2022-01-28,2022-02-23,26,1
ABS002316,EMP01062,BOG,Piloto Comandante,Capacitacion,2023-03-01,2023-03-06,,1
ABS002317,EMP01441,BOG,Tripulante Cabina Senior,Permiso Sin Goce,2022-04-06,2022-04-10,4,1
ABS002318,EMP01549,EZE,Ground Staff,Licencia Medica,2023-04-15,2023-05-11,26,1
ABS002319,EMP00088,GRU,Tripulante Cabina,Vacaciones,2024-03-02,2024-03-09,7,1
ABS002320,EMP01105,LIM,Ground Staff,Vacaciones,2023-07-16,2023-07-26,,1
ABS002321,EMP00168,LIM,Agente Check-in,Vacaciones,2022-01-04,2022-01-14,10,1
ABS002322,EMP01925,SCL,Ground Staff,Licencia Medica,2023-10-26,2023-11-03,8,1
ABS002323,EMP01142,MAD,Tripulante Cabina,Ausencia Injustificada,2023-04-28,2023-05-05,7,1
ABS002324,EMP01393,LIM,Tripulante Cabina Senior,Vacaciones,2024-07-06,2024-07-13,7,1
ABS002325,EMP01749,GRU,Piloto Copiloto,Vacaciones,2022-05-22,2022-05-29,7,1
ABS002326,EMP00809,MIA,Ground Staff,Licencia Medica,2024-05-23,2024-05-27,4,1
ABS002327,EMP00519,MAD,Tripulante Cabina Senior,Accidente Laboral,2022-09-25,2022-10-05,10,1
ABS002328,EMP01664,SCL,Ground Staff,Licencia Medica,2023-01-05,2023-01-13,8,1
ABS002329,EMP00650,LIM,Piloto Copiloto,Licencia Medica,2024-05-01,2024-05-10,9,1
ABS002330,EMP00234,BOG,Tripulante Cabina Senior,Capacitacion,2022-01-03,2022-01-07,4,1
ABS002331,EMP00050,GRU,Tripulante Cabina,Accidente Laboral,2023-07-30,2023-08-06,7,1
ABS002332,EMP01643,EZE,Tecnico Mantencion,Licencia Medica,2024-06-30,2024-07-01,1,1
ABS002333,EMP01211,SCL,Piloto Comandante,Permiso Sin Goce,2022-09-26,2022-10-06,10,1
ABS002334,EMP00364,BOG,Tripulante Cabina,Capacitacion,2023-02-02,2023-02-03,1,1
ABS002335,EMP01125,SCL,Ground Staff,Permiso Sin Goce,2022-07-31,2022-08-06,6,1
ABS002336,EMP01123,BOG,Tecnico Mantencion,Licencia Medica,2022-12-17,2022-12-19,2,0
ABS002337,EMP00298,JFK,Agente Check-in,Licencia Medica,2022-08-23,,12,1
ABS002338,EMP01794,SCL,Piloto Comandante,Vacaciones,2023-07-21,,8,1
ABS002339,EMP00169,BOG,Tripulante Cabina Senior,Licencia Medica,2022-05-19,2022-06-07,19,1
ABS002340,EMP01094,SCL,Seguridad,Capacitacion,2023-10-30,2023-11-03,4,1
ABS002341,EMP01106,BOG,Tripulante Cabina,Permiso Sin Goce,2024-08-03,2024-08-11,8,1
ABS002342,EMP00722,SCL,Tripulante Cabina Senior,Vacaciones,2023-11-19,2023-12-09,20,0
ABS002343,EMP01901,BOG,Administrativo,Vacaciones,2022-07-15,2022-08-04,20,1
ABS002344,EMP00392,GRU,Agente Check-in,Accidente Laboral,2022-09-06,2022-09-10,4,1
ABS002345,EMP01429,GRU,Supervisor Operaciones,Permiso Sin Goce,2023-02-14,2023-02-18,4,1
ABS002346,EMP00652,MAD,Ground Staff,Licencia Medica,2024-03-21,2024-04-07,17,1
ABS002347,EMP00859,GRU,Supervisor Operaciones,Capacitacion,2022-10-30,2022-11-01,2,
ABS002348,EMP00324,SCL,Agente Check-in,Licencia Medica,2024-12-17,2025-01-01,15,1
ABS002349,EMP01382,SCL,Supervisor Operaciones,Permiso Sin Goce,2022-11-03,2022-11-12,9,1
ABS002350,EMP00475,BOG,Tecnico Mantencion,Licencia Medica,2024-01-06,2024-02-01,26,1
ABS002351,EMP01496,EZE,Tripulante Cabina Senior,Permiso Sin Goce,2023-09-27,2023-10-01,4,1
ABS002352,EMP00999,BOG,Agente Check-in,Vacaciones,2023-07-22,2023-08-09,18,1
ABS002353,EMP01638,SCL,Piloto Comandante,Permiso Sin Goce,2024-10-04,2024-10-08,4,1
ABS002354,EMP00363,SCL,Agente Check-in,Licencia Medica,2023-02-02,2023-02-26,24,1
ABS002355,EMP00586,EZE,Tripulante Cabina,Capacitacion,2022-07-17,2022-07-22,5,1
ABS002356,EMP01571,SCL,Ground Staff,Ausencia Injustificada,2023-09-26,2023-10-06,10,1
ABS002357,EMP01041,JFK,Ground Staff,Capacitacion,2024-07-12,2024-07-16,4,1
ABS002358,EMP01239,SCL,Supervisor Operaciones,Vacaciones,2023-06-16,2023-07-01,15,
ABS002359,EMP00150,LIM,Tripulante Cabina,Capacitacion,2023-07-05,2023-07-06,1,1
ABS002360,EMP00708,SCL,Tripulante Cabina,Ausencia Injustificada,2023-07-20,2023-07-23,3,1
ABS002361,EMP01951,SCL,Ground Staff,Licencia Medica,2022-04-28,2022-05-23,25,1
ABS002362,EMP01955,GRU,Supervisor Operaciones,Capacitacion,2022-07-15,2022-07-16,1,1
ABS002363,EMP01093,EZE,Tripulante Cabina Senior,Capacitacion,2023-06-28,2023-06-29,,0
ABS002364,EMP01718,SCL,Seguridad,Licencia Medica,2024-03-20,2024-04-13,24,1
ABS002365,EMP01903,SCL,Supervisor Operaciones,Accidente Laboral,2022-12-25,2022-12-27,2,1
ABS002366,EMP00899,JFK,Tripulante Cabina Senior,Licencia Medica,2023-07-10,2023-07-25,15,1
ABS002367,EMP00322,MIA,Administrativo,Vacaciones,2023-09-17,2023-09-30,13,0
ABS002368,EMP00423,SCL,Piloto Comandante,Vacaciones,2022-05-05,2022-05-21,16,1
ABS002369,EMP00169,GRU,Tripulante Cabina,Licencia Medica,2022-11-12,2022-11-26,14,1
ABS002370,EMP01086,MIA,Tripulante Cabina,Licencia Medica,2022-03-18,2022-04-07,20,1
ABS002371,EMP00761,MAD,Supervisor Operaciones,Licencia Medica,2022-11-24,2022-12-07,13,1
ABS002372,EMP00274,SCL,Piloto Copiloto,Capacitacion,2024-09-15,2024-09-16,1,1
ABS002373,EMP01386,LIM,Tripulante Cabina,Licencia Medica,2023-03-10,2023-04-04,25,1
ABS002374,EMP00593,GRU,Agente Check-in,Vacaciones,2023-09-15,2023-09-24,9,1
ABS002375,EMP01542,GRU,Agente Check-in,Vacaciones,2024-03-01,2024-03-16,15,1
ABS002376,EMP00339,BOG,Piloto Comandante,Vacaciones,2024-03-09,2024-03-21,12,1
ABS002377,EMP00647,SCL,Ground Staff,Licencia Medica,2024-06-13,2024-06-21,8,1
ABS002378,EMP01692,BOG,Administrativo,Vacaciones,2023-08-09,2023-08-29,20,1
ABS002379,EMP00793,GRU,Piloto Copiloto,Licencia Medica,2023-10-31,2023-11-07,7,
ABS002380,EMP00793,SCL,Tripulante Cabina,Vacaciones,2023-09-13,2023-09-20,7,1
ABS002381,EMP01836,GRU,Ground Staff,Vacaciones,2023-04-20,2023-04-29,9,
ABS002382,EMP01917,EZE,Tripulante Cabina Senior,Licencia Medica,2022-10-27,2022-11-03,7,1
ABS002383,EMP00652,BOG,Tripulante Cabina,Licencia Medica,2023-08-07,2023-08-21,14,1
ABS002384,EMP01034,GRU,Piloto Comandante,Vacaciones,2024-03-03,2024-03-12,9,1
ABS002385,EMP01237,GRU,Tripulante Cabina Senior,Vacaciones,2023-02-13,2023-02-21,8,1
ABS002386,EMP01191,BOG,Piloto Comandante,Licencia Medica,2023-12-27,2024-01-09,13,1
ABS002387,EMP00165,SCL,Ground Staff,Permiso Sin Goce,2023-11-25,2023-11-29,4,1
ABS002388,EMP00915,EZE,Tripulante Cabina,Vacaciones,2023-01-01,2023-01-12,11,1
ABS002389,EMP01671,BOG,Tecnico Mantencion,Licencia Medica,2024-05-13,2024-05-18,5,
ABS002390,EMP01604,BOG,Tripulante Cabina,Permiso Sin Goce,2022-04-05,2022-04-11,6,1
ABS002391,EMP00888,BOG,Tripulante Cabina Senior,Licencia Medica,2024-04-30,2024-05-09,9,1
ABS002392,EMP00802,SCL,Ground Staff,Ausencia Injustificada,2023-01-24,2023-02-01,8,0
ABS002393,EMP01937,JFK,Piloto Copiloto,Licencia Medica,2022-03-04,2022-03-24,20,1
ABS002394,EMP01376,LIM,Ground Staff,Vacaciones,2023-01-25,2023-02-02,8,1
ABS002395,EMP00825,BOG,Tripulante Cabina,Licencia Medica,2023-08-13,2023-08-23,10,1
ABS002396,EMP00497,EZE,Tripulante Cabina,Licencia Medica,2022-08-17,2022-08-22,5,1
ABS002397,EMP00275,BOG,Ground Staff,Vacaciones,2023-04-21,2023-05-10,19,1
ABS002398,EMP00505,JFK,Tripulante Cabina Senior,Licencia Medica,2023-01-31,2023-02-15,15,1
ABS002399,EMP01424,LIM,Ground Staff,Vacaciones,2024-07-25,2024-08-11,17,1
ABS002400,EMP01027,LIM,Tripulante Cabina,Vacaciones,2024-02-29,2024-03-16,16,1
ABS002401,EMP00170,BOG,Supervisor Operaciones,Capacitacion,2022-08-31,2022-09-03,3,1
ABS002402,EMP01472,GRU,Administrativo,Vacaciones,2022-07-30,2022-08-17,18,1
ABS002403,EMP01534,EZE,Tripulante Cabina,Permiso Sin Goce,2023-02-13,2023-02-20,7,1
ABS002404,EMP00115,MAD,Tripulante Cabina Senior,Licencia Medica,2024-08-03,2024-08-13,10,1
ABS002405,EMP00071,SCL,Supervisor Operaciones,Permiso Sin Goce,2022-02-20,2022-02-22,2,1
ABS002406,EMP01963,SCL,Ground Staff,Vacaciones,2024-06-09,2024-06-19,10,1
ABS002407,EMP00629,sao paulo,Supervisor Operaciones,Vacaciones,2024-07-15,2024-07-25,10,1
ABS002408,EMP00349,SCL,Supervisor Operaciones,Capacitacion,2022-06-01,2022-06-04,,1
ABS002409,EMP01274,LIM,Tecnico Mantencion,Vacaciones,2024-08-09,2024-08-29,20,1
ABS002410,EMP01795,SCL,Agente Check-in,Permiso Sin Goce,2023-12-04,2023-12-08,4,1
ABS002411,EMP01893,SCL,Tripulante Cabina,Vacaciones,2022-03-18,2022-04-08,21,1
ABS002412,EMP01253,MIA,Tripulante Cabina Senior,Licencia Medica,2024-03-04,2024-03-28,24,1
ABS002413,EMP01557,SCL,Tripulante Cabina,Vacaciones,2024-08-02,2024-08-10,8,1
ABS002414,EMP00806,GRU,Piloto Copiloto,Capacitacion,2022-07-04,2022-07-06,,1
ABS002415,EMP01128,GRU,Tripulante Cabina Senior,Licencia Medica,2023-07-25,2023-08-15,21,1
ABS002416,EMP00537,GRU,Administrativo,Accidente Laboral,2023-06-16,2023-06-22,6,
ABS002417,EMP01883,LIM,Piloto Comandante,Vacaciones,2023-07-14,2023-08-04,21,1
ABS002418,EMP00253,SCL,Ground Staff,Capacitacion,2023-07-10,2023-07-14,4,1
ABS002419,EMP00447,EZE,Tripulante Cabina Senior,Licencia Medica,2024-05-13,2024-06-09,27,1
ABS002420,EMP01111,SCL,Tripulante Cabina,Vacaciones,2024-07-04,2024-07-11,,1
ABS002421,EMP00375,EZE,Ground Staff,Permiso Sin Goce,2022-06-25,2022-07-02,7,1
ABS002422,EMP01086,GRU,Supervisor Operaciones,Licencia Medica,2023-05-07,2023-05-11,4,1
ABS002423,EMP00589,SCL,Piloto Copiloto,Permiso Sin Goce,2022-11-04,2022-11-08,4,1
ABS002424,EMP01765,GRU,Agente Check-in,Vacaciones,2024-03-01,2024-03-10,9,1
ABS002425,EMP00252,LIM,Agente Check-in,Permiso Sin Goce,2022-04-12,2022-04-21,9,1
ABS002426,EMP01519,BOG,Ground Staff,Licencia Medica,2024-03-26,2024-03-29,3,1
ABS002427,EMP01248,LIM,Supervisor Operaciones,Permiso Sin Goce,2022-08-31,2022-09-04,4,1
ABS002428,EMP00576,SCL,Tripulante Cabina Senior,Vacaciones,2022-06-22,2022-07-03,11,1
ABS002429,EMP00648,MIA,Ground Staff,Accidente Laboral,2023-04-21,2023-04-30,9,1
ABS002430,EMP01728,LIM,Ground Staff,Licencia Medica,2023-01-15,2023-01-18,3,1
ABS002431,EMP00147,GRU,Seguridad,Licencia Medica,2024-05-06,2024-05-17,11,1
ABS002432,EMP00411,GRU,Agente Check-in,Vacaciones,2023-11-04,2023-11-20,16,1
ABS002433,EMP01543,MIA,Tripulante Cabina,Vacaciones,2022-07-11,2022-08-01,21,1
ABS002434,EMP01270,SCL,Tripulante Cabina,Licencia Medica,2023-03-19,2023-04-12,24,1
ABS002435,EMP00484,EZE,Piloto Comandante,Licencia Medica,2024-01-30,2024-02-29,30,1
ABS002436,EMP00031,BOG,Tripulante Cabina Senior,Capacitacion,2023-01-14,2023-01-17,3,1
ABS002437,EMP01440,MIA,Tripulante Cabina Senior,Licencia Medica,2022-10-30,2022-11-14,15,0
ABS002438,EMP00528,LIM,Tripulante Cabina,Vacaciones,2022-10-19,2022-10-27,8,0
ABS002439,EMP00353,BOG,Piloto Copiloto,Vacaciones,2023-01-25,2023-02-12,18,1
ABS002440,EMP01280,SCL,Ground Staff,Licencia Medica,2022-07-16,2022-08-04,19,1
ABS002441,EMP00504,EZE,Seguridad,Vacaciones,2022-03-06,2022-03-20,14,1
ABS002442,EMP00511,SCL,Tecnico Mantencion,Vacaciones,2024-03-25,,9,1
ABS002443,EMP00394,SCL,Agente Check-in,Vacaciones,2022-04-16,2022-05-03,17,1
ABS002444,EMP01606,SCL,Ground Staff,Accidente Laboral,2024-08-03,2024-08-07,4,1
ABS002445,EMP01565,SCL,Agente Check-in,Permiso Sin Goce,2024-01-20,2024-01-28,8,0
ABS002446,EMP00369,LIM,Piloto Comandante,Capacitacion,2023-12-14,2023-12-16,2,1
ABS002447,EMP01530,GRU,Tecnico Mantencion,Permiso Sin Goce,2024-06-16,2024-06-23,7,1
ABS002448,EMP01347,EZE,Tripulante Cabina Senior,Capacitacion,2023-01-04,2023-01-07,3,1
ABS002449,EMP00969,LIM,Tripulante Cabina Senior,Capacitacion,2024-11-10,2024-11-15,5,1
ABS002450,EMP00301,SCL,Piloto Comandante,Capacitacion,2024-01-03,2024-01-08,5,1
ABS002451,EMP01528,EZE,Tripulante Cabina,Permiso Sin Goce,2022-10-21,2022-10-31,10,1
ABS002452,EMP01813,SCL,Piloto Comandante,Permiso Sin Goce,2024-04-06,2024-04-08,2,1
ABS002453,EMP00725,BOG,Agente Check-in,Licencia Medica,2024-12-24,2024-12-25,1,1
ABS002454,EMP01176,SCL,Piloto Comandante,Licencia Medica,2023-01-02,2023-01-14,12,0
ABS002455,EMP00164,GRU,Tripulante Cabina,Permiso Sin Goce,2022-07-01,2022-07-04,3,1
ABS002456,EMP00986,MIA,Ground Staff,Vacaciones,2022-07-26,2022-08-04,9,1
ABS002457,EMP00968,MIA,Tripulante Cabina Senior,Licencia Medica,2024-07-31,2024-08-07,7,1
ABS002458,EMP00615,BOG,Administrativo,Vacaciones,2023-01-04,2023-01-19,15,
ABS002459,EMP00358,BOG,Tripulante Cabina,Vacaciones,2024-07-19,2024-08-06,18,1
ABS002460,EMP00569,LIM,Ground Staff,Vacaciones,2022-01-03,2022-01-10,7,0
ABS002461,EMP01440,LIM,Administrativo,Vacaciones,2022-09-22,2022-10-06,14,0
ABS002462,EMP01790,EZE,Tripulante Cabina,Permiso Sin Goce,2022-08-01,,1,1
ABS002463,EMP00505,GRU,Piloto Comandante,Vacaciones,2024-08-29,2024-09-18,20,1
ABS002464,EMP00890,LIM,Piloto Copiloto,Vacaciones,2024-01-28,2024-02-15,18,1
ABS002465,EMP00365,SCL,Supervisor Operaciones,Capacitacion,2024-02-22,2024-02-24,2,
ABS002466,EMP00627,EZE,Piloto Comandante,Vacaciones,2022-06-10,2022-06-26,16,1
ABS002467,EMP01484,LIM,Piloto Copiloto,Vacaciones,2024-06-21,2024-06-30,9,1
ABS002468,EMP01871,SCL,Piloto Copiloto,Vacaciones,2023-11-02,2023-11-22,20,1
ABS002469,EMP00659,EZE,Ground Staff,Licencia Medica,2024-07-19,2024-07-29,10,1
ABS002470,EMP01760,JFK,Tecnico Mantencion,Licencia Medica,2022-10-18,2022-10-27,9,1
ABS002471,EMP01162,LIM,Tripulante Cabina Senior,Permiso Sin Goce,2022-01-03,2022-01-08,5,1
ABS002472,EMP01814,EZE,Tripulante Cabina Senior,Permiso Sin Goce,2023-05-29,2023-06-08,10,1
ABS002473,EMP01463,BOG,Seguridad,Accidente Laboral,2022-08-22,2022-08-29,7,1
ABS002474,EMP00224,SCL,Agente Check-in,Accidente Laboral,2024-05-27,,4,1
ABS002475,EMP01178,JFK,Tecnico Mantencion,Vacaciones,2024-09-07,2024-09-20,13,1
ABS002476,EMP00484,BOG,Ground Staff,Vacaciones,2024-07-12,2024-07-27,15,1
ABS002477,EMP01820,BOG,Tripulante Cabina,Accidente Laboral,2022-05-11,2022-05-18,7,0
ABS002478,EMP01474,MIA,Agente Check-in,Vacaciones,2023-09-18,2023-10-09,21,0
ABS002479,EMP01574,SCL,Piloto Copiloto,Permiso Sin Goce,2022-10-03,2022-10-13,10,1
ABS002480,EMP00023,LIM,Tripulante Cabina,Vacaciones,2023-01-15,2023-01-29,14,1
ABS002481,EMP00187,LIM,Tripulante Cabina Senior,Licencia Medica,2022-07-14,2022-07-15,1,1
ABS002482,EMP00239,BOG,Tripulante Cabina,Vacaciones,2023-01-15,2023-01-27,12,1
ABS002483,EMP00196,EZE,Tripulante Cabina Senior,Ausencia Injustificada,2024-07-07,2024-07-14,7,1
ABS002484,EMP01511,SCL,Supervisor Operaciones,Permiso Sin Goce,2024-07-08,2024-07-18,10,1
ABS002485,EMP00527,SCL,Piloto Copiloto,Capacitacion,2023-11-30,2023-12-03,3,1
ABS002486,EMP00771,SCL,Piloto Copiloto,Licencia Medica,2024-05-04,2024-05-21,17,1
ABS002487,EMP01213,GRU,Supervisor Operaciones,Vacaciones,2024-10-27,,9,1
ABS002488,EMP00512,MIA,Administrativo,Licencia Medica,2024-10-30,2024-11-16,17,1
ABS002489,EMP01152,MIA,Tripulante Cabina Senior,Vacaciones,2022-07-26,2022-08-12,17,1
ABS002490,EMP00032,SCL,Tecnico Mantencion,Permiso Sin Goce,2022-07-19,2022-07-27,8,1
ABS002491,EMP00283,BOG,Tripulante Cabina,Vacaciones,2022-07-26,2022-08-05,10,1
ABS002492,EMP01223,SCL,Tripulante Cabina,Accidente Laboral,2022-07-28,2022-07-30,2,1
ABS002493,EMP01879,SCL,Tripulante Cabina,Licencia Medica,2023-03-28,2023-04-01,4,0
ABS002494,EMP01083,SCL,Tecnico Mantencion,Vacaciones,2023-07-05,2023-07-15,10,1
ABS002495,EMP00982,SCL,Seguridad,Accidente Laboral,2023-01-14,2023-01-15,1,1
ABS002496,EMP00802,GRU,Ground Staff,Vacaciones,2024-07-22,2024-08-04,13,1
ABS002497,EMP02000,SCL,Agente Check-in,Licencia Medica,2024-07-29,2024-08-01,3,0
ABS002498,EMP01372,MIA,Administrativo,Capacitacion,2023-09-01,2023-09-06,5,1
ABS002499,EMP00433,BOG,Ground Staff,Vacaciones,2024-10-13,2024-11-03,21,1
ABS002500,EMP01748,SCL,Piloto Comandante,Accidente Laboral,2022-09-23,2022-09-26,,0
ABS002501,EMP01689,MIA,Tripulante Cabina,Vacaciones,2023-01-11,2023-01-23,12,1
ABS002502,EMP01997,BOG,Piloto Copiloto,Permiso Sin Goce,2022-09-20,2022-09-21,1,1
ABS002503,EMP01608,MIA,Agente Check-in,Permiso Sin Goce,2024-03-20,2024-03-24,4,1
ABS002504,EMP00955,MAD,Ground Staff,Permiso Sin Goce,2022-11-03,2022-11-10,7,1
ABS002505,EMP00758,SCL,Ground Staff,Vacaciones,2024-01-07,2024-01-24,17,1
ABS002506,EMP01444,SCL,Tripulante Cabina Senior,Vacaciones,2023-07-07,2023-07-17,10,1
ABS002507,EMP01059,EZE,Agente Check-in,Licencia Medica,2023-10-06,2023-10-29,23,1
ABS002508,EMP01497,SCL,Seguridad,Licencia Medica,2023-02-13,2023-03-08,23,1
ABS002509,EMP00308,LIM,Tecnico Mantencion,Permiso Sin Goce,2024-01-06,2024-01-13,7,1
ABS002510,EMP00357,LIM,Tecnico Mantencion,Vacaciones,2023-09-18,2023-10-01,13,1
ABS002511,EMP01264,SCL,Ground Staff,Permiso Sin Goce,2024-07-18,2024-07-24,6,1
ABS002512,EMP01166,GRU,Piloto Copiloto,Permiso Sin Goce,2022-07-27,2022-08-05,9,1
ABS002513,EMP01412,SCL,Tripulante Cabina Senior,Accidente Laboral,2024-10-03,2024-10-05,2,1
ABS002514,EMP01849,BOG,Piloto Copiloto,Accidente Laboral,2022-07-17,2022-07-27,10,1
ABS002515,EMP00189,GRU,Agente Check-in,Vacaciones,2024-10-21,2024-11-09,19,1
ABS002516,EMP01172,GRU,Tripulante Cabina,Vacaciones,2023-11-22,2023-12-07,15,1
ABS002517,EMP00517,BOG,Piloto Comandante,Vacaciones,2024-04-05,2024-04-14,9,1
ABS002518,EMP01959,BOG,Agente Check-in,Licencia Medica,2022-10-31,2022-11-26,26,0
ABS002519,EMP01990,GRU,Tripulante Cabina Senior,Accidente Laboral,2022-09-24,2022-09-29,5,1
ABS002520,EMP01017,MAD,Ground Staff,Permiso Sin Goce,2024-06-05,2024-06-14,9,1
ABS002521,EMP01308,GRU,Agente Check-in,Capacitacion,2022-01-27,2022-01-28,1,1
ABS002522,EMP00659,LIM,Ground Staff,Vacaciones,2023-05-12,2023-05-19,7,1
ABS002523,EMP00044,MIA,Agente Check-in,Licencia Medica,2023-11-13,2023-11-27,14,
ABS002524,EMP00756,SCL,Agente Check-in,Licencia Medica,2022-08-13,2022-09-09,27,1
ABS002525,EMP01366,SCL,Piloto Copiloto,Permiso Sin Goce,2024-10-18,2024-10-25,7,1
ABS002526,EMP00270,SCL,Agente Check-in,Licencia Medica,2023-06-12,2023-06-23,,1
ABS002527,EMP00878,SCL,Tripulante Cabina,Permiso Sin Goce,2023-07-08,2023-07-14,6,0
ABS002528,EMP00580,BOG,Administrativo,Capacitacion,2024-12-28,2025-01-01,4,1
ABS002529,EMP01698,BOG,Agente Check-in,Permiso Sin Goce,2022-08-30,2022-09-05,6,1
ABS002530,EMP00834,EZE,Tripulante Cabina Senior,Licencia Medica,2023-07-13,2023-07-19,6,1
ABS002531,EMP00478,EZE,Tripulante Cabina Senior,Permiso Sin Goce,2023-04-06,2023-04-14,8,1
ABS002532,EMP00936,EZE,Piloto Copiloto,Accidente Laboral,2023-10-27,2023-10-31,4,1
ABS002533,EMP01182,SCL,Tripulante Cabina,Accidente Laboral,2024-06-07,2024-06-17,10,1
ABS002534,EMP01851,BOG,Tripulante Cabina,Licencia Medica,2024-07-15,2024-08-03,19,1
ABS002535,EMP00390,GRU,Tripulante Cabina,Licencia Medica,2022-08-06,2022-09-05,30,0
ABS002536,EMP00347,SCL,Agente Check-in,Licencia Medica,2024-06-18,2024-06-22,4,1
ABS002537,EMP01516,SCL,Tripulante Cabina,Capacitacion,2022-05-15,2022-05-17,2,
ABS002538,EMP01862,SCL,Tripulante Cabina,Capacitacion,2024-03-15,2024-03-20,5,1
ABS002539,EMP00475,EZE,Tripulante Cabina,Vacaciones,2024-05-11,2024-05-19,8,1
ABS002540,EMP01950,BOG,Tripulante Cabina,Licencia Medica,2023-07-09,2023-08-04,26,
ABS002541,EMP01061,EZE,Supervisor Operaciones,Licencia Medica,2022-01-04,2022-01-19,15,1
ABS002542,EMP01601,LIM,Administrativo,Licencia Medica,2023-05-18,2023-06-10,23,1
ABS002543,EMP00518,BOG,Ground Staff,Permiso Sin Goce,2024-10-21,2024-10-28,7,1
ABS002544,EMP01201,SCL,Tripulante Cabina Senior,Licencia Medica,2022-07-06,2022-07-28,22,1
ABS002545,EMP01791,SCL,Tecnico Mantencion,Vacaciones,2024-07-08,2024-07-15,7,1
ABS002546,EMP00717,GRU,Tripulante Cabina Senior,Accidente Laboral,2024-05-09,2024-05-13,4,1
ABS002547,EMP00894,BOG,Ground Staff,Vacaciones,2023-07-24,2023-08-10,17,1
ABS002548,EMP01042,SCL,Tripulante Cabina,Licencia Medica,2022-07-29,2022-08-17,19,0
ABS002549,EMP00165,GRU,Tecnico Mantencion,Licencia Medica,2024-11-18,2024-11-24,6,1
ABS002550,EMP01203,SCL,Tripulante Cabina,Accidente Laboral,2024-07-15,2024-07-21,6,1
ABS002551,EMP00888,SCL,Tripulante Cabina,Licencia Medica,2024-02-03,2024-02-16,13,0
ABS002552,EMP00835,GRU,Agente Check-in,Vacaciones,2023-05-29,2023-06-18,20,1
ABS002553,EMP00342,EZE,Tecnico Mantencion,Vacaciones,2024-11-23,2024-12-12,19,0
ABS002554,EMP00502,SCL,Tripulante Cabina,Vacaciones,2024-03-28,2024-04-06,9,1
ABS002555,EMP01323,SCL,Tripulante Cabina,Capacitacion,2023-04-04,2023-04-07,3,1
ABS002556,EMP00739,LIM,Piloto Copiloto,Licencia Medica,2022-01-22,2022-02-14,23,0
ABS002557,EMP00357,MIA,Tripulante Cabina Senior,Permiso Sin Goce,2024-01-21,2024-01-24,3,1
ABS002558,EMP01743,MIA,Tripulante Cabina,Permiso Sin Goce,2024-05-24,2024-05-30,6,1
ABS002559,EMP00307,SCL,Tripulante Cabina,Licencia Medica,2023-04-11,2023-04-25,14,1
ABS002560,EMP00157,LIM,Ground Staff,Vacaciones,2023-08-29,2023-09-12,14,1
ABS002561,EMP00958,BOG,Tripulante Cabina,Licencia Medica,2023-07-31,2023-08-18,18,1
ABS002562,EMP00240,BOG,Ground Staff,Licencia Medica,2023-01-31,2023-02-13,13,0
ABS002563,EMP01553,BOG,Agente Check-in,Capacitacion,2022-11-09,2022-11-11,2,1
ABS002564,EMP00742,SCL,Tecnico Mantencion,Vacaciones,2023-04-03,2023-04-16,13,1
ABS002565,EMP00200,SCL,Ground Staff,Accidente Laboral,2024-07-30,2024-08-01,2,1
ABS002566,EMP00941,GRU,Seguridad,Vacaciones,2023-07-19,2023-08-05,,1
ABS002567,EMP00079,GRU,Ground Staff,Capacitacion,2023-01-14,2023-01-19,5,1
ABS002568,EMP01220,SCL,Administrativo,Licencia Medica,2024-04-19,2024-05-07,18,1
ABS002569,EMP01337,EZE,Seguridad,Licencia Medica,2022-07-08,2022-08-02,25,1
ABS002570,EMP00204,GRU,Tecnico Mantencion,Permiso Sin Goce,2023-07-14,2023-07-19,5,1
ABS002571,EMP00445,BOG,Tripulante Cabina Senior,Permiso Sin Goce,2022-01-17,2022-01-27,10,1
ABS002572,EMP01850,GRU,Piloto Comandante,Licencia Medica,2024-11-20,2024-12-20,30,1
ABS002573,EMP00027,LIM,Tripulante Cabina Senior,Vacaciones,2022-01-12,2022-01-27,15,1
ABS002574,EMP00874,SCL,Ground Staff,Ausencia Injustificada,2024-05-30,2024-06-05,6,1
ABS002575,EMP01335,MAD,Ground Staff,Vacaciones,2022-01-15,2022-01-31,16,1
ABS002576,EMP01080,SCL,Piloto Comandante,Accidente Laboral,2024-01-02,2024-01-12,10,1
ABS002577,EMP00285,SCL,Tripulante Cabina Senior,Vacaciones,2024-01-03,2024-01-19,16,1
ABS002578,EMP01812,BOG,Piloto Copiloto,Capacitacion,2024-08-23,2024-08-27,4,1
ABS002579,EMP01247,MIA,Supervisor Operaciones,Accidente Laboral,2022-05-07,2022-05-12,5,1
ABS002580,EMP01847,GRU,Piloto Comandante,Permiso Sin Goce,2023-07-10,2023-07-13,3,1
ABS002581,EMP01229,BOG,Agente Check-in,Vacaciones,2023-03-10,2023-03-25,15,0
ABS002582,EMP01045,LIM,Tripulante Cabina,Capacitacion,2022-10-29,2022-11-03,5,1
ABS002583,EMP01463,LIM,Tecnico Mantencion,Vacaciones,2024-07-28,2024-08-12,15,1
ABS002584,EMP01437,SCL,Piloto Comandante,Licencia Medica,2023-07-10,,16,1
ABS002585,EMP01674,GRU,Tecnico Mantencion,Vacaciones,2022-08-23,,14,1
ABS002586,EMP01569,BOG,Tripulante Cabina,Licencia Medica,2024-09-30,2024-10-15,15,1
ABS002587,EMP00681,SCL,Agente Check-in,Licencia Medica,2022-09-17,2022-09-18,1,0
ABS002588,EMP00491,LIM,Tripulante Cabina Senior,Licencia Medica,2024-07-06,2024-07-23,17,1
ABS002589,EMP00611,MIA,Tecnico Mantencion,Vacaciones,2023-07-29,2023-08-08,10,1
ABS002590,EMP01902,GRU,Piloto Comandante,Vacaciones,2024-04-19,2024-05-05,16,1
ABS002591,EMP01462,GRU,Piloto Comandante,Licencia Medica,2023-07-14,2023-07-15,1,1
ABS002592,EMP00030,LIM,Tripulante Cabina,Vacaciones,2022-02-25,2022-03-04,7,1
ABS002593,EMP01799,SCL,Tripulante Cabina Senior,Vacaciones,2022-07-14,,21,1
ABS002594,EMP01859,GRU,Agente Check-in,Vacaciones,2022-01-20,2022-01-31,11,1
ABS002595,EMP00372,SCL,Supervisor Operaciones,Vacaciones,2022-12-03,2022-12-18,15,1
ABS002596,EMP01322,EZE,Agente Check-in,Licencia Medica,2024-04-08,2024-04-12,4,1
ABS002597,EMP00599,GRU,Supervisor Operaciones,Permiso Sin Goce,2024-02-07,2024-02-15,8,1
ABS002598,EMP01753,MIA,Supervisor Operaciones,Permiso Sin Goce,2023-02-23,2023-03-04,9,1
ABS002599,EMP00268,GRU,Tripulante Cabina,Permiso Sin Goce,2024-01-31,2024-02-07,7,1
ABS002600,EMP00859,JFK,Tripulante Cabina,Permiso Sin Goce,2022-07-12,2022-07-15,3,0
ABS002601,EMP00645,SCL,Tripulante Cabina Senior,Licencia Medica,2024-08-29,2024-09-19,21,1
ABS002602,EMP00364,SCL,Agente Check-in,Licencia Medica,2022-12-13,2022-12-29,16,1
ABS002603,EMP01500,BOG,Supervisor Operaciones,Licencia Medica,2024-04-04,2024-04-07,3,
ABS002604,EMP00556,SCL,Tripulante Cabina Senior,Licencia Medica,2024-01-31,2024-02-12,12,0
ABS002605,EMP00482,GRU,Ground Staff,Vacaciones,2022-04-12,2022-05-01,19,
ABS002606,EMP01564,LIM,Piloto Copiloto,Licencia Medica,2024-01-21,2024-01-26,5,1
ABS002607,EMP00573,MIA,Ground Staff,Licencia Medica,2022-01-03,2022-01-07,4,1
ABS002608,EMP00844,LIM,Ground Staff,Licencia Medica,2024-08-09,2024-08-17,8,0
ABS002609,EMP00209,BOG,Piloto Comandante,Accidente Laboral,2024-04-04,2024-04-13,9,1
ABS002610,EMP00111,MAD,Supervisor Operaciones,Licencia Medica,2022-08-25,2022-09-17,23,1
ABS002611,EMP01468,MAD,Ground Staff,Licencia Medica,2024-01-03,2024-01-05,2,1
ABS002612,EMP00227,SCL,Piloto Comandante,Licencia Medica,2022-09-11,2022-09-26,15,
ABS002613,EMP00267,GRU,Agente Check-in,Capacitacion,2022-10-21,2022-10-25,4,
ABS002614,EMP01073,LIM,Piloto Copiloto,Vacaciones,2023-07-02,2023-07-17,15,1
ABS002615,EMP01067,SCL,Tecnico Mantencion,Vacaciones,2024-07-22,2024-08-04,13,1
ABS002616,EMP01623,SCL,Administrativo,Licencia Medica,2023-07-15,2023-08-07,23,1
ABS002617,EMP00188,SCL,Tripulante Cabina,Vacaciones,2024-09-22,2024-09-29,7,1
ABS002618,EMP00519,BOG,Tecnico Mantencion,Vacaciones,2023-04-27,2023-05-07,10,1
ABS002619,EMP01087,LIM,Tecnico Mantencion,Accidente Laboral,2024-03-03,2024-03-06,3,1
ABS002620,EMP00129,JFK,Tripulante Cabina,Vacaciones,2024-07-24,2024-08-14,21,1
ABS002621,EMP00529,LIM,Ground Staff,Accidente Laboral,2024-07-22,2024-07-27,5,
ABS002622,EMP00150,SCL,Tripulante Cabina,Capacitacion,2023-05-20,2023-05-24,4,1
ABS002623,EMP00541,MIA,Ground Staff,Vacaciones,2023-06-20,2023-06-27,7,1
ABS002624,EMP01110,MAD,Tecnico Mantencion,Vacaciones,2024-11-03,2024-11-21,18,1
ABS002625,EMP00454,EZE,Piloto Copiloto,Capacitacion,2023-03-11,2023-03-12,1,
ABS002626,EMP00616,SCL,Supervisor Operaciones,Licencia Medica,2023-07-25,2023-07-31,6,1
ABS002627,EMP01124,SCL,Tripulante Cabina,Vacaciones,2023-06-11,2023-06-19,8,1
ABS002628,EMP00198,BOG,Tripulante Cabina,Licencia Medica,2023-08-10,2023-08-23,13,1
ABS002629,EMP01391,MIA,Piloto Copiloto,Permiso Sin Goce,2023-07-29,2023-08-06,8,1
ABS002630,EMP00354,SCL,Supervisor Operaciones,Vacaciones,2023-10-14,2023-10-24,10,1
ABS002631,EMP00849,EZE,Piloto Copiloto,Capacitacion,2023-05-05,2023-05-07,2,1
ABS002632,EMP00389,EZE,Tripulante Cabina Senior,Vacaciones,2023-07-29,2023-08-16,18,1
ABS002633,EMP01055,GRU,Tripulante Cabina,Permiso Sin Goce,2022-09-23,2022-09-25,2,1
ABS002634,EMP00909,GRU,Tripulante Cabina,Accidente Laboral,2024-07-26,2024-07-27,1,1
ABS002635,EMP00492,SCL,Tripulante Cabina Senior,Capacitacion,2023-11-18,2023-11-19,1,1
ABS002636,EMP01574,MIA,Piloto Copiloto,Licencia Medica,2023-06-27,2023-07-27,30,1
ABS002637,EMP00366,MIA,Supervisor Operaciones,Vacaciones,2022-08-09,2022-08-17,8,0
ABS002638,EMP00480,BOG,Tripulante Cabina,Permiso Sin Goce,2023-09-27,2023-10-03,6,1
ABS002639,EMP00628,BOG,Tecnico Mantencion,Permiso Sin Goce,2022-01-12,2022-01-21,9,1
ABS002640,EMP00968,GRU,Supervisor Operaciones,Capacitacion,2023-11-07,2023-11-11,4,0
ABS002641,EMP00611,BOG,Tecnico Mantencion,Vacaciones,2024-06-13,2024-06-23,10,0
ABS002642,EMP00763,BOG,Tripulante Cabina Senior,Licencia Medica,2022-07-03,2022-07-28,25,1
ABS002643,EMP00694,MAD,Agente Check-in,Vacaciones,2022-02-27,2022-03-14,15,1
ABS002644,EMP00961,SCL,Tripulante Cabina Senior,Licencia Medica,2024-08-06,2024-08-31,25,1
ABS002645,EMP01099,SCL,Tripulante Cabina Senior,Permiso Sin Goce,2022-08-28,2022-09-07,10,1
ABS002646,EMP00394,EZE,Supervisor Operaciones,Vacaciones,2024-07-26,,11,1
ABS002647,EMP01755,GRU,Tripulante Cabina Senior,Accidente Laboral,2023-04-03,2023-04-04,,1
ABS002648,EMP00219,LIM,Piloto Comandante,Licencia Medica,2023-08-06,2023-08-27,21,1
ABS002649,EMP01491,SCL,Piloto Copiloto,Licencia Medica,2022-03-04,2022-03-31,27,1
ABS002650,EMP00981,BOG,Tripulante Cabina,Licencia Medica,2023-09-30,2023-10-07,7,1
ABS002651,EMP01746,GRU,Tripulante Cabina,Capacitacion,2023-08-21,2023-08-25,4,
ABS002652,EMP01268,EZE,Supervisor Operaciones,Permiso Sin Goce,2022-07-29,,8,1
ABS002653,EMP01375,SCL,Piloto Comandante,Permiso Sin Goce,2023-07-30,2023-07-31,1,1
ABS002654,EMP00244,BOG,Agente Check-in,Licencia Medica,2023-01-24,2023-02-19,26,1
ABS002655,EMP00672,GRU,Piloto Comandante,Accidente Laboral,2023-04-26,2023-05-04,8,1
ABS002656,EMP01248,SCL,Supervisor Operaciones,Ausencia Injustificada,2023-07-15,2023-07-23,8,0
ABS002657,EMP01013,SCL,Tripulante Cabina,Licencia Medica,2024-05-20,2024-05-27,7,1
ABS002658,EMP00270,GRU,Ground Staff,Capacitacion,2022-04-28,2022-04-29,1,1
ABS002659,EMP01081,BOG,Tripulante Cabina Senior,Licencia Medica,2022-10-05,2022-10-07,2,1
ABS002660,EMP01180,SCL,Piloto Copiloto,Permiso Sin Goce,2022-02-14,2022-02-15,1,1
ABS002661,EMP00451,LIM,Agente Check-in,Licencia Medica,2024-08-10,2024-08-15,5,1
ABS002662,EMP00450,MIA,Supervisor Operaciones,Vacaciones,2024-09-13,2024-10-04,21,
ABS002663,EMP00200,MIA,Administrativo,Vacaciones,2023-09-02,2023-09-18,16,1
ABS002664,EMP00916,EZE,Ground Staff,Accidente Laboral,2024-01-22,2024-01-25,3,0
ABS002665,EMP00614,LIM,Tripulante Cabina,Vacaciones,2024-07-31,2024-08-08,8,1
ABS002666,EMP00859,EZE,Tripulante Cabina Senior,Capacitacion,2022-07-11,2022-07-15,4,1
ABS002667,EMP01605,BOG,Ground Staff,Vacaciones,2022-04-20,2022-05-05,15,1
ABS002668,EMP01685,BOG,Tripulante Cabina Senior,Vacaciones,2024-01-09,2024-01-16,7,1
ABS002669,EMP01571,GRU,Ground Staff,Vacaciones,2024-05-22,2024-05-31,9,1
ABS002670,EMP01397,SCL,Agente Check-in,Capacitacion,2023-02-22,2023-02-24,2,1
ABS002671,EMP01780,LIM,Tripulante Cabina Senior,Accidente Laboral,2022-06-26,2022-06-30,4,1
ABS002672,EMP01515,Santiago,Agente Check-in,Capacitacion,2022-06-04,,3,1
ABS002673,EMP01856,LIM,Tripulante Cabina Senior,Licencia Medica,2023-07-26,2023-08-18,23,1
ABS002674,EMP00262,GRU,Ground Staff,Licencia Medica,2024-12-18,2024-12-21,3,1
ABS002675,EMP01117,BOG,Ground Staff,Vacaciones,2023-03-13,2023-03-27,14,1
ABS002676,EMP00368,SCL,Supervisor Operaciones,Accidente Laboral,2023-01-12,2023-01-21,9,1
ABS002677,EMP01788,SCL,Piloto Copiloto,Accidente Laboral,2024-03-11,2024-03-19,8,1
ABS002678,EMP00467,GRU,Tripulante Cabina Senior,Vacaciones,2022-06-19,2022-07-03,14,1
ABS002679,EMP00797,SCL,Piloto Comandante,Licencia Medica,2023-12-13,2024-01-11,29,1
ABS002680,EMP00702,LIM,Tripulante Cabina,Licencia Medica,2022-10-26,2022-10-30,4,1
ABS002681,EMP00139,GRU,Ground Staff,Vacaciones,2023-01-07,2023-01-23,16,1
ABS002682,EMP00488,SCL,Ground Staff,Licencia Medica,2022-08-15,2022-08-21,6,
ABS002683,EMP01245,MIA,Piloto Copiloto,Vacaciones,2022-01-16,2022-02-04,19,1
ABS002684,EMP00273,LIM,Supervisor Operaciones,Vacaciones,2023-04-25,2023-05-04,9,1
ABS002685,EMP01266,SCL,Supervisor Operaciones,Licencia Medica,2023-11-29,2023-12-08,9,1
ABS002686,EMP01164,MAD,Ground Staff,Vacaciones,2023-12-04,2023-12-18,14,1
ABS002687,EMP01681,BOG,Tripulante Cabina Senior,Accidente Laboral,2022-01-15,2022-01-19,4,1
ABS002688,EMP01934,GRU,Ground Staff,Licencia Medica,2024-04-05,2024-04-11,6,1
ABS002689,EMP01010,SCL,Tripulante Cabina,Capacitacion,2024-03-28,2024-03-30,2,1
ABS002690,EMP00895,MIA,Administrativo,Permiso Sin Goce,2023-07-17,2023-07-18,1,1
ABS002691,EMP01271,SCL,Tripulante Cabina Senior,Licencia Medica,2023-12-23,2024-01-10,18,0
ABS002692,EMP00253,LIM,Agente Check-in,Licencia Medica,2022-01-03,2022-01-04,1,1
ABS002693,EMP01294,BOG,Seguridad,Licencia Medica,2022-12-02,2022-12-28,26,1
ABS002694,EMP00072,SCL,Piloto Copiloto,Vacaciones,2023-01-30,2023-02-09,10,1
ABS002695,EMP01722,SCL,Tripulante Cabina,Permiso Sin Goce,2023-07-12,2023-07-19,7,1
ABS002696,EMP00839,SCL,Supervisor Operaciones,Vacaciones,2024-01-10,2024-01-24,14,1
ABS002697,EMP01184,EZE,Agente Check-in,Vacaciones,2022-07-14,2022-07-22,8,1
ABS002698,EMP01816,LIM,Administrativo,Permiso Sin Goce,2023-07-23,2023-07-25,2,1
ABS002699,EMP01329,EZE,Tecnico Mantencion,Vacaciones,2024-04-21,2024-04-30,9,1
ABS002700,EMP00294,GRU,Ground Staff,Licencia Medica,2023-07-07,2023-07-11,4,1
ABS002701,EMP00810,SCL,Tripulante Cabina,Licencia Medica,2022-01-19,2022-02-11,23,1
ABS002702,EMP01685,LIM,Agente Check-in,Licencia Medica,2024-10-12,2024-10-30,18,1
ABS002703,EMP00707,BOG,Supervisor Operaciones,Licencia Medica,2024-03-11,,28,1
ABS002704,EMP01333,GRU,Agente Check-in,Vacaciones,2022-04-13,2022-04-23,10,1
ABS002705,EMP01633,MIA,Ground Staff,Licencia Medica,2023-09-18,2023-10-14,26,1
ABS002706,EMP00357,LIM,Ground Staff,Capacitacion,2023-06-01,2023-06-03,2,1
ABS002707,EMP00874,LIM,Piloto Comandante,Permiso Sin Goce,2024-05-03,2024-05-07,4,1
ABS002708,EMP00269,EZE,Ground Staff,Accidente Laboral,2023-10-27,2023-10-28,1,1
ABS002709,EMP00324,MAD,Tripulante Cabina Senior,Licencia Medica,2023-01-22,2023-02-21,30,1
ABS002710,EMP01102,GRU,Ground Staff,Licencia Medica,2024-11-30,2024-12-09,9,1
ABS002711,EMP00218,JFK,Agente Check-in,Licencia Medica,2023-11-17,2023-12-03,16,1
ABS002712,EMP00633,SCL,Tripulante Cabina,Licencia Medica,2022-01-30,2022-02-03,4,1
ABS002713,EMP01449,MIA,Administrativo,Permiso Sin Goce,2024-07-02,2024-07-06,4,1
ABS002714,EMP01334,MAD,Seguridad,Licencia Medica,2022-01-20,2022-02-07,18,1
ABS002715,EMP01678,SCL,Piloto Copiloto,Vacaciones,2022-11-20,2022-12-11,21,
ABS002716,EMP01156,MIA,Agente Check-in,Ausencia Injustificada,2023-10-26,2023-10-31,5,1
ABS002717,EMP01623,EZE,Tripulante Cabina,Vacaciones,2022-11-25,2022-12-09,14,1
ABS002718,EMP00302,GRU,Piloto Comandante,Capacitacion,2023-02-06,2023-02-07,1,1
ABS002719,EMP00243,BOG,Agente Check-in,Permiso Sin Goce,2024-01-11,2024-01-16,5,1
ABS002720,EMP00157,SCL,Ground Staff,Accidente Laboral,2022-04-29,2022-05-03,4,
ABS002721,EMP01898,BOG,Supervisor Operaciones,Permiso Sin Goce,2023-01-09,2023-01-19,10,1
ABS002722,EMP01653,BOG,Tripulante Cabina,Vacaciones,2022-12-15,2023-01-01,17,1
ABS002723,EMP00443,LIM,Piloto Copiloto,Vacaciones,2023-07-18,2023-08-04,17,1
ABS002724,EMP01451,GRU,Agente Check-in,Licencia Medica,2022-01-18,2022-01-26,8,1
ABS002725,EMP00025,LIM,Piloto Copiloto,Permiso Sin Goce,2023-01-28,2023-02-01,4,1
ABS002726,EMP00851,LIM,Piloto Copiloto,Permiso Sin Goce,2022-01-25,2022-01-28,3,1
ABS002727,EMP01656,GRU,Agente Check-in,Permiso Sin Goce,2023-07-05,2023-07-11,6,1
ABS002728,EMP01215,SCL,Agente Check-in,Capacitacion,2022-05-23,2022-05-26,3,1
ABS002729,EMP01317,GRU,Tripulante Cabina,Vacaciones,2024-07-22,2024-08-07,16,1
ABS002730,EMP01238,EZE,Administrativo,Vacaciones,2023-05-11,2023-05-20,9,1
ABS002731,EMP01046,MAD,Ground Staff,Vacaciones,2022-04-09,2022-04-18,9,1
ABS002732,EMP00997,SCL,Piloto Comandante,Vacaciones,2022-07-27,2022-08-10,14,1
ABS002733,EMP01921,EZE,Seguridad,Accidente Laboral,2022-11-03,2022-11-08,5,
ABS002734,EMP01172,LIM,Tripulante Cabina,Licencia Medica,2023-11-15,2023-11-23,8,1
ABS002735,EMP01433,BOG,Tripulante Cabina,Vacaciones,2023-07-21,2023-08-11,,1
ABS002736,EMP00214,MIA,Tecnico Mantencion,Permiso Sin Goce,2022-07-19,2022-07-20,1,0
ABS002737,EMP01741,EZE,Ground Staff,Licencia Medica,2023-02-18,2023-02-22,4,
ABS002738,EMP00728,MIA,Ground Staff,Licencia Medica,2024-01-08,2024-01-20,12,1
ABS002739,EMP00578,LIM,Piloto Comandante,Vacaciones,2022-09-02,2022-09-17,15,1
ABS002740,EMP01640,GRU,Tripulante Cabina Senior,Licencia Medica,2022-09-11,2022-09-27,16,
ABS002741,EMP00863,GRU,Tecnico Mantencion,Vacaciones,2022-06-21,2022-07-04,13,1
ABS002742,EMP00140,SCL,Agente Check-in,Vacaciones,2022-11-02,2022-11-13,11,1
ABS002743,EMP00178,GRU,Tripulante Cabina,Capacitacion,2022-12-04,2022-12-05,1,1
ABS002744,EMP00406,SCL,Tripulante Cabina,Licencia Medica,2023-08-31,2023-09-18,18,1
ABS002745,EMP00643,LIM,Seguridad,Vacaciones,2024-01-26,2024-02-02,7,1
ABS002746,EMP00827,SCL,Agente Check-in,Capacitacion,2022-01-30,2022-02-01,2,1
ABS002747,EMP00771,SCL,Ground Staff,Licencia Medica,2022-01-03,,19,1
ABS002748,EMP01583,GRU,Administrativo,Vacaciones,2022-07-26,2022-08-02,7,0
ABS002749,EMP01180,MAD,Piloto Copiloto,Ausencia Injustificada,2023-05-15,2023-05-22,7,0
ABS002750,EMP01914,GRU,Piloto Copiloto,Permiso Sin Goce,2023-07-01,2023-07-05,4,1
ABS002751,EMP00892,BOG,Piloto Comandante,Permiso Sin Goce,2022-10-06,2022-10-10,,1
ABS002752,EMP01161,LIM,Tecnico Mantencion,Vacaciones,2023-11-30,2023-12-20,20,1
ABS002753,EMP01941,LIM,Tripulante Cabina Senior,Vacaciones,2022-09-09,2022-09-22,13,1
ABS002754,EMP00318,SCL,Seguridad,Ausencia Injustificada,2024-01-07,2024-01-10,3,1
ABS002755,EMP00994,SCL,Agente Check-in,Vacaciones,2023-03-24,2023-04-06,13,1
ABS002756,EMP00607,EZE,Supervisor Operaciones,Vacaciones,2024-07-11,2024-07-25,14,1
ABS002757,EMP01904,BOG,Tripulante Cabina,Vacaciones,2023-11-29,2023-12-11,12,
ABS002758,EMP01962,GRU,Piloto Comandante,Permiso Sin Goce,2024-05-12,2024-05-15,,1
ABS002759,EMP01838,GRU,Tripulante Cabina,Vacaciones,2022-03-18,2022-04-03,16,1
ABS002760,EMP00789,LIM,Ground Staff,Vacaciones,2023-11-08,2023-11-23,15,1
ABS002761,EMP00740,GRU,Tecnico Mantencion,Vacaciones,2023-07-06,2023-07-20,14,1
ABS002762,EMP01300,LIM,Tripulante Cabina,Capacitacion,2022-08-07,2022-08-09,2,1
ABS002763,EMP01403,BOG,Tripulante Cabina,Vacaciones,2023-02-21,2023-03-07,14,1
ABS002764,EMP01700,GRU,Ground Staff,Capacitacion,2024-02-10,2024-02-15,5,1
ABS002765,EMP00119,BOG,Piloto Comandante,Licencia Medica,2023-02-09,2023-02-18,9,1
ABS002766,EMP00578,GRU,Piloto Comandante,Vacaciones,2023-06-13,2023-06-22,9,1
ABS002767,EMP01849,GRU,Supervisor Operaciones,Vacaciones,2024-07-11,2024-07-22,11,0
ABS002768,EMP01141,BOG,Ground Staff,Capacitacion,2024-07-28,2024-07-31,,1
ABS002769,EMP01199,MAD,Ground Staff,Licencia Medica,2024-07-04,2024-07-29,25,1
ABS002770,EMP00622,GRU,Tripulante Cabina,Licencia Medica,2022-05-13,2022-06-09,27,1
ABS002771,EMP00220,BOG,Ground Staff,Accidente Laboral,2022-04-20,2022-04-28,8,1
ABS002772,EMP00795,LIM,Piloto Comandante,Licencia Medica,2023-07-30,2023-08-04,5,0
ABS002773,EMP01285,EZE,Ground Staff,Licencia Medica,2024-12-10,2024-12-18,8,1
ABS002774,EMP00371,GRU,Ground Staff,Vacaciones,2024-10-29,2024-11-11,13,1
ABS002775,EMP00468,MIA,Ground Staff,Capacitacion,2022-01-07,2022-01-08,1,1
ABS002776,EMP01107,LIM,Tripulante Cabina Senior,Vacaciones,2022-08-28,2022-09-16,19,1
ABS002777,EMP00847,SCL,Piloto Copiloto,Capacitacion,2022-04-16,2022-04-18,2,1
ABS002778,EMP01925,MIA,Tripulante Cabina Senior,Capacitacion,2022-11-06,2022-11-07,1,1
ABS002779,EMP01363,MIA,Agente Check-in,Capacitacion,2022-05-22,2022-05-27,5,1
ABS002780,EMP00518,SCL,Tripulante Cabina,Accidente Laboral,2024-10-08,2024-10-14,6,1
ABS002781,EMP00853,JFK,Tripulante Cabina Senior,Vacaciones,2024-09-24,2024-10-07,13,1
ABS002782,EMP01357,SCL,Supervisor Operaciones,Vacaciones,2022-07-05,2022-07-24,19,1
ABS002783,EMP01103,LIM,Ground Staff,Accidente Laboral,2023-07-14,2023-07-22,8,1
ABS002784,EMP01486,SCL,Agente Check-in,Vacaciones,2022-12-23,2023-01-03,11,1
ABS002785,EMP01686,LIM,Tripulante Cabina,Licencia Medica,2023-12-03,2023-12-22,19,0
ABS002786,EMP00611,SCL,Tripulante Cabina,Permiso Sin Goce,2024-01-05,2024-01-08,3,1
ABS002787,EMP01513,GRU,Administrativo,Licencia Medica,2024-11-19,2024-12-02,13,1
ABS002788,EMP00635,SCL,Ground Staff,Permiso Sin Goce,2022-02-01,2022-02-08,7,1
ABS002789,EMP01353,SCL,Tripulante Cabina,Vacaciones,2022-07-13,,16,1
ABS002790,EMP00048,SCL,Piloto Copiloto,Vacaciones,2022-07-23,2022-08-10,18,0
ABS002791,EMP00043,GRU,Piloto Copiloto,Licencia Medica,2023-02-10,2023-03-03,21,1
ABS002792,EMP01159,BOG,Piloto Copiloto,Vacaciones,2024-06-29,2024-07-11,12,1
ABS002793,EMP01952,EZE,Agente Check-in,Permiso Sin Goce,2024-08-14,2024-08-22,8,1
ABS002794,EMP01132,MAD,Tecnico Mantencion,Licencia Medica,2024-02-07,2024-02-26,19,1
ABS002795,EMP00528,MIA,Tripulante Cabina Senior,Licencia Medica,2022-07-21,2022-08-02,12,1
ABS002796,EMP01322,MIA,Piloto Copiloto,Vacaciones,2023-01-27,2023-02-17,21,1
ABS002797,EMP00253,LIM,Agente Check-in,Permiso Sin Goce,2024-03-16,2024-03-21,5,1
ABS002798,EMP00979,SCL,Piloto Copiloto,Licencia Medica,2022-07-07,,29,1
ABS002799,EMP00718,SCL,Piloto Comandante,Capacitacion,2024-02-05,2024-02-07,2,1
ABS002800,EMP00131,GRU,Administrativo,Permiso Sin Goce,2024-09-20,2024-09-21,1,1
ABS002801,EMP01620,MIA,Piloto Copiloto,Vacaciones,2022-02-19,,11,1
ABS002802,EMP01368,MIA,Tripulante Cabina,Licencia Medica,2022-05-01,2022-05-29,28,1
ABS002803,EMP01339,LIM,Tripulante Cabina Senior,Licencia Medica,2023-01-10,2023-01-21,11,1
ABS002804,EMP00282,SCL,Piloto Comandante,Licencia Medica,2022-07-29,2022-08-13,15,1
ABS002805,EMP00233,JFK,Tecnico Mantencion,Capacitacion,2023-02-16,2023-02-21,5,1
ABS002806,EMP00591,GRU,Tripulante Cabina,Licencia Medica,2022-01-07,2022-01-18,11,1
ABS002807,EMP01334,SCL,Tripulante Cabina Senior,Vacaciones,2024-01-31,2024-02-15,15,1
ABS002808,EMP00685,MAD,Piloto Comandante,Vacaciones,2023-08-18,2023-08-30,,1
ABS002809,EMP01641,SCL,Tripulante Cabina Senior,Licencia Medica,2022-09-22,2022-09-25,3,1
ABS002810,EMP01841,GRU,Administrativo,Licencia Medica,2023-07-21,2023-08-04,14,1
ABS002811,EMP00366,MIA,Ground Staff,Permiso Sin Goce,2024-12-13,2024-12-19,6,1
ABS002812,EMP01299,LIM,Ground Staff,Capacitacion,2024-01-09,2024-01-13,4,1
ABS002813,EMP01891,GRU,Tripulante Cabina,Capacitacion,2023-07-18,2023-07-19,1,1
ABS002814,EMP01248,SCL,Ground Staff,Accidente Laboral,2023-01-18,2023-01-20,2,0
ABS002815,EMP01575,GRU,Tecnico Mantencion,Licencia Medica,2022-08-03,2022-08-12,9,1
ABS002816,EMP01297,LIM,Tripulante Cabina Senior,Vacaciones,2023-10-31,2023-11-09,9,1
ABS002817,EMP01330,BOG,Ground Staff,Ausencia Injustificada,2024-03-10,2024-03-19,9,1
ABS002818,EMP01040,MAD,Tripulante Cabina Senior,Vacaciones,2024-07-05,2024-07-14,9,1
ABS002819,EMP00913,LIM,Tripulante Cabina,Licencia Medica,2022-01-13,2022-02-05,23,1
ABS002820,EMP01215,GRU,Agente Check-in,Ausencia Injustificada,2022-06-16,2022-06-22,6,1
ABS002821,EMP00895,LIM,Ground Staff,Permiso Sin Goce,2023-06-02,2023-06-05,3,1
ABS002822,EMP00841,SCL,Ground Staff,Licencia Medica,2022-04-07,2022-04-10,3,0
ABS002823,EMP00817,BOG,Administrativo,Accidente Laboral,2024-07-17,2024-07-27,10,1
ABS002824,EMP00307,MAD,Tripulante Cabina Senior,Vacaciones,2022-09-21,2022-09-30,9,1
ABS002825,EMP00154,MIA,Tripulante Cabina,Licencia Medica,2024-04-17,,19,1
ABS002826,EMP01153,GRU,Piloto Copiloto,Licencia Medica,2023-10-16,2023-11-02,17,1
ABS002827,EMP01899,JFK,Supervisor Operaciones,Capacitacion,2022-12-01,2022-12-03,2,
ABS002828,EMP00966,GRU,Administrativo,Permiso Sin Goce,2024-08-16,2024-08-17,1,1
ABS002829,EMP00261,LIM,Tripulante Cabina,Permiso Sin Goce,2023-09-01,2023-09-07,6,1
ABS002830,EMP00583,BOG,Piloto Comandante,Vacaciones,2024-09-19,2024-09-30,11,1
ABS002831,EMP01460,MIA,Ground Staff,Capacitacion,2024-07-16,2024-07-17,1,0
ABS002832,EMP00461,BOG,Piloto Copiloto,Vacaciones,2023-03-14,2023-03-31,17,1
ABS002833,EMP00834,LIM,Seguridad,Permiso Sin Goce,2023-01-06,2023-01-08,2,1
ABS002834,EMP00771,MAD,Piloto Copiloto,Permiso Sin Goce,2023-02-22,2023-02-27,5,1
ABS002835,EMP01087,SCL,Agente Check-in,Capacitacion,2023-01-27,2023-01-30,3,1
ABS002836,EMP01397,SCL,Tripulante Cabina,Vacaciones,2023-01-12,2023-01-20,8,1
ABS002837,EMP01093,SCL,Tripulante Cabina Senior,Vacaciones,2023-05-20,2023-05-30,10,1
ABS002838,EMP01835,GRU,Supervisor Operaciones,Licencia Medica,2022-12-19,2022-12-27,8,1
ABS002839,EMP01492,MIA,Piloto Comandante,Permiso Sin Goce,2023-01-11,2023-01-15,4,1
ABS002840,EMP01584,BOG,Agente Check-in,Vacaciones,2022-07-24,2022-08-02,9,1
ABS002841,EMP00634,SCL,Tripulante Cabina,Licencia Medica,2022-07-09,2022-08-06,28,1
ABS002842,EMP01450,GRU,Ground Staff,Permiso Sin Goce,2022-03-14,2022-03-21,7,1
ABS002843,EMP00596,GRU,Piloto Copiloto,Vacaciones,2022-11-12,2022-11-20,8,1
ABS002844,EMP00815,MAD,Piloto Comandante,Licencia Medica,2022-07-30,2022-08-28,29,1
ABS002845,EMP01857,LIM,Tripulante Cabina Senior,Accidente Laboral,2022-02-25,2022-03-03,6,1
ABS002846,EMP01063,GRU,Piloto Copiloto,Capacitacion,2022-03-30,2022-04-01,2,1
ABS002847,EMP00375,MAD,Tripulante Cabina Senior,Vacaciones,2022-10-27,2022-11-13,17,0
ABS002848,EMP00024,EZE,Administrativo,Licencia Medica,2022-01-24,2022-02-20,27,
ABS002849,EMP01002,SCL,Piloto Copiloto,Licencia Medica,2024-01-26,2024-02-16,21,1
ABS002850,EMP01867,BOG,Agente Check-in,Vacaciones,2022-12-10,2022-12-18,8,1
ABS002851,EMP01213,SCL,Ground Staff,Licencia Medica,2022-06-16,2022-07-09,23,0
ABS002852,EMP01442,BOG,Tripulante Cabina Senior,Capacitacion,2023-01-23,2023-01-28,5,1
ABS002853,EMP00668,BOG,Tripulante Cabina Senior,Licencia Medica,2022-07-05,2022-07-24,19,1
ABS002854,EMP00233,SCL,Administrativo,Licencia Medica,2022-01-09,2022-02-07,29,1
ABS002855,EMP01119,GRU,Administrativo,Accidente Laboral,2023-09-10,,5,1
ABS002856,EMP00430,BOG,Tripulante Cabina,Licencia Medica,2022-10-25,2022-11-08,14,
ABS002857,EMP00960,SCL,Agente Check-in,Capacitacion,2022-11-16,2022-11-21,5,1
ABS002858,EMP01545,MAD,Ground Staff,Permiso Sin Goce,2022-06-23,2022-06-24,1,0
ABS002859,EMP01390,BOG,Piloto Comandante,Vacaciones,2022-07-02,2022-07-22,20,
ABS002860,EMP01206,SCL,Agente Check-in,Accidente Laboral,2024-07-27,2024-08-02,6,1
ABS002861,EMP01391,BOG,Tripulante Cabina,Licencia Medica,2023-02-21,2023-03-21,28,1
ABS002862,EMP01990,SCL,Piloto Copiloto,Permiso Sin Goce,2023-01-17,2023-01-24,7,1
ABS002863,EMP00683,BOG,Tripulante Cabina,Permiso Sin Goce,2024-10-21,2024-10-25,4,1
ABS002864,EMP00780,SCL,Piloto Comandante,Permiso Sin Goce,2023-05-20,2023-05-25,5,1
ABS002865,EMP00883,BOG,Supervisor Operaciones,Capacitacion,2024-05-18,2024-05-19,1,1
ABS002866,EMP01037,LIM,Tripulante Cabina,Licencia Medica,2024-03-25,2024-03-28,3,1
ABS002867,EMP00736,MIA,Agente Check-in,Permiso Sin Goce,2023-04-09,2023-04-14,5,1
ABS002868,EMP00849,MAD,Tecnico Mantencion,Licencia Medica,2022-07-01,2022-07-15,14,1
ABS002869,EMP01855,SCL,Tecnico Mantencion,Licencia Medica,2024-07-01,2024-07-19,18,1
ABS002870,EMP01767,LIM,Tecnico Mantencion,Vacaciones,2023-01-23,2023-02-01,9,
ABS002871,EMP01927,LIM,Tripulante Cabina,Accidente Laboral,2024-09-10,2024-09-14,,1
ABS002872,EMP01548,LIM,Agente Check-in,Vacaciones,2024-01-01,2024-01-12,11,1
ABS002873,EMP01975,SCL,Tecnico Mantencion,Vacaciones,2024-07-11,2024-07-18,7,1
ABS002874,EMP01039,SCL,Tripulante Cabina Senior,Licencia Medica,2024-01-21,2024-01-25,4,0
ABS002875,EMP01170,EZE,Agente Check-in,Capacitacion,2022-05-25,2022-05-26,1,1
ABS002876,EMP00013,GRU,Tripulante Cabina,Licencia Medica,2023-06-02,2023-06-22,20,1
ABS002877,EMP01134,EZE,Agente Check-in,Capacitacion,2022-05-09,2022-05-10,1,1
ABS002878,EMP00947,LIM,Tripulante Cabina Senior,Vacaciones,2022-08-31,2022-09-16,16,1
ABS002879,EMP00204,EZE,Piloto Comandante,Permiso Sin Goce,2024-09-08,2024-09-18,10,1
ABS002880,EMP00396,JFK,Ground Staff,Permiso Sin Goce,2022-11-20,2022-11-27,7,1
ABS002881,EMP01033,SCL,Piloto Comandante,Licencia Medica,2024-07-29,2024-08-02,4,1
ABS002882,EMP01915,SCL,Ground Staff,Licencia Medica,2022-02-03,2022-02-13,10,1
ABS002883,EMP01048,MIA,Tripulante Cabina,Licencia Medica,2024-10-31,2024-11-20,20,1
ABS002884,EMP00844,JFK,Tripulante Cabina Senior,Licencia Medica,2024-05-21,2024-05-29,8,1
ABS002885,EMP00414,GRU,Agente Check-in,Licencia Medica,2024-01-21,2024-02-07,17,1
ABS002886,EMP00089,GRU,Tecnico Mantencion,Ausencia Injustificada,2022-09-24,2022-09-28,4,1
ABS002887,EMP00855,GRU,Ground Staff,Licencia Medica,2022-05-25,2022-06-17,23,1
ABS002888,EMP01254,JFK,Piloto Comandante,Permiso Sin Goce,2022-09-22,2022-09-24,2,1
ABS002889,EMP01936,GRU,Seguridad,Licencia Medica,2024-03-30,2024-04-04,5,0
ABS002890,EMP00284,GRU,Tripulante Cabina Senior,Licencia Medica,2023-12-03,2023-12-29,26,1
ABS002891,EMP01022,LIM,Piloto Copiloto,Ausencia Injustificada,2023-07-06,2023-07-07,1,1
ABS002892,EMP00388,LIM,Piloto Copiloto,Licencia Medica,2024-09-01,2024-09-28,27,1
ABS002893,EMP00417,GRU,Ground Staff,Licencia Medica,2022-04-22,2022-05-03,11,1
ABS002894,EMP00110,SCL,Agente Check-in,Accidente Laboral,2024-09-09,2024-09-10,1,1
ABS002895,EMP01913,SCL,Agente Check-in,Vacaciones,2023-07-12,,18,1
ABS002896,EMP01335,BOG,Tripulante Cabina Senior,Vacaciones,2022-06-26,2022-07-07,11,1
ABS002897,EMP01698,GRU,Agente Check-in,Licencia Medica,2022-05-11,2022-05-25,14,1
ABS002898,EMP01670,SCL,Agente Check-in,Permiso Sin Goce,2022-01-14,2022-01-19,5,1
ABS002899,EMP00254,LIM,Supervisor Operaciones,Licencia Medica,2022-08-28,2022-09-14,17,1
ABS002900,EMP01544,SCL,Agente Check-in,Vacaciones,2022-01-05,2022-01-15,10,1
ABS002901,EMP00576,SCL,Tripulante Cabina Senior,Ausencia Injustificada,2023-08-14,2023-08-15,1,
ABS002902,EMP01997,LIM,Agente Check-in,Licencia Medica,2024-01-22,2024-02-17,26,1
ABS002903,EMP01600,LIM,Supervisor Operaciones,Licencia Medica,2022-07-05,2022-07-23,18,1
ABS002904,EMP01493,GRU,Seguridad,Permiso Sin Goce,2024-07-16,2024-07-21,5,
ABS002905,EMP00549,BOG,Agente Check-in,Licencia Medica,2023-01-23,2023-02-20,28,1
ABS002906,EMP00608,EZE,Tripulante Cabina,Licencia Medica,2024-01-02,2024-01-21,19,1
ABS002907,EMP00960,EZE,Piloto Copiloto,Vacaciones,2022-12-12,2022-12-31,19,0
ABS002908,EMP01886,EZE,Piloto Copiloto,Ausencia Injustificada,2022-03-01,2022-03-05,4,1
ABS002909,EMP01614,JFK,Tripulante Cabina,Licencia Medica,2024-12-25,2025-01-10,16,1
ABS002910,EMP01489,SCL,Tripulante Cabina Senior,Vacaciones,2024-12-21,2025-01-07,17,1
ABS002911,EMP00609,SCL,Piloto Comandante,Accidente Laboral,2022-04-15,2022-04-24,9,1
ABS002912,EMP01171,LIM,Supervisor Operaciones,Vacaciones,2024-01-07,2024-01-23,16,1
ABS002913,EMP01284,SCL,Agente Check-in,Vacaciones,2023-02-25,2023-03-12,15,0
ABS002914,EMP01479,LIM,Tecnico Mantencion,Licencia Medica,2024-09-01,2024-09-09,8,1
ABS002915,EMP00634,GRU,Tripulante Cabina,Capacitacion,2022-01-05,2022-01-10,5,1
ABS002916,EMP01328,SCL,Tripulante Cabina,Vacaciones,2022-12-25,2023-01-03,9,1
ABS002917,EMP01498,SCL,Tecnico Mantencion,Permiso Sin Goce,2023-05-11,2023-05-12,1,1
ABS002918,EMP00346,SCL,Ground Staff,Capacitacion,2023-09-23,2023-09-24,1,0
ABS002919,EMP00796,BOG,Piloto Comandante,Vacaciones,2024-01-14,2024-01-26,12,
ABS002920,EMP01468,LIM,Piloto Comandante,Licencia Medica,2022-04-27,2022-05-09,12,1
ABS002921,EMP00182,SCL,Tecnico Mantencion,Licencia Medica,2024-07-14,2024-07-26,12,0
ABS002922,EMP01307,SCL,Tripulante Cabina,Vacaciones,2022-08-07,2022-08-19,12,0
ABS002923,EMP00655,BOG,Tripulante Cabina Senior,Capacitacion,2024-01-16,,2,1
ABS002924,EMP00991,SCL,Tripulante Cabina,Licencia Medica,2024-03-04,2024-03-14,10,1
ABS002925,EMP01880,MIA,Tripulante Cabina Senior,Licencia Medica,2022-07-23,2022-08-22,30,1
ABS002926,EMP00577,BOG,Agente Check-in,Permiso Sin Goce,2022-09-23,,1,1
ABS002927,EMP00558,GRU,Supervisor Operaciones,Licencia Medica,2022-08-13,2022-09-09,27,
ABS002928,EMP00788,MIA,Ground Staff,Permiso Sin Goce,2023-01-22,2023-01-26,,1
ABS002929,EMP01140,EZE,Supervisor Operaciones,Capacitacion,2024-07-18,2024-07-21,3,1
ABS002930,EMP01404,GRU,Piloto Comandante,Accidente Laboral,2022-09-11,2022-09-14,3,1
ABS002931,EMP00836,GRU,Tripulante Cabina,Permiso Sin Goce,2022-02-25,2022-03-02,5,1
ABS002932,EMP01038,MIA,Ground Staff,Licencia Medica,2022-05-05,2022-05-17,12,0
ABS002933,EMP01059,LIM,Piloto Copiloto,Vacaciones,2023-07-23,2023-07-30,7,1
ABS002934,EMP00454,LIM,Piloto Comandante,Accidente Laboral,2022-04-03,2022-04-12,9,1
ABS002935,EMP00618,EZE,Tripulante Cabina Senior,Accidente Laboral,2024-08-20,,1,1
ABS002936,EMP00704,MAD,Tecnico Mantencion,Vacaciones,2022-06-09,2022-06-24,15,1
ABS002937,EMP01771,LIM,Ground Staff,Licencia Medica,2022-08-12,2022-08-27,15,1
ABS002938,EMP01252,SCL,Piloto Copiloto,Licencia Medica,2022-11-18,2022-12-08,20,
ABS002939,EMP01600,JFK,Piloto Copiloto,Vacaciones,2023-03-25,2023-04-02,8,1
ABS002940,EMP01403,BOG,Agente Check-in,Capacitacion,2023-12-30,2023-12-31,1,1
ABS002941,EMP00727,BOG,Tripulante Cabina,Permiso Sin Goce,2022-01-17,,1,1
ABS002942,EMP00459,SCL,Agente Check-in,Permiso Sin Goce,2023-07-24,2023-07-26,,1
ABS002943,EMP01930,EZE,Ground Staff,Capacitacion,2022-12-29,2023-01-03,5,1
ABS002944,EMP00508,SCL,Tripulante Cabina Senior,Permiso Sin Goce,2023-01-23,2023-01-25,2,1
ABS002945,EMP00835,MAD,Agente Check-in,Permiso Sin Goce,2024-06-06,2024-06-13,7,1
ABS002946,EMP00799,GRU,Ground Staff,Licencia Medica,2024-06-16,2024-06-27,11,1
ABS002947,EMP00555,SCL,Tripulante Cabina Senior,Licencia Medica,2023-05-12,2023-05-22,10,1
ABS002948,EMP00717,SCL,Piloto Copiloto,Permiso Sin Goce,2024-05-26,2024-05-31,5,1
ABS002949,EMP00634,MAD,Tripulante Cabina,Capacitacion,2024-04-13,2024-04-15,2,1
ABS002950,EMP00541,SCL,Tripulante Cabina,Licencia Medica,2024-01-07,2024-01-08,1,1
ABS002951,EMP00449,SCL,Tripulante Cabina Senior,Licencia Medica,2023-01-30,2023-02-28,29,0
ABS002952,EMP00671,SCL,Tecnico Mantencion,Permiso Sin Goce,2024-04-12,2024-04-22,10,1
ABS002953,EMP00808,LIM,Administrativo,Vacaciones,2024-05-19,2024-05-31,12,1
ABS002954,EMP01359,GRU,Piloto Comandante,Vacaciones,2023-04-06,2023-04-15,9,1
ABS002955,EMP01600,LIM,Supervisor Operaciones,Vacaciones,2024-04-08,2024-04-16,8,1
ABS002956,EMP01583,GRU,Piloto Copiloto,Vacaciones,2024-02-23,2024-03-04,10,1
ABS002957,EMP01503,LIM,Administrativo,Permiso Sin Goce,2024-10-25,2024-10-31,6,1
ABS002958,EMP01055,MIA,Tripulante Cabina Senior,Accidente Laboral,2024-01-26,2024-02-02,7,1
ABS002959,EMP01246,GRU,Piloto Comandante,Licencia Medica,2024-05-27,2024-06-22,26,1
ABS002960,EMP01990,SCL,Tripulante Cabina Senior,Licencia Medica,2023-12-09,2023-12-18,9,1
ABS002961,EMP00558,MIA,Tripulante Cabina,Licencia Medica,2024-07-14,2024-08-02,19,1
ABS002962,EMP00699,BOG,Tripulante Cabina,Licencia Medica,2023-11-22,,28,1
ABS002963,EMP01607,SCL,Tripulante Cabina Senior,Licencia Medica,2022-10-28,2022-11-11,14,1
ABS002964,EMP00347,LIM,Tripulante Cabina,Vacaciones,2022-06-29,2022-07-10,11,1
ABS002965,EMP00502,LIM,Agente Check-in,Vacaciones,2023-12-11,2023-12-30,19,1
ABS002966,EMP01700,GRU,Piloto Copiloto,Vacaciones,2024-09-12,2024-09-29,17,1
ABS002967,EMP00118,LIM,Tripulante Cabina,Licencia Medica,2023-07-18,2023-08-13,26,1
ABS002968,EMP01495,GRU,Tecnico Mantencion,Vacaciones,2024-02-02,2024-02-23,21,
ABS002969,EMP01542,JFK,Seguridad,Accidente Laboral,2022-08-11,2022-08-16,5,
ABS002970,EMP00447,EZE,Piloto Copiloto,Vacaciones,2022-07-06,2022-07-19,13,1
ABS002971,EMP01434,BOG,Piloto Copiloto,Vacaciones,2024-10-09,2024-10-18,9,0
ABS002972,EMP00274,BOG,Tripulante Cabina,Permiso Sin Goce,2023-01-31,2023-02-06,6,1
ABS002973,EMP00153,GRU,Tripulante Cabina Senior,Permiso Sin Goce,2022-07-20,2022-07-23,3,1
ABS002974,EMP00898,MIA,Agente Check-in,Vacaciones,2022-06-19,2022-07-01,12,1
ABS002975,EMP01567,GRU,Ground Staff,Vacaciones,2023-11-03,2023-11-15,12,1
ABS002976,EMP00963,SCL,Tripulante Cabina,Vacaciones,2023-12-25,2024-01-05,11,1
ABS002977,EMP00554,MAD,Supervisor Operaciones,Vacaciones,2024-07-19,2024-07-27,8,0
ABS002978,EMP00061,BOG,Agente Check-in,Permiso Sin Goce,2022-06-19,2022-06-21,2,1
ABS002979,EMP01204,SCL,Tripulante Cabina,Licencia Medica,2022-04-29,2022-05-04,5,1
ABS002980,EMP00120,SCL,Tripulante Cabina Senior,Vacaciones,2023-10-13,2023-10-20,7,1
ABS002981,EMP00989,SCL,Tripulante Cabina Senior,Vacaciones,2023-06-04,,8,1
ABS002982,EMP01373,,Tecnico Mantencion,Vacaciones,2024-04-05,2024-04-25,20,1
ABS002983,EMP01573,MIA,Ground Staff,Capacitacion,2023-05-13,2023-05-15,2,0
ABS002984,EMP00878,GRU,Tripulante Cabina,Licencia Medica,2024-12-13,2024-12-18,5,1
ABS002985,EMP01625,MIA,Tecnico Mantencion,Permiso Sin Goce,2023-03-23,2023-03-24,1,1
ABS002986,EMP01800,LIM,Tripulante Cabina,Licencia Medica,2024-01-12,2024-01-29,17,1
ABS002987,EMP01981,GRU,Ground Staff,Vacaciones,2023-01-27,2023-02-15,19,1
ABS002988,EMP00217,SCL,Agente Check-in,Accidente Laboral,2024-11-03,,7,1
ABS002989,EMP00539,BOG,Agente Check-in,Licencia Medica,2023-11-30,2023-12-26,26,1
ABS002990,EMP00880,GRU,Tripulante Cabina,Licencia Medica,2023-05-05,2023-05-16,11,1
ABS002991,EMP00945,BOG,Tripulante Cabina Senior,Permiso Sin Goce,2024-01-10,2024-01-20,10,1
ABS002992,EMP00272,MIA,Tripulante Cabina,Licencia Medica,2024-01-29,2024-02-02,4,0
ABS002993,EMP00372,LIM,Tripulante Cabina,Capacitacion,2024-12-26,2024-12-29,3,1
ABS002994,EMP00070,GRU,Tripulante Cabina,Licencia Medica,2022-11-21,2022-12-06,15,1
ABS002995,EMP01988,GRU,Ground Staff,Vacaciones,2024-07-02,2024-07-15,13,1
ABS002996,EMP01930,BOG,Agente Check-in,Licencia Medica,2022-06-21,2022-06-24,3,1
ABS002997,EMP00854,LIM,Ground Staff,Permiso Sin Goce,2023-10-12,2023-10-13,1,1
ABS002998,EMP00316,EZE,Ground Staff,Licencia Medica,2023-07-21,2023-08-07,17,1
ABS002999,EMP00082,BOG,Supervisor Operaciones,Capacitacion,2023-08-17,2023-08-18,1,1
ABS003000,EMP00713,JFK,Piloto Copiloto,Permiso Sin Goce,2022-04-06,2022-04-12,6,1