flight_id,origin,destination,base_code,aircraft_type,flight_date,season,crew_required_cockpit,crew_required_cabin,ground_staff_required,flight_hours
FLT000001,LIM,GRU,LIM,B737,2022-10-12,Baja,2,4,4,8
FLT000002,SCL,GRU,SCL,B737,2023-07-26,Alta_Invierno,2,4,3,3
FLT000003,LIM,GRU,LIM,B737,2022-07-15,Alta_Invierno,2,4,8,8
FLT000004,SCL,GRU,SCL,A350,2024-02-07,Alta_Verano,2,9,8,12
FLT000005,SCL,MAD,SCL,B737,2024-01-24,Alta_Verano,2,6,5,5
FLT000006,LIM,BOG,LIM,A320,2024-04-27,Baja,2,6,3,7
FLT000007,SCL,BOG,SCL,A350,2023-05-09,Baja,2,9,5,6
FLT000008,EZE,GRU,EZE,B737,2022-01-22,Alta_Verano,2,6,6,11
FLT000009,SCL,MIA,SCL,B737,2023-06-04,Alta_Invierno,2,5,6,2
FLT000010,SCL,LIM,SCL,A320,2023-03-04,Baja,2,6,3,5
FLT000011,SCL,BOG,SCL,B787,2024-09-24,Baja,2,8,3,4
FLT000012,BOG,MAD,BOG,A350,2022-03-30,Baja,2,12,7,4
FLT000013,BOG,MIA,BOG,A320,2024-09-01,Baja,2,6,4,5
FLT000014,BOG,MAD,BOG,A350,2023-01-29,Alta_Verano,2,11,6,3
FLT000015,SCL,EZE,SCL,A320,2023-07-13,Alta_Invierno,2,6,3,6
FLT000016,SCL,MAD,SCL,B737,2022-07-09,Alta_Invierno,2,6,8,5
FLT000017,GRU,MIA,GRU,B767,2023-02-12,Alta_Verano,2,6,7,3
FLT000018,BOG,MIA,BOG,B787,2023-12-16,Alta_Verano,2,11,4,
FLT000019,SCL,BOG,SCL,A320,2022-02-15,Alta_Verano,2,4,7,5
FLT000020,LIM,GRU,LIM,B737,2024-12-11,Alta_Verano,2,4,5,14
FLT000021,BOG,MAD,BOG,B737,2024-01-08,Alta_Verano,2,4,4,6
FLT000022,SCL,JFK,SCL,A320,2022-04-23,Baja,2,5,6,4
FLT000023,SCL,MIA,SCL,A350,2022-03-07,Baja,2,9,5,11
FLT000024,LIM,MIA,LIM,B737,2022-07-03,Alta_Invierno,2,6,4,7
FLT000025,LIM,MIA,LIM,A320,2022-01-12,Alta_Verano,2,4,5,2
FLT000026,SCL,EZE,SCL,A350,2022-05-02,Baja,2,10,4,9
FLT000027,BOG,MIA,BOG,A350,2023-01-08,Alta_Verano,2,10,6,14
FLT000028,EZE,GRU,EZE,A320,2022-02-16,Alta_Verano,2,4,3,5
FLT000029,LIM,MIA,LIM,A320,2023-07-25,Alta_Invierno,2,6,4,10
FLT000030,LIM,BOG,LIM,B787,2022-07-02,Alta_Invierno,2,8,7,4
FLT000031,SCL,JFK,SCL,A350,2022-09-02,Baja,2,8,7,12
FLT000032,LIM,MIA,LIM,A320,2024-09-09,Baja,2,5,4,13
FLT000033,SCL,MAD,SCL,B737,2024-01-12,Alta_Verano,2,6,7,4
FLT000034,BOG,MAD,BOG,A350,2022-01-24,Alta_Verano,2,10,8,2
FLT000035,GRU,MAD,GRU,B737,2022-05-08,Baja,2,5,7,13
FLT000036,LIM,MIA,LIM,B737,2022-02-13,Alta_Verano,2,6,5,5
FLT000037,SCL,MIA,SCL,A320,2024-07-11,Alta_Invierno,2,6,4,5
FLT000038,EZE,GRU,EZE,A320,2022-03-22,Baja,2,6,3,
FLT000039,BOG,MIA,BOG,A350,2022-12-07,Alta_Verano,2,10,8,4
FLT000040,SCL,BOG,SCL,B737,2022-01-12,Alta_Verano,2,4,8,4
FLT000041,GRU,MIA,GRU,B737,2022-11-14,Baja,2,4,4,2
FLT000042,LIM,MIA,LIM,B767,2022-01-23,Alta_Verano,2,6,6,10
FLT000043,SCL,EZE,SCL,B737,2023-01-20,Alta_Verano,2,5,5,5
FLT000044,GRU,MIA,GRU,A320,2022-10-08,Baja,2,4,6,3
FLT000045,SCL,LIM,SCL,B737,2022-01-01,Alta_Verano,2,6,8,12
FLT000046,EZE,GRU,EZE,B787,2023-03-18,Baja,2,11,5,14
FLT000047,SCL,GRU,SCL,A320,2022-01-28,Alta_Verano,2,4,7,5
FLT000048,SCL,BOG,SCL,B787,2024-11-29,Baja,2,12,7,3
FLT000049,LIM,GRU,LIM,B737,2024-06-27,Alta_Invierno,2,6,4,5
FLT000050,GRU,MIA,GRU,B787,2024-01-31,Alta_Verano,2,12,7,2
FLT000051,GRU,MIA,GRU,B737,2022-08-20,Alta_Invierno,2,5,7,2
FLT000052,GRU,MAD,GRU,B737,2024-09-30,Baja,2,4,3,4
FLT000053,SCL,MIA,SCL,A320,2023-11-20,Baja,2,4,6,8
FLT000054,LIM,MIA,LIM,A320,2023-08-16,Alta_Invierno,2,5,6,
FLT000055,BOG,MAD,BOG,B787,2023-01-18,Alta_Verano,2,10,8,10
FLT000056,SCL,MIA,SCL,A350,2022-07-02,Alta_Invierno,2,10,4,13
FLT000057,EZE,GRU,EZE,B737,2023-02-21,Alta_Verano,2,4,4,9
FLT000058,SCL,GRU,SCL,B787,2022-07-17,Alta_Invierno,2,11,5,12
FLT000059,LIM,MIA,LIM,A320,2023-03-25,Baja,2,5,7,5
FLT000060,LIM,GRU,LIM,A350,2024-03-04,Baja,2,10,5,4
FLT000061,SCL,MIA,SCL,A320,2024-08-24,Alta_Invierno,2,4,8,3
FLT000062,BOG,MAD,BOG,A320,2023-05-30,Baja,2,5,4,
FLT000063,LIM,MIA,LIM,B767,2023-06-09,Alta_Invierno,2,6,5,13
FLT000064,GRU,MIA,GRU,A350,2022-01-05,Alta_Verano,2,12,6,13
FLT000065,LIM,MIA,LIM,B737,2023-07-08,Alta_Invierno,2,6,6,5
FLT000066,GRU,MAD,GRU,B737,2023-12-26,Alta_Verano,2,5,8,2
FLT000067,SCL,MAD,SCL,B767,2022-06-09,Alta_Invierno,2,7,6,5
FLT000068,GRU,MIA,GRU,B767,2022-04-18,Baja,2,6,4,10
FLT000069,EZE,GRU,EZE,A320,2022-10-02,Baja,2,5,5,14
FLT000070,SCL,BOG,SCL,B767,2023-08-01,Alta_Invierno,2,6,4,14
FLT000071,SCL,MAD,SCL,A350,2022-04-08,Baja,2,9,4,4
FLT000072,SCL,EZE,SCL,A320,2023-01-22,Alta_Verano,2,6,8,4
FLT000073,BOG,MIA,BOG,B737,2022-08-13,Alta_Invierno,2,4,8,12
FLT000074,GRU,MAD,GRU,A320,2024-01-09,Alta_Verano,2,5,3,5
FLT000075,SCL,JFK,SCL,B767,2023-06-21,Alta_Invierno,2,7,8,2
FLT000076,BOG,MIA,BOG,B787,2024-12-24,Alta_Verano,2,9,8,
FLT000077,GRU,MAD,GRU,B737,2023-01-08,Alta_Verano,2,4,3,7
FLT000078,SCL,BOG,SCL,B737,2022-12-17,Alta_Verano,2,5,6,5
FLT000079,SCL,MIA,SCL,B787,2022-01-17,Alta_Verano,2,10,7,10
FLT000080,LIM,BOG,LIM,B737,2023-03-24,Baja,2,4,5,
FLT000081,SCL,GRU,SCL,A350,2023-10-20,Baja,2,12,5,4
FLT000082,LIM,GRU,LIM,A320,2023-12-03,Alta_Verano,2,4,3,2
FLT000083,SCL,MIA,SCL,A320,2024-08-20,Alta_Invierno,2,4,3,5
FLT000084,GRU,MIA,GRU,A320,2023-02-25,Alta_Verano,2,4,4,
FLT000085,SCL,BOG,SCL,B737,2022-07-01,Alta_Invierno,2,5,5,
FLT000086,BOG,MIA,BOG,A320,2022-08-04,Alta_Invierno,2,5,7,4
FLT000087,SCL,MIA,SCL,B737,2022-10-19,Baja,2,4,3,9
FLT000088,LIM,BOG,LIM,B737,2023-07-20,Alta_Invierno,2,4,8,2
FLT000089,SCL,JFK,SCL,A320,2023-10-18,Baja,2,6,6,5
FLT000090,GRU,MAD,GRU,B787,2022-09-29,Baja,2,11,4,3
FLT000091,SCL,BOG,SCL,B787,2023-07-06,Alta_Invierno,2,10,6,4
FLT000092,SCL,BOG,SCL,A320,2022-02-26,Alta_Verano,2,6,7,9
FLT000093,SCL,BOG,SCL,A320,2023-01-18,Alta_Verano,2,6,5,3
FLT000094,LIM,GRU,LIM,B787,2023-07-28,Alta_Invierno,2,12,4,3
FLT000095,BOG,MAD,BOG,B767,2022-02-25,Alta_Verano,2,6,3,5
FLT000096,SCL,GRU,SCL,B737,2023-03-09,Baja,2,6,4,5
FLT000097,BOG,MIA,BOG,B767,2024-02-29,Alta_Verano,2,8,3,3
FLT000098,SCL,LIM,SCL,A320,2024-07-05,Alta_Invierno,2,6,8,13
FLT000099,SCL,BOG,SCL,B737,2024-08-04,Alta_Invierno,2,4,3,5
FLT000100,BOG,MIA,BOG,B737,2022-01-07,Alta_Verano,2,6,6,13
FLT000101,SCL,GRU,SCL,B737,2023-10-19,Baja,2,5,5,10
FLT000102,SCL,LIM,SCL,B767,2024-01-12,Alta_Verano,2,7,6,10
FLT000103,SCL,GRU,SCL,A320,2023-07-27,Alta_Invierno,2,5,8,2
FLT000104,SCL,BOG,SCL,B787,2024-07-07,Alta_Invierno,2,11,4,3
FLT000105,SCL,EZE,SCL,A320,2024-10-03,Baja,2,4,4,2
FLT000106,BOG,MAD,BOG,B767,2023-11-03,Baja,2,7,4,4
FLT000107,BOG,MIA,BOG,B737,2024-02-25,Alta_Verano,2,6,3,13
FLT000108,GRU,MAD,GRU,A350,2024-01-10,Alta_Verano,2,10,4,10
FLT000109,SCL,LIM,SCL,B767,2022-05-05,Baja,2,7,3,9
FLT000110,SCL,BOG,SCL,B767,2022-02-03,Alta_Verano,2,6,4,7
FLT000111,EZE,GRU,EZE,B737,2022-12-03,Alta_Verano,2,5,4,3
FLT000112,BOG,MIA,BOG,A320,2022-02-15,Alta_Verano,2,4,5,5
FLT000113,GRU,MIA,GRU,B737,2023-08-28,Alta_Invierno,2,6,7,13
FLT000114,SCL,GRU,SCL,B767,2023-06-15,Alta_Invierno,2,6,6,14
FLT000115,SCL,MAD,SCL,B737,2024-07-08,Alta_Invierno,2,4,4,10
FLT000116,SCL,MIA,SCL,A320,2024-01-12,Alta_Verano,2,6,3,14
FLT000117,GRU,MAD,GRU,B737,2023-01-31,Alta_Verano,2,6,7,4
FLT000118,LIM,GRU,LIM,B767,2023-05-20,Baja,2,7,6,5
FLT000119,EZE,GRU,EZE,A320,2023-12-25,Alta_Verano,2,5,3,5
FLT000120,SCL,GRU,SCL,A350,2023-01-07,Alta_Verano,2,9,7,13
FLT000121,SCL,GRU,SCL,B787,2023-09-07,Baja,2,11,8,9
FLT000122,GRU,MAD,GRU,A350,2024-11-13,Baja,2,9,5,12
FLT000123,SCL,EZE,SCL,B767,2023-08-14,Alta_Invierno,2,8,6,7
FLT000124,SCL,EZE,SCL,B737,2024-05-16,Baja,2,6,7,10
FLT000125,SCL,EZE,SCL,A320,2024-01-26,Alta_Verano,2,4,8,6
FLT000126,BOG,MAD,BOG,B737,2024-10-27,Baja,2,5,4,4
FLT000127,LIM,MIA,LIM,A320,2023-04-02,Baja,2,6,5,2
FLT000128,GRU,MIA,GRU,B737,2023-08-25,Alta_Invierno,2,4,8,2
FLT000129,GRU,MIA,GRU,B737,2022-01-29,Alta_Verano,2,6,5,4
FLT000130,SCL,GRU,SCL,B737,2022-07-14,Alta_Invierno,2,4,5,8
FLT000131,EZE,GRU,EZE,B767,2022-06-23,Alta_Invierno,2,7,6,3
FLT000132,EZE,GRU,EZE,A320,2023-07-03,Alta_Invierno,2,6,3,14
FLT000133,GRU,MAD,GRU,A350,2024-10-25,Baja,2,8,3,2
FLT000134,SCL,LIM,SCL,B737,2023-07-18,Alta_Invierno,2,6,3,4
FLT000135,BOG,MAD,BOG,B737,2022-01-22,Alta_Verano,2,5,5,10
FLT000136,LIM,MIA,LIM,B787,2023-04-13,Baja,2,9,4,11
FLT000137,LIM,MIA,LIM,A350,2022-05-14,Baja,2,8,6,5
FLT000138,SCL,BOG,SCL,B737,2024-02-13,Alta_Verano,2,4,6,3
FLT000139,SCL,GRU,SCL,B767,2023-09-30,Baja,2,8,6,13
FLT000140,EZE,GRU,EZE,B737,2023-06-26,Alta_Invierno,2,6,7,4
FLT000141,GRU,MAD,GRU,A320,2023-08-27,Alta_Invierno,2,6,4,8
FLT000142,SCL,GRU,SCL,B787,2023-09-27,Baja,2,10,4,10
FLT000143,SCL,BOG,SCL,B737,2024-12-11,Alta_Verano,2,6,4,13
FLT000144,GRU,MAD,GRU,B737,2023-06-09,Alta_Invierno,2,4,5,3
FLT000145,SCL,MIA,SCL,A320,2023-07-25,Alta_Invierno,2,4,8,5
FLT000146,SCL,EZE,SCL,A320,2023-06-13,Alta_Invierno,2,4,3,7
FLT000147,SCL,MAD,SCL,A320,2022-10-16,Baja,2,5,4,2
FLT000148,GRU,MAD,GRU,B737,2022-05-10,Baja,2,6,6,13
FLT000149,EZE,GRU,EZE,A350,2022-11-19,Baja,2,8,4,9
FLT000150,GRU,MIA,GRU,B787,2023-08-16,Alta_Invierno,2,10,8,2
FLT000151,LIM,BOG,LIM,B737,2023-07-07,Alta_Invierno,2,5,6,14
FLT000152,SCL,EZE,SCL,B737,2024-01-26,Alta_Verano,2,5,7,12
FLT000153,SCL,MIA,SCL,B737,2022-01-19,Alta_Verano,2,4,5,3
FLT000154,SCL,MIA,SCL,A320,2024-01-20,Alta_Verano,2,4,5,6
FLT000155,BOG,MIA,BOG,B737,2023-10-02,Baja,2,4,3,3
FLT000156,GRU,MIA,GRU,B787,2023-04-29,Baja,2,10,8,2
FLT000157,BOG,MIA,BOG,A320,2024-01-21,Alta_Verano,2,4,5,14
FLT000158,LIM,MIA,LIM,A350,2022-12-20,Alta_Verano,2,12,5,4
FLT000159,GRU,MIA,GRU,A350,2022-07-23,Alta_Invierno,2,10,4,3
FLT000160,GRU,MIA,GRU,A320,2023-10-01,Baja,2,6,3,2
FLT000161,LIM,GRU,LIM,B737,2023-04-22,Baja,2,5,8,13
FLT000162,GRU,MAD,GRU,A320,2023-01-20,Alta_Verano,2,4,8,9
FLT000163,LIM,BOG,LIM,B767,2023-02-21,Alta_Verano,2,7,4,4
FLT000164,SCL,LIM,SCL,B737,2023-08-09,Alta_Invierno,2,6,8,6
FLT000165,SCL,MIA,SCL,A350,2022-08-31,Alta_Invierno,2,10,8,2
FLT000166,LIM,BOG,LIM,B737,2024-07-06,Alta_Invierno,2,5,4,14
FLT000167,BOG,MIA,BOG,B767,2022-07-14,Alta_Invierno,2,6,4,4
FLT000168,SCL,EZE,SCL,A320,2022-01-28,Alta_Verano,2,4,6,8
FLT000169,SCL,MIA,SCL,A350,2023-04-03,Baja,2,8,4,6
FLT000170,SCL,MIA,SCL,B737,2024-01-11,Alta_Verano,2,5,4,12
FLT000171,SCL,EZE,SCL,B767,2022-12-26,Alta_Verano,2,7,4,11
FLT000172,LIM,MIA,LIM,B737,2022-01-19,Alta_Verano,2,6,5,3
FLT000173,SCL,BOG,SCL,A350,2023-05-12,Baja,2,11,8,3
FLT000174,BOG,MIA,BOG,B767,2024-01-16,Alta_Verano,2,8,8,7
FLT000175,LIM,GRU,LIM,B737,2023-01-09,Alta_Verano,2,6,7,14
FLT000176,LIM,GRU,LIM,B767,2022-06-26,Alta_Invierno,2,6,6,3
FLT000177,SCL,JFK,SCL,A320,2023-03-21,Baja,2,6,4,13
FLT000178,LIM,GRU,LIM,A320,2024-07-04,Alta_Invierno,2,4,5,10
FLT000179,SCL,MIA,SCL,B737,2024-06-26,Alta_Invierno,2,5,6,
FLT000180,SCL,MIA,SCL,B767,2023-12-20,Alta_Verano,2,6,7,4
FLT000181,BOG,MIA,BOG,B737,2022-07-01,Alta_Invierno,2,6,3,2
FLT000182,SCL,EZE,SCL,B737,2024-01-27,Alta_Verano,2,4,3,14
FLT000183,SCL,BOG,SCL,A320,2022-06-02,Alta_Invierno,2,4,4,7
FLT000184,SCL,MIA,SCL,B767,2022-12-25,Alta_Verano,2,8,5,13
FLT000185,SCL,LIM,SCL,A350,2024-09-11,Baja,2,12,5,10
FLT000186,SCL,MAD,SCL,A350,2024-01-11,Alta_Verano,2,11,3,5
FLT000187,LIM,GRU,LIM,B737,2024-02-13,Alta_Verano,2,4,8,2
FLT000188,GRU,MAD,GRU,B787,2022-10-03,Baja,2,11,3,3
FLT000189,SCL,JFK,SCL,A350,2023-07-14,Alta_Invierno,2,8,3,4
FLT000190,GRU,MAD,GRU,A320,2023-10-18,Baja,2,4,6,
FLT000191,SCL,MAD,SCL,A320,2022-02-25,Alta_Verano,2,6,3,2
FLT000192,LIM,MIA,LIM,B737,2024-10-28,Baja,2,5,6,5
FLT000193,BOG,MIA,BOG,B737,2022-01-17,Alta_Verano,2,5,7,13
FLT000194,SCL,MIA,SCL,B737,2022-12-25,Alta_Verano,2,5,8,11
FLT000195,BOG,MAD,BOG,A320,2022-01-30,Alta_Verano,2,5,3,5
FLT000196,SCL,MAD,SCL,B787,2024-01-11,Alta_Verano,2,10,8,5
FLT000197,SCL,BOG,SCL,A320,2023-12-30,Alta_Verano,2,5,4,3
FLT000198,LIM,GRU,LIM,A350,2024-07-16,Alta_Invierno,2,9,3,9
FLT000199,GRU,MAD,GRU,A320,2023-10-14,Baja,2,6,8,3
FLT000200,SCL,JFK,SCL,A320,2024-08-01,Alta_Invierno,2,4,7,14
FLT000201,LIM,BOG,LIM,A320,2024-04-29,Baja,2,6,3,12
FLT000202,LIM,GRU,LIM,B787,2023-07-15,Alta_Invierno,2,8,5,14
FLT000203,SCL,LIM,SCL,A350,2024-11-13,Baja,2,8,7,14
FLT000204,BOG,MIA,BOG,A320,2024-10-31,Baja,2,6,8,3
FLT000205,SCL,MAD,SCL,A320,2022-07-10,Alta_Invierno,2,6,7,5
FLT000206,SCL,JFK,SCL,B737,2022-04-13,Baja,2,4,6,5
FLT000207,LIM,MIA,LIM,A320,2022-01-22,Alta_Verano,2,4,7,9
FLT000208,BOG,MAD,BOG,B787,2024-01-18,Alta_Verano,2,9,3,6
FLT000209,BOG,MIA,BOG,B767,2023-12-10,Alta_Verano,2,6,4,2
FLT000210,EZE,GRU,EZE,A320,2022-01-24,Alta_Verano,2,6,5,
FLT000211,GRU,MAD,GRU,B787,2022-01-27,Alta_Verano,2,10,3,13
FLT000212,BOG,MAD,BOG,B737,2023-02-04,Alta_Verano,2,6,4,10
FLT000213,LIM,MIA,LIM,B787,2024-07-26,Alta_Invierno,2,10,3,5
FLT000214,GRU,MIA,GRU,B787,2023-03-17,Baja,2,9,3,4
FLT000215,SCL,MIA,SCL,A350,2022-03-06,Baja,2,11,8,6
FLT000216,LIM,MIA,LIM,B787,2024-04-18,Baja,2,11,3,2
FLT000217,SCL,JFK,SCL,A320,2022-09-20,Baja,2,5,6,6
FLT000218,BOG,MIA,BOG,A350,2023-07-21,Alta_Invierno,2,10,6,10
FLT000219,BOG,MAD,BOG,B767,2024-08-18,Alta_Invierno,2,7,8,12
FLT000220,LIM,BOG,LIM,A320,2022-06-23,Alta_Invierno,2,5,7,2
FLT000221,LIM,BOG,LIM,B737,2024-07-13,Alta_Invierno,2,4,7,3
FLT000222,SCL,EZE,SCL,B787,2022-12-13,Alta_Verano,2,12,6,3
FLT000223,GRU,MIA,GRU,B737,2024-11-16,Baja,2,4,3,6
FLT000224,LIM,MIA,LIM,A350,2024-02-01,Alta_Verano,2,12,7,4
FLT000225,LIM,MIA,LIM,B767,2024-01-19,Alta_Verano,2,8,6,2
FLT000226,EZE,GRU,EZE,A320,2024-03-19,Baja,2,4,5,5
FLT000227,LIM,GRU,LIM,B787,2022-01-01,Alta_Verano,2,9,4,13
FLT000228,SCL,BOG,SCL,B737,2023-07-23,Alta_Invierno,2,5,8,4
FLT000229,SCL,EZE,SCL,A320,2023-12-21,Alta_Verano,2,6,8,3
FLT000230,SCL,MAD,SCL,B787,2023-12-17,Alta_Verano,2,10,6,5
FLT000231,SCL,MAD,SCL,B737,2024-11-14,Baja,2,4,4,5
FLT000232,GRU,MAD,GRU,A320,2022-10-22,Baja,2,5,7,5
FLT000233,SCL,MAD,SCL,A350,2024-12-30,Alta_Verano,2,11,6,11
FLT000234,LIM,MIA,LIM,B767,2022-10-23,Baja,2,8,5,13
FLT000235,EZE,GRU,EZE,B737,2023-06-28,Alta_Invierno,2,5,6,11
FLT000236,SCL,MIA,SCL,B737,2023-06-06,Alta_Invierno,2,6,7,4
FLT000237,SCL,MAD,SCL,A350,2024-07-08,Alta_Invierno,2,11,3,14
FLT000238,SCL,LIM,SCL,B737,2022-09-17,Baja,2,5,3,8
FLT000239,SCL,JFK,SCL,B737,2023-12-18,Alta_Verano,2,4,7,11
FLT000240,LIM,BOG,LIM,B787,2023-01-08,Alta_Verano,2,9,8,12
FLT000241,LIM,BOG,LIM,B737,2023-12-25,Alta_Verano,2,5,3,3
FLT000242,SCL,MIA,SCL,B737,2022-07-08,Alta_Invierno,2,6,8,12
FLT000243,SCL,GRU,SCL,B787,2023-09-27,Baja,2,8,8,3
FLT000244,SCL,MAD,SCL,B737,2022-03-02,Baja,2,4,4,14
FLT000245,LIM,GRU,LIM,B737,2024-06-05,Alta_Invierno,2,4,6,10
FLT000246,GRU,MIA,GRU,B737,2022-10-23,Baja,2,5,6,8
FLT000247,GRU,MAD,GRU,B767,2024-03-29,Baja,2,7,5,11
FLT000248,LIM,MIA,LIM,A350,2023-02-07,Alta_Verano,2,8,7,9
FLT000249,LIM,BOG,LIM,B737,2024-04-18,Baja,2,5,7,5
FLT000250,SCL,BOG,SCL,A350,2024-02-22,Alta_Verano,2,8,4,2
FLT000251,SCL,BOG,SCL,B787,2024-06-27,Alta_Invierno,2,12,5,3
FLT000252,SCL,JFK,SCL,B737,2022-07-08,Alta_Invierno,2,4,3,10
FLT000253,BOG,MAD,BOG,A320,2022-11-19,Baja,2,4,3,2
FLT000254,SCL,EZE,SCL,B737,2022-06-11,Alta_Invierno,2,6,6,14
FLT000255,SCL,MIA,SCL,B737,2023-11-15,Baja,2,4,8,3
FLT000256,SCL,LIM,SCL,B787,2022-07-14,Alta_Invierno,2,11,4,6
FLT000257,SCL,MAD,SCL,B787,2024-09-24,Baja,2,12,5,4
FLT000258,GRU,MAD,GRU,A320,2023-01-10,Alta_Verano,2,4,4,5
FLT000259,LIM,BOG,LIM,B787,2023-10-02,Baja,2,12,7,2
FLT000260,GRU,MAD,GRU,B767,2024-12-04,Alta_Verano,2,8,6,12
FLT000261,SCL,MAD,SCL,B737,2023-08-29,Alta_Invierno,2,6,8,13
FLT000262,LIM,BOG,LIM,B737,2023-01-10,Alta_Verano,2,6,8,5
FLT000263,BOG,MAD,BOG,A320,2022-05-30,Baja,2,5,5,3
FLT000264,SCL,EZE,SCL,B767,2024-07-07,Alta_Invierno,2,8,6,2
FLT000265,BOG,MIA,BOG,A350,2023-01-15,Alta_Verano,2,10,3,14
FLT000266,EZE,GRU,EZE,B737,2024-07-11,Alta_Invierno,2,5,5,13
FLT000267,SCL,BOG,SCL,A320,2022-07-11,Alta_Invierno,2,4,8,5
FLT000268,BOG,MAD,BOG,A320,2024-01-20,Alta_Verano,2,5,7,12
FLT000269,SCL,JFK,SCL,B737,2023-08-12,Alta_Invierno,2,6,7,2
FLT000270,GRU,MIA,GRU,B737,2023-01-07,Alta_Verano,2,5,6,2
FLT000271,SCL,JFK,SCL,B737,2023-01-28,Alta_Verano,2,5,6,4
FLT000272,LIM,MIA,LIM,B737,2023-03-08,Baja,2,6,3,12
FLT000273,SCL,MAD,SCL,B767,2024-05-15,Baja,2,6,5,8
FLT000274,BOG,MIA,BOG,A320,2022-12-03,Alta_Verano,2,6,3,9
FLT000275,SCL,JFK,SCL,B787,2022-11-24,Baja,2,12,6,5
FLT000276,SCL,GRU,SCL,B767,2024-11-10,Baja,2,7,7,13
FLT000277,SCL,GRU,SCL,B737,2023-08-08,Alta_Invierno,2,4,5,11
FLT000278,LIM,MIA,LIM,A350,2023-09-15,Baja,2,11,4,11
FLT000279,BOG,MIA,BOG,B767,2023-11-20,Baja,2,6,6,8
FLT000280,SCL,BOG,SCL,A320,2022-07-20,Alta_Invierno,2,5,3,12
FLT000281,SCL,LIM,SCL,B787,2022-08-30,Alta_Invierno,2,10,5,7
FLT000282,EZE,GRU,EZE,A350,2024-04-17,Baja,2,10,6,9
FLT000283,GRU,MAD,GRU,B737,2024-11-24,Baja,2,5,8,5
FLT000284,SCL,BOG,SCL,B767,2023-09-09,Baja,2,6,7,2
FLT000285,LIM,GRU,LIM,B737,2023-08-06,Alta_Invierno,2,4,8,13
FLT000286,SCL,GRU,SCL,A320,2024-09-04,Baja,2,6,3,2
FLT000287,SCL,BOG,SCL,A350,2022-07-20,Alta_Invierno,2,8,3,6
FLT000288,SCL,MIA,SCL,A320,2023-01-05,Alta_Verano,2,4,3,9
FLT000289,SCL,MAD,SCL,B767,2023-04-01,Baja,2,8,8,5
FLT000290,LIM,BOG,LIM,B767,2022-10-27,Baja,2,6,7,10
FLT000291,SCL,JFK,SCL,A320,2022-09-16,Baja,2,5,6,4
FLT000292,LIM,BOG,LIM,B787,2024-06-20,Alta_Invierno,2,10,4,8
FLT000293,SCL,LIM,SCL,B737,2022-01-03,Alta_Verano,2,5,7,2
FLT000294,EZE,GRU,EZE,B787,2023-11-13,Baja,2,12,6,5
FLT000295,SCL,MAD,SCL,B737,2023-08-31,Alta_Invierno,2,4,3,6
FLT000296,EZE,GRU,EZE,B737,2024-10-15,Baja,2,6,5,5
FLT000297,SCL,GRU,SCL,B737,2023-09-29,Baja,2,6,7,3
FLT000298,GRU,MIA,GRU,B737,2022-08-27,Alta_Invierno,2,5,3,8
FLT000299,LIM,BOG,LIM,B737,2022-07-31,Alta_Invierno,2,6,7,
FLT000300,EZE,GRU,EZE,B737,2024-09-12,Baja,2,5,3,9
FLT000301,BOG,MIA,BOG,A350,2023-07-21,Alta_Invierno,2,9,3,14
FLT000302,SCL,JFK,SCL,B737,2022-02-05,Alta_Verano,2,5,8,8
FLT000303,LIM,GRU,LIM,B737,2023-10-02,Baja,2,5,6,5
FLT000304,LIM,BOG,LIM,A320,2022-01-27,Alta_Verano,2,4,8,8
FLT000305,SCL,BOG,SCL,A320,2022-07-27,Alta_Invierno,2,6,7,4
FLT000306,GRU,MIA,GRU,A320,2024-06-13,Alta_Invierno,2,4,3,
FLT000307,LIM,MIA,LIM,B737,2023-01-20,Alta_Verano,2,4,7,2
FLT000308,GRU,MAD,GRU,B787,2023-07-07,Alta_Invierno,2,10,3,4
FLT000309,LIM,GRU,LIM,A320,2023-09-20,Baja,2,6,4,12
FLT000310,BOG,MAD,BOG,B737,2024-03-09,Baja,2,4,3,6
FLT000311,GRU,MAD,GRU,B737,2023-10-20,Baja,2,6,8,4
FLT000312,SCL,JFK,SCL,B737,2024-09-15,Baja,2,5,8,10
FLT000313,SCL,BOG,SCL,B767,2023-12-07,Alta_Verano,2,7,7,4
FLT000314,LIM,BOG,LIM,A320,2023-01-19,Alta_Verano,2,5,8,5
FLT000315,SCL,JFK,SCL,B737,2023-10-18,Baja,2,6,6,8
FLT000316,LIM,GRU,LIM,B787,2024-12-05,Alta_Verano,2,10,7,5
FLT000317,SCL,GRU,SCL,A320,2024-11-30,Baja,2,5,7,9
FLT000318,GRU,MIA,GRU,A320,2023-01-24,Alta_Verano,2,4,8,5
FLT000319,LIM,GRU,LIM,B767,2023-01-23,Alta_Verano,2,6,5,12
FLT000320,SCL,EZE,SCL,A320,2022-07-12,Alta_Invierno,2,6,3,7
FLT000321,BOG,MIA,BOG,B737,2022-01-23,Alta_Verano,2,6,4,
FLT000322,SCL,LIM,SCL,B787,2022-12-14,Alta_Verano,2,12,5,12
FLT000323,GRU,MIA,GRU,B737,2024-01-31,Alta_Verano,2,5,3,7
FLT000324,GRU,MAD,GRU,B787,2023-02-01,Alta_Verano,2,12,8,5
FLT000325,LIM,BOG,LIM,A320,2024-07-25,Alta_Invierno,2,5,7,3
FLT000326,SCL,GRU,SCL,B787,2022-10-30,Baja,2,8,5,14
FLT000327,LIM,MIA,LIM,B737,2023-01-09,Alta_Verano,2,6,4,4
FLT000328,LIM,GRU,LIM,A320,2024-03-10,Baja,2,4,5,3
FLT000329,BOG,MIA,BOG,B737,2023-11-20,Baja,2,5,5,4
FLT000330,SCL,MAD,SCL,A320,2023-05-18,Baja,2,5,7,3
FLT000331,SCL,GRU,SCL,B737,2022-07-26,Alta_Invierno,2,6,4,12
FLT000332,EZE,GRU,EZE,A350,2023-12-28,Alta_Verano,2,10,3,6
FLT000333,GRU,MIA,GRU,A320,2024-06-11,Alta_Invierno,2,5,6,8
FLT000334,SCL,GRU,SCL,A320,2023-07-26,Alta_Invierno,2,5,7,3
FLT000335,SCL,MIA,SCL,B787,2024-11-06,Baja,2,11,4,13
FLT000336,LIM,GRU,LIM,B787,2022-07-26,Alta_Invierno,2,11,4,5
FLT000337,GRU,MIA,GRU,B787,2022-09-21,Baja,2,10,3,2
FLT000338,SCL,LIM,SCL,B767,2022-01-12,Alta_Verano,2,6,8,6
FLT000339,EZE,GRU,EZE,A320,2023-12-20,Alta_Verano,2,6,7,9
FLT000340,SCL,MAD,SCL,A320,2023-03-02,Baja,2,6,5,4
FLT000341,SCL,EZE,SCL,B737,2024-08-14,Alta_Invierno,2,5,3,4
FLT000342,GRU,MAD,GRU,B737,2022-07-13,Alta_Invierno,2,5,5,2
FLT000343,SCL,LIM,SCL,A320,2022-10-12,Baja,2,5,7,5
FLT000344,SCL,MIA,SCL,A350,2022-11-28,Baja,2,12,7,9
FLT000345,LIM,BOG,LIM,B737,2024-11-28,Baja,2,5,6,14
FLT000346,SCL,MIA,SCL,A350,2022-07-24,Alta_Invierno,2,12,3,2
FLT000347,GRU,MAD,GRU,B767,2023-07-05,Alta_Invierno,2,7,8,3
FLT000348,LIM,MIA,LIM,B787,2024-10-14,Baja,2,8,7,2
FLT000349,EZE,GRU,EZE,A350,2023-07-18,Alta_Invierno,2,10,4,4
FLT000350,SCL,BOG,SCL,A320,2023-08-14,Alta_Invierno,2,4,6,5
FLT000351,BOG,MAD,BOG,B737,2022-08-25,Alta_Invierno,2,6,8,6
FLT000352,SCL,MAD,SCL,A320,2024-01-11,Alta_Verano,2,4,6,12
FLT000353,BOG,MAD,BOG,A320,2022-04-08,Baja,2,6,5,12
FLT000354,SCL,MIA,SCL,A320,2022-11-25,Baja,2,5,6,2
FLT000355,LIM,MIA,LIM,B767,2022-03-03,Baja,2,8,7,13
FLT000356,BOG,MIA,BOG,A320,2023-07-07,Alta_Invierno,2,6,5,3
FLT000357,GRU,MAD,GRU,B737,2024-06-07,Alta_Invierno,2,5,4,5
FLT000358,GRU,MIA,GRU,B737,2023-04-26,Baja,2,5,6,2
FLT000359,LIM,BOG,LIM,A320,2022-09-27,Baja,2,6,6,6
FLT000360,GRU,MAD,GRU,B787,2024-06-30,Alta_Invierno,2,12,3,5
FLT000361,SCL,GRU,SCL,B787,2023-12-30,Alta_Verano,2,10,7,9
FLT000362,GRU,MIA,GRU,B737,2023-01-02,Alta_Verano,2,6,5,5
FLT000363,LIM,GRU,LIM,B787,2023-02-13,Alta_Verano,2,8,4,3
FLT000364,SCL,LIM,SCL,B767,2024-07-03,Alta_Invierno,2,6,5,5
FLT000365,SCL,MAD,SCL,B787,2022-08-28,Alta_Invierno,2,8,3,4
FLT000366,SCL,GRU,SCL,B737,2023-10-27,Baja,2,4,8,6
FLT000367,GRU,MAD,GRU,B737,2024-07-24,Alta_Invierno,2,5,5,7
FLT000368,BOG,MIA,BOG,B737,2022-10-14,Baja,2,5,4,3
FLT000369,BOG,MIA,BOG,A320,2024-01-16,Alta_Verano,2,5,6,4
FLT000370,GRU,MAD,GRU,A320,2022-01-27,Alta_Verano,2,5,7,4
FLT000371,GRU,MAD,GRU,A320,2023-06-21,Alta_Invierno,2,4,4,2
FLT000372,SCL,LIM,SCL,A320,2024-02-06,Alta_Verano,2,5,5,3
FLT000373,EZE,GRU,EZE,A320,2023-12-13,Alta_Verano,2,6,5,12
FLT000374,SCL,MIA,SCL,B767,2022-02-07,Alta_Verano,2,8,4,6
FLT000375,GRU,MIA,GRU,A320,2022-09-19,Baja,2,5,4,5
FLT000376,SCL,MAD,SCL,A320,2023-02-13,Alta_Verano,2,6,4,13
FLT000377,SCL,MAD,SCL,B737,2024-01-26,Alta_Verano,2,4,5,12
FLT000378,GRU,MIA,GRU,B737,2022-02-16,Alta_Verano,2,4,3,6
FLT000379,BOG,MIA,BOG,B737,2023-05-30,Baja,2,4,8,3
FLT000380,SCL,BOG,SCL,B767,2024-08-02,Alta_Invierno,2,7,3,2
FLT000381,SCL,BOG,SCL,B737,2024-07-17,Alta_Invierno,2,5,3,12
FLT000382,SCL,BOG,SCL,B767,2022-01-07,Alta_Verano,2,7,3,5
FLT000383,BOG,MIA,BOG,A350,2023-07-10,Alta_Invierno,2,9,5,3
FLT000384,BOG,MAD,BOG,A350,2022-03-15,Baja,2,12,5,9
FLT000385,LIM,BOG,LIM,B767,2024-01-10,Alta_Verano,2,8,4,12
FLT000386,SCL,BOG,SCL,B787,2024-03-08,Baja,2,11,3,14
FLT000387,BOG,MAD,BOG,B737,2023-03-28,Baja,2,5,6,5
FLT000388,LIM,BOG,LIM,A320,2024-08-13,Alta_Invierno,2,4,7,2
FLT000389,SCL,BOG,SCL,B737,2022-01-02,Alta_Verano,2,5,5,6
FLT000390,LIM,MIA,LIM,A320,2023-01-24,Alta_Verano,2,6,7,6
FLT000391,SCL,GRU,SCL,B737,2024-01-20,Alta_Verano,2,4,7,5
FLT000392,LIM,BOG,LIM,A320,2024-01-15,Alta_Verano,2,6,3,6
FLT000393,LIM,BOG,LIM,B787,2022-01-01,Alta_Verano,2,8,5,10
FLT000394,SCL,JFK,SCL,A320,2022-05-05,Baja,2,5,4,2
FLT000395,LIM,BOG,LIM,B767,2024-07-29,Alta_Invierno,2,8,6,6
FLT000396,SCL,EZE,SCL,B737,2022-08-20,Alta_Invierno,2,6,6,8
FLT000397,LIM,MIA,LIM,A320,2022-01-21,Alta_Verano,2,5,3,6
FLT000398,LIM,GRU,LIM,B737,2022-10-09,Baja,2,5,3,3
FLT000399,SCL,EZE,SCL,B787,2024-07-19,Alta_Invierno,2,12,6,2
FLT000400,SCL,JFK,SCL,A320,2024-07-23,Alta_Invierno,2,4,7,3
FLT000401,BOG,MAD,BOG,B767,2024-03-23,Baja,2,7,7,11
FLT000402,SCL,EZE,SCL,B737,2023-01-13,Alta_Verano,2,4,6,11
FLT000403,GRU,MIA,GRU,A320,2023-01-01,Alta_Verano,2,5,7,7
FLT000404,EZE,GRU,EZE,B767,2024-07-18,Alta_Invierno,2,8,8,10
FLT000405,LIM,MIA,LIM,A350,2024-01-29,Alta_Verano,2,8,6,3
FLT000406,SCL,LIM,SCL,A320,2024-02-24,Alta_Verano,2,6,8,3
FLT000407,SCL,JFK,SCL,A320,2023-10-03,Baja,2,4,7,11
FLT000408,GRU,MIA,GRU,A350,2023-02-17,Alta_Verano,2,12,7,4
FLT000409,SCL,GRU,SCL,A350,2023-07-17,Alta_Invierno,2,10,7,5
FLT000410,SCL,MAD,SCL,B787,2024-07-03,Alta_Invierno,2,8,4,5
FLT000411,GRU,MAD,GRU,B737,2023-08-30,Alta_Invierno,2,6,3,13
FLT000412,SCL,BOG,SCL,B787,2024-01-02,Alta_Verano,2,10,5,5
FLT000413,SCL,JFK,SCL,A350,2024-01-10,Alta_Verano,2,10,7,14
FLT000414,SCL,MIA,SCL,B767,2023-03-07,Baja,2,8,5,4
FLT000415,SCL,LIM,SCL,A320,2022-07-30,Alta_Invierno,2,6,3,2
FLT000416,BOG,MAD,BOG,B787,2023-06-15,Alta_Invierno,2,10,8,13
FLT000417,SCL,JFK,SCL,B787,2023-11-27,Baja,2,12,6,3
FLT000418,SCL,BOG,SCL,B787,2022-11-04,Baja,2,9,7,3
FLT000419,GRU,MIA,GRU,B767,2023-09-22,Baja,2,7,3,7
FLT000420,SCL,MAD,SCL,A320,2023-07-06,Alta_Invierno,2,4,7,3
FLT000421,LIM,GRU,LIM,A320,2023-05-21,Baja,2,5,7,5
FLT000422,BOG,MIA,BOG,B787,2023-01-18,Alta_Verano,2,12,5,4
FLT000423,SCL,MAD,SCL,B737,2024-07-11,Alta_Invierno,2,4,3,11
FLT000424,LIM,MIA,LIM,A320,2023-03-05,Baja,2,4,4,3
FLT000425,SCL,LIM,SCL,B737,2024-05-03,Baja,2,4,3,8
FLT000426,SCL,EZE,SCL,B767,2024-07-27,Alta_Invierno,2,8,8,14
FLT000427,SCL,LIM,SCL,A350,2022-03-17,Baja,2,12,6,10
FLT000428,SCL,GRU,SCL,B767,2022-10-08,Baja,2,8,6,5
FLT000429,SCL,GRU,SCL,B737,2023-10-31,Baja,2,5,5,9
FLT000430,SCL,LIM,SCL,B787,2024-01-01,Alta_Verano,2,10,4,3
FLT000431,SCL,BOG,SCL,B737,2024-07-13,Alta_Invierno,2,5,6,9
FLT000432,LIM,GRU,LIM,B737,2024-07-01,Alta_Invierno,2,4,4,14
FLT000433,LIM,GRU,LIM,B767,2023-10-30,Baja,2,7,3,14
FLT000434,SCL,EZE,SCL,A350,2023-07-30,Alta_Invierno,2,9,5,5
FLT000435,SCL,MIA,SCL,A320,2023-07-30,Alta_Invierno,2,5,7,6
FLT000436,SCL,MAD,SCL,B737,2023-01-03,Alta_Verano,2,4,5,3
FLT000437,LIM,GRU,LIM,A320,2024-07-12,Alta_Invierno,2,5,3,9
FLT000438,EZE,GRU,EZE,B767,2023-01-08,Alta_Verano,2,7,6,5
FLT000439,SCL,MAD,SCL,B737,2022-11-28,Baja,2,6,5,5
FLT000440,BOG,MIA,BOG,A320,2023-01-10,Alta_Verano,2,6,4,9
FLT000441,SCL,LIM,SCL,A320,2023-03-21,Baja,2,4,5,5
FLT000442,BOG,MIA,BOG,B737,2022-11-10,Baja,2,4,6,2
FLT000443,GRU,MAD,GRU,B787,2024-04-06,Baja,2,10,6,10
FLT000444,SCL,MAD,SCL,A320,2024-01-01,Alta_Verano,2,6,7,3
FLT000445,SCL,JFK,SCL,B767,2022-09-28,Baja,2,6,8,5
FLT000446,SCL,GRU,SCL,B787,2024-11-18,Baja,2,8,4,5
FLT000447,LIM,MIA,LIM,B767,2022-09-02,Baja,2,7,3,4
FLT000448,SCL,EZE,SCL,A350,2024-01-07,Alta_Verano,2,9,3,9
FLT000449,SCL,EZE,SCL,A320,2022-04-19,Baja,2,6,8,8
FLT000450,SCL,EZE,SCL,B737,2023-03-31,Baja,2,6,3,9
FLT000451,LIM,MIA,LIM,A350,2022-09-10,Baja,2,9,6,5
FLT000452,SCL,JFK,SCL,A320,2022-04-06,Baja,2,4,8,
FLT000453,LIM,MIA,LIM,B737,2022-05-03,Baja,2,6,4,4
FLT000454,BOG,MIA,BOG,B767,2023-07-05,Alta_Invierno,2,6,5,2
FLT000455,SCL,BOG,SCL,B767,2022-02-07,Alta_Verano,2,6,7,14
FLT000456,GRU,MAD,GRU,B767,2023-07-14,Alta_Invierno,2,6,4,4
FLT000457,SCL,EZE,SCL,B737,2022-08-19,Alta_Invierno,2,4,8,4
FLT000458,SCL,EZE,SCL,B737,2022-02-15,Alta_Verano,2,6,3,
FLT000459,BOG,MAD,BOG,B737,2024-01-30,Alta_Verano,2,4,3,3
FLT000460,SCL,LIM,SCL,A350,2024-03-11,Baja,2,8,5,9
FLT000461,BOG,MAD,BOG,B737,2024-01-27,Alta_Verano,2,6,6,8
FLT000462,SCL,LIM,SCL,B767,2024-07-26,Alta_Invierno,2,8,5,14
FLT000463,GRU,MIA,GRU,A320,2022-06-03,Alta_Invierno,2,5,6,8
FLT000464,EZE,GRU,EZE,A350,2023-02-24,Alta_Verano,2,12,4,8
FLT000465,SCL,MAD,SCL,B767,2023-07-11,Alta_Invierno,2,6,6,4
FLT000466,SCL,GRU,SCL,B737,2023-04-14,Baja,2,4,5,7
FLT000467,SCL,GRU,SCL,A320,2022-07-13,Alta_Invierno,2,6,4,5
FLT000468,SCL,MIA,SCL,A320,2022-10-22,Baja,2,6,3,6
FLT000469,BOG,MAD,BOG,A320,2022-11-25,Baja,2,6,5,2
FLT000470,LIM,MIA,LIM,A320,2022-07-31,Alta_Invierno,2,4,7,5
FLT000471,GRU,MIA,GRU,B737,2024-06-21,Alta_Invierno,2,4,6,12
FLT000472,SCL,EZE,SCL,A320,2023-01-28,Alta_Verano,2,5,8,3
FLT000473,BOG,MAD,BOG,B787,2022-05-23,Baja,2,11,5,3
FLT000474,SCL,LIM,SCL,A350,2024-01-30,Alta_Verano,2,11,5,4
FLT000475,SCL,JFK,SCL,B787,2023-10-24,Baja,2,12,6,2
FLT000476,EZE,GRU,EZE,B737,2023-01-03,Alta_Verano,2,5,8,3
FLT000477,SCL,LIM,SCL,B737,2022-11-19,Baja,2,4,3,2
FLT000478,SCL,EZE,SCL,A320,2022-06-25,Alta_Invierno,2,6,8,9
FLT000479,SCL,MIA,SCL,B737,2024-12-05,Alta_Verano,2,6,7,13
FLT000480,SCL,MIA,SCL,B737,2022-12-23,Alta_Verano,2,5,6,10
FLT000481,BOG,MIA,BOG,B737,2022-11-05,Baja,2,4,5,5
FLT000482,SCL,MIA,SCL,A320,2024-07-07,Alta_Invierno,2,6,3,7
FLT000483,GRU,MIA,GRU,A320,2022-11-21,Baja,2,6,6,3
FLT000484,GRU,MAD,GRU,A320,2024-01-07,Alta_Verano,2,6,6,8
FLT000485,EZE,GRU,EZE,B737,2022-04-14,Baja,2,5,3,2
FLT000486,SCL,MIA,SCL,B737,2022-07-28,Alta_Invierno,2,4,5,5
FLT000487,SCL,LIM,SCL,B787,2024-09-03,Baja,2,10,6,11
FLT000488,SCL,GRU,SCL,A320,2024-09-23,Baja,2,4,5,4
FLT000489,SCL,MIA,SCL,B787,2023-10-15,Baja,2,10,6,8
FLT000490,SCL,GRU,SCL,B737,2023-05-22,Baja,2,5,4,3
FLT000491,BOG,MAD,BOG,A320,2022-01-08,Alta_Verano,2,4,6,6
FLT000492,GRU,MAD,GRU,A320,2022-03-11,Baja,2,5,3,3
FLT000493,BOG,MIA,BOG,B737,2024-06-14,Alta_Invierno,2,5,7,4
FLT000494,SCL,MIA,SCL,B767,2022-08-26,Alta_Invierno,2,6,7,4
FLT000495,GRU,MAD,GRU,B767,2022-01-23,Alta_Verano,2,7,4,5
FLT000496,SCL,JFK,SCL,B737,2022-03-02,Baja,2,5,7,4
FLT000497,LIM,BOG,LIM,A320,2023-02-25,Alta_Verano,2,6,8,9
FLT000498,GRU,MAD,GRU,B787,2022-08-01,Alta_Invierno,2,8,7,5
FLT000499,GRU,MIA,GRU,B787,2024-01-09,Alta_Verano,2,9,3,2
FLT000500,EZE,GRU,EZE,B737,2023-07-19,Alta_Invierno,2,4,5,2
FLT000501,SCL,JFK,SCL,B737,2024-10-05,Baja,2,6,6,13
FLT000502,SCL,GRU,SCL,A350,2024-02-09,Alta_Verano,2,8,7,8
FLT000503,SCL,JFK,SCL,A320,2023-11-01,Baja,2,6,6,4
FLT000504,SCL,JFK,SCL,B737,2022-05-25,Baja,2,4,7,3
FLT000505,GRU,MIA,GRU,B767,2022-09-18,Baja,2,7,4,4
FLT000506,SCL,MIA,SCL,A350,2023-09-20,Baja,2,12,7,2
FLT000507,SCL,GRU,SCL,A320,2024-04-01,Baja,2,5,3,5
FLT000508,SCL,MAD,SCL,A350,2022-01-04,Alta_Verano,2,9,6,6
FLT000509,LIM,MIA,LIM,A350,2023-06-20,Alta_Invierno,2,11,7,2
FLT000510,LIM,MIA,LIM,B737,2024-01-09,Alta_Verano,2,4,4,4
FLT000511,SCL,BOG,SCL,A320,2022-02-23,Alta_Verano,2,6,6,5
FLT000512,SCL,LIM,SCL,B787,2022-01-01,Alta_Verano,2,9,5,12
FLT000513,GRU,MIA,GRU,A320,2023-04-01,Baja,2,5,7,6
FLT000514,BOG,MAD,BOG,A320,2022-01-20,Alta_Verano,2,6,6,4
FLT000515,SCL,EZE,SCL,B737,2022-09-19,Baja,2,6,5,6
FLT000516,GRU,MAD,GRU,B737,2024-07-14,Alta_Invierno,2,6,3,9
FLT000517,SCL,MAD,SCL,B787,2024-07-14,Alta_Invierno,2,8,8,7
FLT000518,LIM,MIA,LIM,A350,2024-12-18,Alta_Verano,2,9,7,13
FLT000519,LIM,MIA,LIM,B737,2024-03-11,Baja,2,4,3,3
FLT000520,SCL,JFK,SCL,B787,2023-09-19,Baja,2,12,7,4
FLT000521,BOG,MAD,BOG,A320,2022-01-22,Alta_Verano,2,5,6,5
FLT000522,SCL,GRU,SCL,A320,2022-07-29,Alta_Invierno,2,5,7,3
FLT000523,SCL,EZE,SCL,A320,2024-01-31,Alta_Verano,2,6,4,4
FLT000524,BOG,MAD,BOG,B767,2023-09-17,Baja,2,8,5,4
FLT000525,GRU,MIA,GRU,A320,2023-01-19,Alta_Verano,2,4,8,11
FLT000526,SCL,MAD,SCL,A350,2023-07-28,Alta_Invierno,2,11,7,5
FLT000527,LIM,BOG,LIM,A350,2022-11-08,Baja,2,8,3,3
FLT000528,BOG,MIA,BOG,A320,2022-03-04,Baja,2,4,7,12
FLT000529,BOG,MIA,BOG,A320,2022-10-30,Baja,2,4,7,7
FLT000530,SCL,MIA,SCL,B737,2023-03-10,Baja,2,6,3,8
FLT000531,EZE,GRU,EZE,B767,2024-01-06,Alta_Verano,2,6,7,11
FLT000532,SCL,GRU,SCL,B737,2024-07-21,Alta_Invierno,2,5,6,2
FLT000533,SCL,BOG,SCL,B767,2022-10-27,Baja,2,8,4,4
FLT000534,BOG,MIA,BOG,A320,2023-01-26,Alta_Verano,2,4,3,7
FLT000535,SCL,MAD,SCL,B737,2022-07-13,Alta_Invierno,2,4,7,4
FLT000536,LIM,GRU,LIM,B787,2024-03-16,Baja,2,12,3,4
FLT000537,LIM,BOG,LIM,A320,2022-07-13,Alta_Invierno,2,6,4,5
FLT000538,EZE,GRU,EZE,B787,2023-07-27,Alta_Invierno,2,12,6,6
FLT000539,LIM,GRU,LIM,A320,2024-08-13,Alta_Invierno,2,4,8,5
FLT000540,GRU,MAD,GRU,B737,2022-07-27,Alta_Invierno,2,6,6,14
FLT000541,LIM,BOG,LIM,A320,2023-07-16,Alta_Invierno,2,4,7,14
FLT000542,SCL,GRU,SCL,A320,2024-04-17,Baja,2,4,4,9
FLT000543,SCL,BOG,SCL,A320,2022-09-06,Baja,2,6,6,3
FLT000544,SCL,JFK,SCL,B787,2024-01-26,Alta_Verano,2,8,7,3
FLT000545,SCL,MIA,SCL,B737,2024-11-27,Baja,2,4,7,2
FLT000546,SCL,MIA,SCL,B737,2022-12-12,Alta_Verano,2,4,5,12
FLT000547,SCL,EZE,SCL,B767,2023-10-17,Baja,2,7,7,10
FLT000548,LIM,BOG,LIM,B737,2022-01-17,Alta_Verano,2,6,4,4
FLT000549,SCL,EZE,SCL,B737,2023-06-15,Alta_Invierno,2,6,5,9
FLT000550,LIM,MIA,LIM,B737,2023-09-05,Baja,2,6,3,5
FLT000551,SCL,GRU,SCL,B737,2022-07-29,Alta_Invierno,2,5,4,3
FLT000552,LIM,GRU,LIM,A350,2023-11-23,Baja,2,11,7,14
FLT000553,SCL,MIA,SCL,A350,2022-07-03,Alta_Invierno,2,9,4,5
FLT000554,SCL,LIM,SCL,A320,2023-11-03,Baja,2,4,4,6
FLT000555,SCL,BOG,SCL,B767,2024-07-07,Alta_Invierno,2,7,3,5
FLT000556,BOG,MAD,BOG,A350,2024-12-26,Alta_Verano,2,8,6,2
FLT000557,SCL,JFK,SCL,A350,2024-11-02,Baja,2,10,8,5
FLT000558,GRU,MAD,GRU,B737,2023-09-29,Baja,2,5,4,7
FLT000559,LIM,MIA,LIM,A320,2024-03-14,Baja,2,5,8,5
FLT000560,LIM,GRU,LIM,A320,2023-06-24,Alta_Invierno,2,5,5,11
FLT000561,SCL,GRU,SCL,B737,2022-01-25,Alta_Verano,2,5,5,11
FLT000562,BOG,MIA,BOG,B737,2023-02-13,Alta_Verano,2,5,5,4
FLT000563,SCL,JFK,SCL,B767,2024-01-05,Alta_Verano,2,8,3,12
FLT000564,SCL,LIM,SCL,A320,2022-07-17,Alta_Invierno,2,6,8,2
FLT000565,SCL,JFK,SCL,B787,2024-06-10,Alta_Invierno,2,12,5,5
FLT000566,LIM,MIA,LIM,B767,2023-04-02,Baja,2,6,4,14
FLT000567,BOG,MAD,BOG,A320,2023-03-22,Baja,2,5,6,10
FLT000568,LIM,BOG,LIM,B737,2022-09-21,Baja,2,5,5,6
FLT000569,SCL,EZE,SCL,A350,2023-03-03,Baja,2,9,4,3
FLT000570,SCL,MAD,SCL,B787,2024-08-06,Alta_Invierno,2,12,4,4
FLT000571,GRU,MIA,GRU,A320,2022-10-06,Baja,2,6,3,13
FLT000572,GRU,MAD,GRU,B737,2024-11-20,Baja,2,5,6,3
FLT000573,SCL,BOG,SCL,B787,2023-07-22,Alta_Invierno,2,12,7,3
FLT000574,SCL,JFK,SCL,A320,2022-01-22,Alta_Verano,2,4,6,4
FLT000575,BOG,MAD,BOG,B737,2023-02-06,Alta_Verano,2,6,7,3
FLT000576,GRU,MIA,GRU,A350,2023-11-20,Baja,2,8,7,4
FLT000577,GRU,MAD,GRU,B737,2023-01-16,Alta_Verano,2,5,5,5
FLT000578,SCL,JFK,SCL,B767,2023-06-11,Alta_Invierno,2,6,7,3
FLT000579,GRU,MAD,GRU,A350,2024-07-21,Alta_Invierno,2,8,7,11
FLT000580,SCL,LIM,SCL,A320,2024-08-22,Alta_Invierno,2,4,6,12
FLT000581,EZE,GRU,EZE,B787,2023-06-29,Alta_Invierno,2,8,6,4
FLT000582,SCL,LIM,SCL,A320,2024-03-05,Baja,2,4,3,8
FLT000583,BOG,MIA,BOG,B787,2023-01-03,Alta_Verano,2,9,4,2
FLT000584,SCL,GRU,SCL,B737,2022-11-18,Baja,2,4,4,9
FLT000585,BOG,MIA,BOG,B737,2023-07-30,Alta_Invierno,2,4,4,3
FLT000586,LIM,MIA,LIM,A350,2022-12-25,Alta_Verano,2,8,3,3
FLT000587,SCL,LIM,SCL,B737,2023-07-04,Alta_Invierno,2,4,7,
FLT000588,GRU,MIA,GRU,B737,2022-09-08,Baja,2,6,7,3
FLT000589,GRU,MIA,GRU,B787,2022-04-24,Baja,2,11,4,5
FLT000590,LIM,BOG,LIM,B767,2022-03-18,Baja,2,6,7,5
FLT000591,LIM,GRU,LIM,A320,2022-10-29,Baja,2,6,8,10
FLT000592,BOG,MAD,BOG,B737,2023-06-18,Alta_Invierno,2,4,3,2
FLT000593,LIM,MIA,LIM,B737,2023-02-18,Alta_Verano,2,6,8,13
FLT000594,LIM,MIA,LIM,A320,2023-07-04,Alta_Invierno,2,6,4,7
FLT000595,BOG,MAD,BOG,A320,2024-09-17,Baja,2,4,8,14
FLT000596,SCL,EZE,SCL,B787,2022-05-13,Baja,2,8,6,5
FLT000597,SCL,MIA,SCL,A320,2023-02-20,Alta_Verano,2,6,4,4
FLT000598,SCL,MIA,SCL,A320,2024-10-21,Baja,2,4,7,12
FLT000599,LIM,GRU,LIM,B737,2022-01-22,Alta_Verano,2,4,8,6
FLT000600,EZE,GRU,EZE,B787,2022-07-28,Alta_Invierno,2,8,3,6
FLT000601,SCL,MAD,SCL,A320,2022-10-21,Baja,2,6,8,3
FLT000602,LIM,MIA,LIM,A320,2022-04-09,Baja,2,6,7,2
FLT000603,EZE,GRU,EZE,B767,2024-02-01,Alta_Verano,2,6,4,14
FLT000604,EZE,GRU,EZE,B767,2023-11-14,Baja,2,8,3,2
FLT000605,SCL,GRU,SCL,A350,2022-12-05,Alta_Verano,2,8,3,3
FLT000606,SCL,MAD,SCL,B787,2024-11-30,Baja,2,12,3,3
FLT000607,SCL,MAD,SCL,B787,2023-07-23,Alta_Invierno,2,9,5,2
FLT000608,SCL,MIA,SCL,B737,2023-12-21,Alta_Verano,2,6,6,4
FLT000609,BOG,MAD,BOG,B767,2023-06-16,Alta_Invierno,2,7,8,2
FLT000610,EZE,GRU,EZE,B737,2022-02-02,Alta_Verano,2,6,7,2
FLT000611,LIM,BOG,LIM,B737,2024-09-06,Baja,2,6,5,12
FLT000612,SCL,MAD,SCL,B767,2022-06-10,Alta_Invierno,2,7,6,2
FLT000613,GRU,MAD,GRU,B787,2023-07-07,Alta_Invierno,2,12,4,
FLT000614,EZE,GRU,EZE,B767,2023-12-09,Alta_Verano,2,6,4,2
FLT000615,SCL,JFK,SCL,A350,2022-07-14,Alta_Invierno,2,10,3,3
FLT000616,SCL,EZE,SCL,B767,2023-07-31,Alta_Invierno,2,8,7,12
FLT000617,SCL,BOG,SCL,A320,2024-07-15,Alta_Invierno,2,5,4,4
FLT000618,SCL,MIA,SCL,A320,2023-07-31,Alta_Invierno,2,5,3,4
FLT000619,GRU,MIA,GRU,B787,2024-08-24,Alta_Invierno,2,11,4,4
FLT000620,SCL,EZE,SCL,B737,2024-10-18,Baja,2,5,4,5
FLT000621,SCL,BOG,SCL,B737,2024-01-27,Alta_Verano,2,5,5,3
FLT000622,LIM,MIA,LIM,A320,2024-03-12,Baja,2,5,7,14
FLT000623,LIM,GRU,LIM,B787,2023-12-07,Alta_Verano,2,12,7,
FLT000624,GRU,MIA,GRU,A320,2022-01-26,Alta_Verano,2,6,6,13
FLT000625,EZE,GRU,EZE,B767,2022-01-03,Alta_Verano,2,6,3,5
FLT000626,LIM,MIA,LIM,B737,2022-01-02,Alta_Verano,2,5,3,4
FLT000627,SCL,LIM,SCL,A320,2022-12-09,Alta_Verano,2,6,3,4
FLT000628,GRU,MIA,GRU,B737,2023-10-14,Baja,2,6,3,14
FLT000629,BOG,MAD,BOG,B787,2023-04-07,Baja,2,11,5,2
FLT000630,SCL,GRU,SCL,A320,2022-07-12,Alta_Invierno,2,5,5,14
FLT000631,SCL,BOG,SCL,A320,2024-11-27,Baja,2,4,4,2
FLT000632,SCL,MIA,SCL,A320,2024-07-15,Alta_Invierno,2,5,8,12
FLT000633,EZE,GRU,EZE,B737,2023-04-22,Baja,2,5,8,2
FLT000634,SCL,GRU,SCL,B737,2023-07-25,Alta_Invierno,2,5,5,3
FLT000635,SCL,JFK,SCL,B737,2024-09-18,Baja,2,5,3,11
FLT000636,SCL,MIA,SCL,B787,2022-03-13,Baja,2,8,5,7
FLT000637,GRU,MIA,GRU,B737,2024-09-11,Baja,2,4,7,3
FLT000638,LIM,MIA,LIM,B767,2024-07-15,Alta_Invierno,2,7,5,3
FLT000639,LIM,BOG,LIM,B737,2022-07-05,Alta_Invierno,2,5,4,14
FLT000640,SCL,JFK,SCL,B767,2024-05-01,Baja,2,6,5,5
FLT000641,LIM,BOG,LIM,B767,2022-08-15,Alta_Invierno,2,8,6,10
FLT000642,SCL,MAD,SCL,B787,2024-07-26,Alta_Invierno,2,10,8,2
FLT000643,SCL,MAD,SCL,A320,2022-09-10,Baja,2,5,8,3
FLT000644,BOG,MIA,BOG,B737,2022-01-25,Alta_Verano,2,6,6,5
FLT000645,SCL,MAD,SCL,B787,2022-07-28,Alta_Invierno,2,11,3,8
FLT000646,SCL,JFK,SCL,B737,2024-01-16,Alta_Verano,2,5,7,14
FLT000647,LIM,BOG,LIM,B737,2022-07-31,Alta_Invierno,2,4,5,12
FLT000648,LIM,GRU,LIM,B737,2022-12-25,Alta_Verano,2,6,3,2
FLT000649,SCL,GRU,SCL,A320,2023-10-03,Baja,2,5,4,14
FLT000650,LIM,GRU,LIM,B737,2023-11-19,Baja,2,6,7,4
FLT000651,LIM,MIA,LIM,B787,2024-06-12,Alta_Invierno,2,8,5,10
FLT000652,GRU,MAD,GRU,A320,2022-01-26,Alta_Verano,2,4,6,4
FLT000653,GRU,MAD,GRU,A320,2022-05-30,Baja,2,5,7,4
FLT000654,LIM,MIA,LIM,A320,2023-09-19,Baja,2,4,4,6
FLT000655,SCL,LIM,SCL,A350,2023-01-26,Alta_Verano,2,12,8,3
FLT000656,SCL,MAD,SCL,A320,2022-11-21,Baja,2,4,5,2
FLT000657,LIM,GRU,LIM,B737,2023-09-03,Baja,2,6,6,7
FLT000658,SCL,MIA,SCL,A350,2023-08-12,Alta_Invierno,2,11,5,10
FLT000659,BOG,MIA,BOG,B787,2024-08-16,Alta_Invierno,2,11,8,7
FLT000660,SCL,LIM,SCL,A320,2022-03-31,Baja,2,4,4,4
FLT000661,LIM,BOG,LIM,A320,2023-01-31,Alta_Verano,2,4,8,7
FLT000662,SCL,GRU,SCL,B737,2023-01-06,Alta_Verano,2,4,4,7
FLT000663,SCL,MAD,SCL,B737,2022-09-01,Baja,2,6,7,5
FLT000664,SCL,JFK,SCL,A320,2022-02-20,Alta_Verano,2,5,5,2
FLT000665,BOG,MAD,BOG,B737,2024-09-18,Baja,2,4,7,2
FLT000666,BOG,MAD,BOG,A320,2023-09-02,Baja,2,4,8,11
FLT000667,LIM,BOG,LIM,A320,2022-08-18,Alta_Invierno,2,4,6,5
FLT000668,GRU,MIA,GRU,A320,2022-12-25,Alta_Verano,2,5,7,5
FLT000669,SCL,MIA,SCL,B737,2024-01-27,Alta_Verano,2,5,6,5
FLT000670,GRU,MIA,GRU,B767,2023-02-27,Alta_Verano,2,8,7,5
FLT000671,SCL,GRU,SCL,B737,2024-03-17,Baja,2,5,8,8
FLT000672,SCL,BOG,SCL,A320,2023-11-22,Baja,2,5,8,9
FLT000673,EZE,GRU,EZE,B737,2024-04-11,Baja,2,5,3,5
FLT000674,SCL,LIM,SCL,A350,2023-07-24,Alta_Invierno,2,10,4,14
FLT000675,GRU,MIA,GRU,B737,2023-01-01,Alta_Verano,2,4,8,11
FLT000676,LIM,MIA,LIM,B737,2024-06-19,Alta_Invierno,2,6,8,9
FLT000677,GRU,MAD,GRU,A320,2024-10-08,Baja,2,5,7,12
FLT000678,EZE,GRU,EZE,A320,2024-03-08,Baja,2,4,6,14
FLT000679,EZE,GRU,EZE,A320,2022-04-10,Baja,2,6,3,14
FLT000680,SCL,MAD,SCL,B787,2024-07-20,Alta_Invierno,2,9,4,5
FLT000681,SCL,BOG,SCL,A320,2023-02-27,Alta_Verano,2,6,4,6
FLT000682,SCL,BOG,SCL,A320,2022-10-14,Baja,2,5,6,5
FLT000683,SCL,LIM,SCL,A350,2022-03-18,Baja,2,9,8,13
FLT000684,SCL,GRU,SCL,A320,2022-06-25,Alta_Invierno,2,6,7,4
FLT000685,SCL,BOG,SCL,A320,2022-07-13,Alta_Invierno,2,6,5,7
FLT000686,SCL,GRU,SCL,A350,2024-09-24,Baja,2,12,3,11
FLT000687,SCL,JFK,SCL,A320,2023-08-20,Alta_Invierno,2,5,6,2
FLT000688,EZE,GRU,EZE,B767,2023-03-20,Baja,2,8,7,4
FLT000689,BOG,MAD,BOG,B737,2024-09-18,Baja,2,4,3,
FLT000690,EZE,GRU,EZE,B737,2024-01-09,Alta_Verano,2,5,5,10
FLT000691,EZE,GRU,EZE,B767,2022-04-17,Baja,2,6,6,7
FLT000692,GRU,MIA,GRU,A320,2023-10-06,Baja,2,6,5,3
FLT000693,BOG,MIA,BOG,B767,2024-01-22,Alta_Verano,2,7,5,3
FLT000694,EZE,GRU,EZE,A320,2023-11-17,Baja,2,4,4,9
FLT000695,SCL,LIM,SCL,A320,2022-05-30,Baja,2,5,4,5
FLT000696,SCL,BOG,SCL,B767,2023-05-01,Baja,2,7,4,3
FLT000697,SCL,EZE,SCL,B767,2024-02-17,Alta_Verano,2,8,6,3
FLT000698,SCL,EZE,SCL,B737,2024-08-22,Alta_Invierno,2,5,6,7
FLT000699,BOG,MIA,BOG,B737,2022-06-15,Alta_Invierno,2,5,8,5
FLT000700,SCL,MAD,SCL,B737,2022-10-27,Baja,2,4,4,4
FLT000701,LIM,GRU,LIM,B767,2023-11-16,Baja,2,6,8,2
FLT000702,LIM,MIA,LIM,B737,2022-07-17,Alta_Invierno,2,6,8,7
FLT000703,SCL,EZE,SCL,B737,2023-07-19,Alta_Invierno,2,5,8,8
FLT000704,EZE,GRU,EZE,A320,2024-03-28,Baja,2,5,4,14
FLT000705,SCL,EZE,SCL,B737,2024-01-05,Alta_Verano,2,4,6,
FLT000706,GRU,MIA,GRU,B737,2022-04-30,Baja,2,5,3,3
FLT000707,GRU,MAD,GRU,B737,2024-07-03,Alta_Invierno,2,5,4,3
FLT000708,GRU,MAD,GRU,B767,2023-07-29,Alta_Invierno,2,8,3,9
FLT000709,GRU,MIA,GRU,A320,2024-04-14,Baja,2,4,7,5
FLT000710,SCL,GRU,SCL,B767,2022-03-01,Baja,2,7,3,3
FLT000711,BOG,MIA,BOG,B737,2022-08-06,Alta_Invierno,2,5,6,11
FLT000712,SCL,MAD,SCL,B787,2024-11-06,Baja,2,11,4,8
FLT000713,SCL,LIM,SCL,B767,2023-08-20,Alta_Invierno,2,6,8,7
FLT000714,SCL,EZE,SCL,B787,2022-10-04,Baja,2,9,7,9
FLT000715,SCL,LIM,SCL,A350,2023-04-11,Baja,2,12,6,2
FLT000716,SCL,GRU,SCL,B767,2023-07-27,Alta_Invierno,2,7,7,4
FLT000717,SCL,LIM,SCL,B787,2022-01-14,Alta_Verano,2,8,5,2
FLT000718,LIM,BOG,LIM,B787,2024-07-01,Alta_Invierno,2,11,8,2
FLT000719,LIM,BOG,LIM,B787,2024-01-22,Alta_Verano,2,8,6,4
FLT000720,SCL,LIM,SCL,A320,2024-01-26,Alta_Verano,2,6,3,11
FLT000721,EZE,GRU,EZE,B737,2024-10-10,Baja,2,5,8,12
FLT000722,SCL,MAD,SCL,B767,2022-07-19,Alta_Invierno,2,8,5,3
FLT000723,GRU,MAD,GRU,B737,2024-11-21,Baja,2,4,7,6
FLT000724,SCL,MAD,SCL,B767,2024-06-27,Alta_Invierno,2,7,8,11
FLT000725,SCL,MAD,SCL,A320,2022-03-28,Baja,2,6,4,8
FLT000726,EZE,GRU,EZE,B737,2022-05-29,Baja,2,4,8,3
FLT000727,GRU,MAD,GRU,A320,2022-04-06,Baja,2,6,6,10
FLT000728,LIM,GRU,LIM,B787,2024-01-30,Alta_Verano,2,10,4,14
FLT000729,GRU,MIA,GRU,A350,2023-01-29,Alta_Verano,2,12,7,4
FLT000730,GRU,MAD,GRU,B787,2022-07-29,Alta_Invierno,2,12,6,9
FLT000731,SCL,MIA,SCL,B787,2023-12-30,Alta_Verano,2,8,5,10
FLT000732,EZE,GRU,EZE,A350,2023-07-14,Alta_Invierno,2,10,5,7
FLT000733,SCL,GRU,SCL,A320,2024-01-07,Alta_Verano,2,6,5,10
FLT000734,SCL,JFK,SCL,B787,2022-01-29,Alta_Verano,2,11,4,9
FLT000735,LIM,MIA,LIM,B737,2022-04-06,Baja,2,5,4,5
FLT000736,SCL,JFK,SCL,A320,2023-05-03,Baja,2,6,7,6
FLT000737,SCL,JFK,SCL,A320,2024-07-08,Alta_Invierno,2,5,7,5
FLT000738,SCL,MAD,SCL,B737,2023-01-08,Alta_Verano,2,6,8,2
FLT000739,SCL,MIA,SCL,B737,2024-08-27,Alta_Invierno,2,4,4,3
FLT000740,GRU,MIA,GRU,A320,2024-08-28,Alta_Invierno,2,5,8,10
FLT000741,LIM,MIA,LIM,B737,2023-12-02,Alta_Verano,2,5,8,4
FLT000742,GRU,MAD,GRU,A320,2023-11-16,Baja,2,5,3,2
FLT000743,SCL,LIM,SCL,B767,2023-07-27,Alta_Invierno,2,8,6,5
FLT000744,EZE,GRU,EZE,A320,2023-07-13,Alta_Invierno,2,4,4,3
FLT000745,BOG,MIA,BOG,B737,2023-04-18,Baja,2,6,8,3
FLT000746,SCL,MAD,SCL,B767,2022-05-03,Baja,2,8,3,6
FLT000747,BOG,MIA,BOG,A350,2023-07-22,Alta_Invierno,2,12,8,8
FLT000748,SCL,JFK,SCL,A320,2023-01-18,Alta_Verano,2,5,4,4
FLT000749,BOG,MAD,BOG,A320,2023-07-02,Alta_Invierno,2,6,6,9
FLT000750,SCL,MIA,SCL,B737,2024-05-12,Baja,2,6,6,5
FLT000751,GRU,MAD,GRU,B767,2023-09-20,Baja,2,7,5,8
FLT000752,GRU,MIA,GRU,B737,2023-07-20,Alta_Invierno,2,6,5,5
FLT000753,SCL,BOG,SCL,B737,2024-01-11,Alta_Verano,2,5,4,11
FLT000754,LIM,BOG,LIM,B787,2024-03-14,Baja,2,8,5,7
FLT000755,BOG,MAD,BOG,B787,2023-11-22,Baja,2,10,5,2
FLT000756,GRU,MIA,GRU,B737,2024-10-02,Baja,2,4,8,11
FLT000757,SCL,BOG,SCL,B737,2024-04-01,Baja,2,6,3,3
FLT000758,BOG,MAD,BOG,A320,2022-07-06,Alta_Invierno,2,6,8,9
FLT000759,GRU,MIA,GRU,A320,2024-07-18,Alta_Invierno,2,6,6,9
FLT000760,SCL,EZE,SCL,A320,2024-02-05,Alta_Verano,2,4,6,2
FLT000761,SCL,GRU,SCL,B767,2023-05-17,Baja,2,7,8,4
FLT000762,EZE,GRU,EZE,B737,2024-04-13,Baja,2,4,3,3
FLT000763,GRU,MIA,GRU,A350,2023-07-03,Alta_Invierno,2,11,7,8
FLT000764,SCL,GRU,SCL,B737,2024-11-15,Baja,2,4,6,
FLT000765,SCL,EZE,SCL,A320,2024-11-30,Baja,2,5,8,5
FLT000766,SCL,MAD,SCL,A350,2022-02-06,Alta_Verano,2,9,3,2
FLT000767,SCL,GRU,SCL,B737,2023-04-05,Baja,2,6,8,12
FLT000768,SCL,JFK,SCL,B737,2024-03-10,Baja,2,4,5,4
FLT000769,SCL,JFK,SCL,B737,2022-07-28,Alta_Invierno,2,4,4,3
FLT000770,SCL,MAD,SCL,B737,2024-12-31,Alta_Verano,2,5,4,2
FLT000771,SCL,MAD,SCL,B737,2024-05-11,Baja,2,6,8,4
FLT000772,SCL,MAD,SCL,A320,2024-01-23,Alta_Verano,2,6,7,2
FLT000773,LIM,GRU,LIM,B737,2022-06-11,Alta_Invierno,2,4,7,4
FLT000774,SCL,MIA,SCL,A320,2023-12-18,Alta_Verano,2,4,4,8
FLT000775,SCL,MAD,SCL,B767,2022-12-26,Alta_Verano,2,7,3,3
FLT000776,SCL,MIA,SCL,B787,2024-01-01,Alta_Verano,2,11,6,14
FLT000777,LIM,MIA,LIM,B767,2023-10-31,Baja,2,6,8,6
FLT000778,SCL,JFK,SCL,B737,2023-08-30,Alta_Invierno,2,5,3,5
FLT000779,BOG,MAD,BOG,B787,2023-01-12,Alta_Verano,2,12,7,5
FLT000780,GRU,MAD,GRU,B737,2022-01-04,Alta_Verano,2,4,5,5
FLT000781,LIM,GRU,LIM,B787,2024-07-20,Alta_Invierno,2,10,8,3
FLT000782,SCL,BOG,SCL,A320,2022-08-18,Alta_Invierno,2,5,8,2
FLT000783,LIM,GRU,LIM,B737,2023-01-18,Alta_Verano,2,4,7,5
FLT000784,SCL,LIM,SCL,A320,2024-08-24,Alta_Invierno,2,4,8,10
FLT000785,LIM,BOG,LIM,B737,2023-01-12,Alta_Verano,2,5,5,12
FLT000786,SCL,GRU,SCL,B787,2024-03-03,Baja,2,9,6,5
FLT000787,SCL,MAD,SCL,B737,2024-02-26,Alta_Verano,2,6,7,8
FLT000788,SCL,LIM,SCL,A320,2023-01-10,Alta_Verano,2,5,5,3
FLT000789,SCL,MAD,SCL,B737,2023-10-15,Baja,2,4,8,11
FLT000790,SCL,MIA,SCL,B787,2024-06-30,Alta_Invierno,2,11,5,12
FLT000791,GRU,MAD,GRU,A320,2023-11-04,Baja,2,5,4,4
FLT000792,BOG,MIA,BOG,A320,2024-07-09,Alta_Invierno,2,5,4,11
FLT000793,BOG,MIA,BOG,B737,2022-11-17,Baja,2,5,5,5
FLT000794,BOG,MAD,BOG,B737,2023-06-16,Alta_Invierno,2,5,4,5
FLT000795,SCL,LIM,SCL,B737,2022-10-09,Baja,2,4,8,4
FLT000796,GRU,MAD,GRU,B767,2023-12-08,Alta_Verano,2,6,5,3
FLT000797,SCL,EZE,SCL,B737,2022-01-06,Alta_Verano,2,6,4,
FLT000798,GRU,MIA,GRU,B737,2024-07-15,Alta_Invierno,2,4,4,4
FLT000799,LIM,GRU,LIM,B767,2023-09-06,Baja,2,7,6,7
FLT000800,BOG,MIA,BOG,A320,2024-10-09,Baja,2,4,5,4
FLT000801,GRU,MAD,GRU,A320,2023-02-11,Alta_Verano,2,5,7,4
FLT000802,SCL,BOG,SCL,A350,2023-07-19,Alta_Invierno,2,10,7,4
FLT000803,LIM,GRU,LIM,A350,2023-01-13,Alta_Verano,2,12,7,10
FLT000804,LIM,GRU,LIM,B737,2022-08-30,Alta_Invierno,2,6,5,14
FLT000805,SCL,GRU,SCL,A320,2024-02-08,Alta_Verano,2,4,3,4
FLT000806,GRU,MIA,GRU,A320,2023-08-04,Alta_Invierno,2,5,3,13
FLT000807,SCL,LIM,SCL,B737,2023-07-04,Alta_Invierno,2,5,8,2
FLT000808,EZE,GRU,EZE,B737,2023-01-29,Alta_Verano,2,6,3,4
FLT000809,GRU,MIA,GRU,B767,2023-01-07,Alta_Verano,2,8,5,6
FLT000810,LIM,BOG,LIM,B737,2022-07-26,Alta_Invierno,2,5,8,
FLT000811,SCL,MAD,SCL,B737,2024-01-05,Alta_Verano,2,6,4,5
FLT000812,LIM,BOG,LIM,B737,2022-09-24,Baja,2,5,3,4
FLT000813,SCL,MIA,SCL,B767,2023-02-13,Alta_Verano,2,6,3,5
FLT000814,SCL,EZE,SCL,A320,2022-07-30,Alta_Invierno,2,4,7,13
FLT000815,SCL,LIM,SCL,A320,2022-07-16,Alta_Invierno,2,4,5,8
FLT000816,EZE,GRU,EZE,B787,2023-07-21,Alta_Invierno,2,11,7,8
FLT000817,BOG,MIA,BOG,B737,2024-08-15,Alta_Invierno,2,6,6,6
FLT000818,SCL,MAD,SCL,A320,2022-10-19,Baja,2,5,7,10
FLT000819,GRU,MIA,GRU,B767,2023-07-11,Alta_Invierno,2,8,5,12
FLT000820,SCL,EZE,SCL,A350,2024-12-03,Alta_Verano,2,8,5,3
FLT000821,SCL,BOG,SCL,A320,2023-11-19,Baja,2,4,6,5
FLT000822,LIM,MIA,LIM,B767,2024-09-03,Baja,2,7,6,4
FLT000823,EZE,GRU,EZE,A320,2022-08-23,Alta_Invierno,2,6,7,12
FLT000824,SCL,MAD,SCL,B737,2024-01-09,Alta_Verano,2,6,3,10
FLT000825,SCL,JFK,SCL,B787,2023-07-11,Alta_Invierno,2,12,8,5
FLT000826,SCL,BOG,SCL,B737,2024-01-06,Alta_Verano,2,6,4,11
FLT000827,LIM,BOG,LIM,A320,2024-01-03,Alta_Verano,2,5,7,4
FLT000828,SCL,LIM,SCL,B767,2022-11-10,Baja,2,6,4,13
FLT000829,SCL,MIA,SCL,A350,2023-07-13,Alta_Invierno,2,8,7,10
FLT000830,SCL,JFK,SCL,B787,2022-12-24,Alta_Verano,2,12,8,3
FLT000831,LIM,GRU,LIM,A320,2022-04-25,Baja,2,6,4,5
FLT000832,GRU,MAD,GRU,B767,2024-01-27,Alta_Verano,2,7,5,2
FLT000833,EZE,GRU,EZE,A320,2024-11-15,Baja,2,4,7,8
FLT000834,LIM,BOG,LIM,A320,2022-02-15,Alta_Verano,2,4,5,14
FLT000835,SCL,GRU,SCL,B737,2024-01-13,Alta_Verano,2,5,7,12
FLT000836,SCL,EZE,SCL,B787,2022-01-21,Alta_Verano,2,9,8,14
FLT000837,BOG,MIA,BOG,A320,2023-02-28,Alta_Verano,2,6,5,5
FLT000838,EZE,GRU,EZE,A320,2023-06-15,Alta_Invierno,2,5,3,4
FLT000839,LIM,MIA,LIM,B787,2023-11-25,Baja,2,10,7,3
FLT000840,BOG,MAD,BOG,B737,2023-12-08,Alta_Verano,2,5,8,4
FLT000841,LIM,MIA,LIM,B737,2024-02-11,Alta_Verano,2,4,7,3
FLT000842,GRU,MAD,GRU,A320,2023-07-05,Alta_Invierno,2,5,6,5
FLT000843,GRU,MAD,GRU,B737,2022-05-14,Baja,2,5,3,5
FLT000844,LIM,MIA,LIM,B767,2023-04-13,Baja,2,7,5,9
FLT000845,LIM,GRU,LIM,B767,2024-02-27,Alta_Verano,2,6,5,12
FLT000846,LIM,GRU,LIM,A320,2023-08-14,Alta_Invierno,2,4,5,5
FLT000847,SCL,MAD,SCL,B787,2022-07-25,Alta_Invierno,2,8,3,12
FLT000848,LIM,MIA,LIM,B737,2024-08-04,Alta_Invierno,2,5,5,4
FLT000849,LIM,BOG,LIM,B737,2022-04-15,Baja,2,4,6,12
FLT000850,SCL,MIA,SCL,B737,2022-10-09,Baja,2,6,8,2
FLT000851,SCL,LIM,SCL,A350,2024-03-13,Baja,2,12,7,11
FLT000852,SCL,EZE,SCL,A320,2024-06-26,Alta_Invierno,2,5,5,11
FLT000853,BOG,MAD,BOG,A350,2023-02-28,Alta_Verano,2,8,6,4
FLT000854,BOG,MAD,BOG,B737,2023-07-14,Alta_Invierno,2,4,8,10
FLT000855,SCL,MIA,SCL,A350,2024-06-20,Alta_Invierno,2,12,3,5
FLT000856,BOG,MIA,BOG,A320,2023-09-11,Baja,2,6,8,13
FLT000857,SCL,GRU,SCL,B737,2024-02-03,Alta_Verano,2,6,4,4
FLT000858,EZE,GRU,EZE,B787,2022-07-13,Alta_Invierno,2,9,7,5
FLT000859,SCL,JFK,SCL,A320,2023-04-10,Baja,2,4,8,14
FLT000860,SCL,GRU,SCL,A320,2023-06-14,Alta_Invierno,2,5,6,4
FLT000861,GRU,MIA,GRU,B737,2022-12-15,Alta_Verano,2,6,8,14
FLT000862,GRU,MIA,GRU,B737,2023-12-28,Alta_Verano,2,4,4,3
FLT000863,EZE,GRU,EZE,A320,2023-01-08,Alta_Verano,2,5,8,14
FLT000864,SCL,MAD,SCL,A320,2024-07-27,Alta_Invierno,2,5,5,4
FLT000865,EZE,GRU,EZE,A320,2024-03-06,Baja,2,5,3,12
FLT000866,SCL,MAD,SCL,A350,2023-07-10,Alta_Invierno,2,11,8,8
FLT000867,BOG,MAD,BOG,B787,2023-06-26,Alta_Invierno,2,8,7,3
FLT000868,SCL,LIM,SCL,A320,2023-07-17,Alta_Invierno,2,4,7,3
FLT000869,LIM,BOG,LIM,B767,2023-07-19,Alta_Invierno,2,6,4,14
FLT000870,BOG,MAD,BOG,B787,2022-09-12,Baja,2,8,8,5
FLT000871,SCL,BOG,SCL,A320,2023-01-10,Alta_Verano,2,5,6,3
FLT000872,BOG,MIA,BOG,B767,2022-04-23,Baja,2,6,5,12
FLT000873,SCL,LIM,SCL,A350,2023-09-05,Baja,2,8,3,
FLT000874,SCL,MIA,SCL,B737,2022-03-14,Baja,2,4,7,6
FLT000875,SCL,JFK,SCL,B787,2024-08-21,Alta_Invierno,2,11,8,6
FLT000876,SCL,BOG,SCL,B737,2024-10-14,Baja,2,5,3,6
FLT000877,LIM,BOG,LIM,B737,2024-01-27,Alta_Verano,2,6,5,
FLT000878,SCL,MIA,SCL,B767,2024-10-28,Baja,2,6,3,8
FLT000879,GRU,MIA,GRU,A320,2024-09-28,Baja,2,4,4,5
FLT000880,SCL,GRU,SCL,A320,2023-01-06,Alta_Verano,2,6,4,2
FLT000881,GRU,MAD,GRU,A320,2022-11-15,Baja,2,4,4,6
FLT000882,BOG,MIA,BOG,A320,2023-05-04,Baja,2,5,7,6
FLT000883,SCL,BOG,SCL,B737,2022-06-27,Alta_Invierno,2,4,7,9
FLT000884,LIM,GRU,LIM,B767,2023-11-10,Baja,2,8,7,9
FLT000885,LIM,GRU,LIM,B737,2024-03-16,Baja,2,5,4,5
FLT000886,GRU,MAD,GRU,B737,2024-04-23,Baja,2,5,3,3
FLT000887,SCL,JFK,SCL,B737,2023-07-15,Alta_Invierno,2,6,7,5
FLT000888,BOG,MIA,BOG,B737,2022-11-23,Baja,2,6,5,5
FLT000889,SCL,MAD,SCL,B737,2023-12-23,Alta_Verano,2,4,8,10
FLT000890,SCL,JFK,SCL,B737,2024-07-07,Alta_Invierno,2,5,6,8
FLT000891,SCL,BOG,SCL,A320,2022-01-09,Alta_Verano,2,6,7,4
FLT000892,SCL,GRU,SCL,B737,2024-07-02,Alta_Invierno,2,5,4,11
FLT000893,GRU,MAD,GRU,B737,2024-06-01,Alta_Invierno,2,6,5,5
FLT000894,LIM,BOG,LIM,B737,2022-04-08,Baja,2,6,7,10
FLT000895,SCL,JFK,SCL,B787,2024-04-02,Baja,2,8,7,2
FLT000896,SCL,JFK,SCL,A320,2023-11-04,Baja,2,4,6,3
FLT000897,BOG,MIA,BOG,A320,2022-12-18,Alta_Verano,2,5,4,3
FLT000898,EZE,GRU,EZE,B737,2022-12-11,Alta_Verano,2,4,3,4
FLT000899,GRU,MAD,GRU,B737,2023-02-13,Alta_Verano,2,6,5,2
FLT000900,LIM,MIA,LIM,B787,2023-02-02,Alta_Verano,2,11,7,5
FLT000901,SCL,EZE,SCL,B737,2024-09-21,Baja,2,4,4,2
FLT000902,LIM,GRU,LIM,B737,2024-04-17,Baja,2,4,4,13
FLT000903,SCL,BOG,SCL,A320,2024-01-03,Alta_Verano,2,5,8,14
FLT000904,BOG,MAD,BOG,B767,2024-01-12,Alta_Verano,2,7,8,5
FLT000905,SCL,GRU,SCL,B787,2023-08-30,Alta_Invierno,2,8,8,2
FLT000906,LIM,BOG,LIM,B737,2023-07-10,Alta_Invierno,2,6,6,11
FLT000907,SCL,BOG,SCL,B787,2024-01-30,Alta_Verano,2,12,6,7
FLT000908,BOG,MIA,BOG,B767,2023-07-18,Alta_Invierno,2,7,6,5
FLT000909,SCL,EZE,SCL,B767,2024-10-27,Baja,2,8,3,4
FLT000910,SCL,JFK,SCL,B737,2022-11-20,Baja,2,5,8,5
FLT000911,LIM,GRU,LIM,A320,2022-06-07,Alta_Invierno,2,4,4,3
FLT000912,BOG,MIA,BOG,B737,2024-06-29,Alta_Invierno,2,5,6,13
FLT000913,SCL,MAD,SCL,B787,2024-02-12,Alta_Verano,2,8,8,6
FLT000914,BOG,MIA,BOG,A350,2024-08-02,Alta_Invierno,2,10,6,4
FLT000915,LIM,GRU,LIM,B737,2023-01-22,Alta_Verano,2,4,8,4
FLT000916,SCL,LIM,SCL,B767,2024-02-07,Alta_Verano,2,6,3,5
FLT000917,LIM,BOG,LIM,B737,2022-07-07,Alta_Invierno,2,4,8,3
FLT000918,EZE,GRU,EZE,B737,2023-06-09,Alta_Invierno,2,6,3,4
FLT000919,BOG,MIA,BOG,B737,2023-01-20,Alta_Verano,2,5,8,3
FLT000920,GRU,MIA,GRU,A320,2024-01-28,Alta_Verano,2,4,8,14
FLT000921,SCL,MIA,SCL,B767,2024-03-11,Baja,2,8,7,3
FLT000922,EZE,GRU,EZE,A350,2023-08-18,Alta_Invierno,2,12,6,2
FLT000923,GRU,MAD,GRU,A320,2023-06-13,Alta_Invierno,2,6,7,12
FLT000924,GRU,MAD,GRU,A320,2023-01-27,Alta_Verano,2,6,7,2
FLT000925,LIM,MIA,LIM,B787,2022-06-17,Alta_Invierno,2,10,4,9
FLT000926,LIM,MIA,LIM,B787,2023-11-06,Baja,2,10,3,11
FLT000927,BOG,MAD,BOG,A320,2022-05-28,Baja,2,5,4,4
FLT000928,SCL,MIA,SCL,B737,2022-07-06,Alta_Invierno,2,4,6,2
FLT000929,LIM,MIA,LIM,A320,2024-03-06,Baja,2,6,7,2
FLT000930,SCL,GRU,SCL,A320,2023-10-31,Baja,2,4,7,2
FLT000931,EZE,GRU,EZE,A320,2024-07-11,Alta_Invierno,2,6,8,12
FLT000932,SCL,EZE,SCL,A320,2023-09-10,Baja,2,6,4,4
FLT000933,SCL,MIA,SCL,B767,2022-10-20,Baja,2,7,5,12
FLT000934,SCL,JFK,SCL,A320,2023-10-07,Baja,2,4,6,2
FLT000935,LIM,BOG,LIM,B767,2024-07-11,Alta_Invierno,2,6,3,10
FLT000936,LIM,BOG,LIM,B737,2024-01-10,Alta_Verano,2,4,3,6
FLT000937,SCL,MIA,SCL,B767,2022-07-21,Alta_Invierno,2,6,8,2
FLT000938,SCL,JFK,SCL,B767,2023-07-10,Alta_Invierno,2,7,5,8
FLT000939,SCL,MAD,SCL,B767,2024-07-19,Alta_Invierno,2,8,3,10
FLT000940,SCL,JFK,SCL,B737,2022-08-04,Alta_Invierno,2,5,3,5
FLT000941,LIM,GRU,LIM,B767,2022-11-27,Baja,2,6,8,3
FLT000942,LIM,MIA,LIM,B787,2023-01-04,Alta_Verano,2,9,7,8
FLT000943,LIM,BOG,LIM,B737,2023-04-21,Baja,2,6,4,3
FLT000944,SCL,BOG,SCL,B737,2022-07-09,Alta_Invierno,2,4,6,8
FLT000945,SCL,JFK,SCL,A320,2023-10-21,Baja,2,5,4,10
FLT000946,GRU,MAD,GRU,A350,2022-06-03,Alta_Invierno,2,10,7,12
FLT000947,SCL,GRU,SCL,B737,2023-07-26,Alta_Invierno,2,6,4,4
FLT000948,SCL,BOG,SCL,B737,2023-01-27,Alta_Verano,2,5,8,8
FLT000949,BOG,MIA,BOG,B737,2022-04-04,Baja,2,4,8,11
FLT000950,SCL,LIM,SCL,B787,2022-06-03,Alta_Invierno,2,9,5,9
FLT000951,SCL,LIM,SCL,B767,2022-10-11,Baja,2,8,5,3
FLT000952,SCL,MAD,SCL,B737,2024-11-12,Baja,2,5,5,8
FLT000953,SCL,LIM,SCL,B737,2024-10-05,Baja,2,4,6,5
FLT000954,GRU,MAD,GRU,A320,2022-07-12,Alta_Invierno,2,5,5,6
FLT000955,SCL,LIM,SCL,A350,2023-09-17,Baja,2,11,4,4
FLT000956,SCL,BOG,SCL,B767,2023-01-22,Alta_Verano,2,7,8,4
FLT000957,LIM,BOG,LIM,B737,2022-08-20,Alta_Invierno,2,5,6,2
FLT000958,SCL,MAD,SCL,A320,2024-02-11,Alta_Verano,2,5,6,5
FLT000959,SCL,MIA,SCL,B737,2022-07-26,Alta_Invierno,2,6,5,14
FLT000960,EZE,GRU,EZE,A350,2024-12-10,Alta_Verano,2,10,8,5
FLT000961,SCL,MIA,SCL,A320,2023-07-03,Alta_Invierno,2,4,6,3
FLT000962,SCL,MAD,SCL,A320,2024-08-18,Alta_Invierno,2,5,5,5
FLT000963,LIM,MIA,LIM,A320,2024-01-21,Alta_Verano,2,4,6,2
FLT000964,SCL,JFK,SCL,B767,2023-03-02,Baja,2,6,7,5
FLT000965,SCL,JFK,SCL,A320,2022-01-25,Alta_Verano,2,5,4,5
FLT000966,LIM,GRU,LIM,B767,2023-01-23,Alta_Verano,2,6,7,2
FLT000967,SCL,JFK,SCL,B737,2022-06-22,Alta_Invierno,2,6,4,7
FLT000968,EZE,GRU,EZE,B737,2024-12-28,Alta_Verano,2,6,3,12
FLT000969,SCL,EZE,SCL,B767,2023-09-28,Baja,2,6,8,4
FLT000970,SCL,BOG,SCL,A320,2024-10-18,Baja,2,6,3,14
FLT000971,SCL,MAD,SCL,A320,2024-01-16,Alta_Verano,2,6,4,4
FLT000972,GRU,MIA,GRU,B787,2024-01-21,Alta_Verano,2,12,7,3
FLT000973,LIM,MIA,LIM,B737,2022-11-25,Baja,2,4,6,3
FLT000974,LIM,BOG,LIM,A320,2023-05-06,Baja,2,5,4,3
FLT000975,SCL,EZE,SCL,B737,2023-07-22,Alta_Invierno,2,5,4,4
FLT000976,GRU,MIA,GRU,B767,2022-09-05,Baja,2,8,8,12
FLT000977,LIM,MIA,LIM,B767,2024-11-26,Baja,2,6,4,14
FLT000978,GRU,MAD,GRU,A320,2024-12-31,Alta_Verano,2,4,4,7
FLT000979,SCL,MAD,SCL,B787,2023-03-08,Baja,2,11,4,3
FLT000980,EZE,GRU,EZE,B767,2023-04-09,Baja,2,6,8,4
FLT000981,LIM,BOG,LIM,B737,2023-01-06,Alta_Verano,2,5,8,12
FLT000982,SCL,EZE,SCL,B737,2024-12-19,Alta_Verano,2,6,8,2
FLT000983,SCL,EZE,SCL,B737,2023-03-03,Baja,2,4,3,11
FLT000984,EZE,GRU,EZE,B737,2022-08-31,Alta_Invierno,2,4,4,14
FLT000985,SCL,EZE,SCL,A320,2023-12-19,Alta_Verano,2,4,3,2
FLT000986,SCL,MIA,SCL,A320,2022-02-26,Alta_Verano,2,6,4,2
FLT000987,LIM,MIA,LIM,A320,2024-10-24,Baja,2,5,8,9
FLT000988,SCL,BOG,SCL,A320,2022-01-04,Alta_Verano,2,6,5,11
FLT000989,GRU,MIA,GRU,A320,2024-12-17,Alta_Verano,2,4,8,7
FLT000990,SCL,EZE,SCL,A350,2023-01-10,Alta_Verano,2,11,4,12
FLT000991,BOG,MAD,BOG,B737,2024-07-03,Alta_Invierno,2,6,4,14
FLT000992,LIM,BOG,LIM,B737,2023-01-03,Alta_Verano,2,6,7,5
FLT000993,SCL,GRU,SCL,B737,2023-01-22,Alta_Verano,2,5,7,4
FLT000994,SCL,BOG,SCL,A350,2022-02-10,Alta_Verano,2,11,5,9
FLT000995,SCL,GRU,SCL,A320,2024-07-30,Alta_Invierno,2,5,5,4
FLT000996,SCL,EZE,SCL,B787,2022-01-05,Alta_Verano,2,8,8,9
FLT000997,LIM,BOG,LIM,B787,2023-10-25,Baja,2,8,3,7
FLT000998,SCL,JFK,SCL,A320,2023-01-03,Alta_Verano,2,4,3,5
FLT000999,SCL,GRU,SCL,B737,2022-08-17,Alta_Invierno,2,4,8,13
FLT001000,LIM,GRU,LIM,B737,2024-01-31,Alta_Verano,2,5,3,6
FLT001001,SCL,LIM,SCL,B737,2023-12-13,Alta_Verano,2,5,3,5
FLT001002,SCL,JFK,SCL,A320,2024-04-19,Baja,2,5,4,5
FLT001003,SCL,LIM,SCL,A350,2024-05-10,Baja,2,10,4,2
FLT001004,SCL,EZE,SCL,B737,2024-08-20,Alta_Invierno,2,5,8,5
FLT001005,SCL,MIA,SCL,B767,2024-09-16,Baja,2,8,6,11
FLT001006,BOG,MAD,BOG,B787,2023-01-04,Alta_Verano,2,11,3,2
FLT001007,SCL,JFK,SCL,A320,2023-04-09,Baja,2,5,4,5
FLT001008,SCL,JFK,SCL,A320,2023-10-06,Baja,2,6,4,7
FLT001009,SCL,BOG,SCL,B737,2022-03-19,Baja,2,4,7,7
FLT001010,LIM,MIA,LIM,A350,2023-10-29,Baja,2,10,3,14
FLT001011,SCL,BOG,SCL,A320,2024-04-23,Baja,2,5,5,4
FLT001012,LIM,GRU,LIM,A320,2022-01-07,Alta_Verano,2,4,6,3
FLT001013,SCL,MAD,SCL,B737,2024-04-05,Baja,2,6,5,7
FLT001014,SCL,MAD,SCL,B767,2022-01-28,Alta_Verano,2,6,4,12
FLT001015,LIM,GRU,LIM,B737,2024-01-03,Alta_Verano,2,5,3,5
FLT001016,SCL,LIM,SCL,B737,2024-07-27,Alta_Invierno,2,6,3,9
FLT001017,SCL,MIA,SCL,A320,2024-10-29,Baja,2,4,3,5
FLT001018,SCL,LIM,SCL,A350,2023-08-05,Alta_Invierno,2,10,8,5
FLT001019,EZE,GRU,EZE,A320,2022-07-21,Alta_Invierno,2,6,6,5
FLT001020,LIM,MIA,LIM,B737,2022-07-29,Alta_Invierno,2,4,3,7
FLT001021,SCL,MAD,SCL,B787,2022-07-19,Alta_Invierno,2,12,6,5
FLT001022,SCL,LIM,SCL,A320,2024-01-04,Alta_Verano,2,6,4,11
FLT001023,LIM,GRU,LIM,B737,2024-01-20,Alta_Verano,2,6,5,9
FLT001024,SCL,BOG,SCL,B787,2024-12-03,Alta_Verano,2,11,5,3
FLT001025,SCL,JFK,SCL,B787,2024-11-17,Baja,2,9,3,5
FLT001026,SCL,MAD,SCL,B737,2024-12-27,Alta_Verano,2,5,5,5
FLT001027,LIM,MIA,LIM,B767,2022-07-23,Alta_Invierno,2,8,6,14
FLT001028,SCL,BOG,SCL,A320,2023-01-16,Alta_Verano,2,6,4,13
FLT001029,BOG,MAD,BOG,A350,2023-08-15,Alta_Invierno,2,10,5,8
FLT001030,LIM,GRU,LIM,B737,2023-06-09,Alta_Invierno,2,4,4,13
FLT001031,SCL,BOG,SCL,A320,2023-12-21,Alta_Verano,2,4,6,3
FLT001032,SCL,GRU,SCL,B737,2022-01-30,Alta_Verano,2,6,4,9
FLT001033,LIM,MIA,LIM,B737,2023-01-29,Alta_Verano,2,6,8,14
FLT001034,LIM,MIA,LIM,B737,2023-08-22,Alta_Invierno,2,5,4,6
FLT001035,GRU,MIA,GRU,B737,2022-04-25,Baja,2,6,4,7
FLT001036,SCL,JFK,SCL,B737,2022-01-10,Alta_Verano,2,4,8,5
FLT001037,LIM,BOG,LIM,B737,2023-04-07,Baja,2,5,6,5
FLT001038,SCL,MIA,SCL,B767,2024-01-01,Alta_Verano,2,8,8,10
FLT001039,BOG,MIA,BOG,A320,2023-07-04,Alta_Invierno,2,4,5,10
FLT001040,BOG,MAD,BOG,B787,2023-09-13,Baja,2,11,5,8
FLT001041,SCL,EZE,SCL,B767,2024-05-19,Baja,2,7,8,11
FLT001042,BOG,MIA,BOG,B767,2023-09-05,Baja,2,8,8,2
FLT001043,GRU,MAD,GRU,A350,2024-02-05,Alta_Verano,2,12,6,3
FLT001044,SCL,BOG,SCL,B737,2024-05-06,Baja,2,4,6,12
FLT001045,SCL,GRU,SCL,B787,2024-02-29,Alta_Verano,2,11,8,6
FLT001046,SCL,MIA,SCL,B767,2022-01-09,Alta_Verano,2,7,6,9
FLT001047,GRU,MIA,GRU,B737,2022-01-21,Alta_Verano,2,6,7,5
FLT001048,SCL,EZE,SCL,B737,2023-07-19,Alta_Invierno,2,4,8,6
FLT001049,SCL,MAD,SCL,B737,2022-05-25,Baja,2,5,6,10
FLT001050,LIM,MIA,LIM,A320,2022-06-17,Alta_Invierno,2,4,7,2
FLT001051,LIM,BOG,LIM,B737,2024-07-24,Alta_Invierno,2,5,3,5
FLT001052,SCL,MIA,SCL,B737,2022-10-13,Baja,2,4,8,8
FLT001053,GRU,MAD,GRU,B737,2022-01-25,Alta_Verano,2,5,4,9
FLT001054,EZE,GRU,EZE,B787,2024-06-25,Alta_Invierno,2,11,6,4
FLT001055,SCL,MIA,SCL,A320,2023-07-06,Alta_Invierno,2,5,8,3
FLT001056,LIM,GRU,LIM,B787,2024-01-21,Alta_Verano,2,8,8,13
FLT001057,SCL,BOG,SCL,B787,2023-05-12,Baja,2,11,6,8
FLT001058,SCL,MAD,SCL,B737,2022-11-05,Baja,2,6,4,8
FLT001059,SCL,EZE,SCL,B787,2022-07-20,Alta_Invierno,2,11,7,2
FLT001060,LIM,GRU,LIM,B787,2022-09-29,Baja,2,12,5,4
FLT001061,EZE,GRU,EZE,A320,2024-06-11,Alta_Invierno,2,4,3,14
FLT001062,LIM,MIA,LIM,B787,2022-07-21,Alta_Invierno,2,8,5,3
FLT001063,LIM,BOG,LIM,B787,2024-07-07,Alta_Invierno,2,9,3,2
FLT001064,SCL,MIA,SCL,A350,2022-02-08,Alta_Verano,2,8,6,5
FLT001065,GRU,MIA,GRU,A350,2022-02-01,Alta_Verano,2,12,5,4
FLT001066,SCL,JFK,SCL,B787,2022-07-17,Alta_Invierno,2,10,8,12
FLT001067,LIM,BOG,LIM,B787,2023-03-04,Baja,2,10,6,10
FLT001068,LIM,GRU,LIM,B767,2023-12-21,Alta_Verano,2,7,8,11
FLT001069,BOG,MAD,BOG,A320,2023-04-29,Baja,2,4,6,5
FLT001070,BOG,MAD,BOG,A320,2022-09-12,Baja,2,5,6,8
FLT001071,LIM,GRU,LIM,B737,2024-11-29,Baja,2,4,3,4
FLT001072,LIM,GRU,LIM,B787,2022-04-20,Baja,2,8,5,4
FLT001073,LIM,GRU,LIM,B737,2022-12-09,Alta_Verano,2,6,6,3
FLT001074,LIM,GRU,LIM,A320,2022-07-09,Alta_Invierno,2,4,5,5
FLT001075,SCL,JFK,SCL,B787,2024-07-14,Alta_Invierno,2,8,5,11
FLT001076,GRU,MAD,GRU,B767,2024-07-10,Alta_Invierno,2,7,8,2
FLT001077,SCL,EZE,SCL,B737,2022-01-17,Alta_Verano,2,5,3,9
FLT001078,GRU,MAD,GRU,B737,2024-09-11,Baja,2,5,8,2
FLT001079,EZE,GRU,EZE,B737,2023-02-26,Alta_Verano,2,4,7,5
FLT001080,EZE,GRU,EZE,B737,2022-09-10,Baja,2,6,6,3
FLT001081,SCL,LIM,SCL,A350,2023-07-18,Alta_Invierno,2,12,4,13
FLT001082,LIM,MIA,LIM,A320,2023-02-21,Alta_Verano,2,4,8,8
FLT001083,BOG,MAD,BOG,B767,2022-01-27,Alta_Verano,2,6,5,4
FLT001084,LIM,BOG,LIM,A350,2024-07-18,Alta_Invierno,2,11,8,3
FLT001085,LIM,BOG,LIM,B737,2023-07-21,Alta_Invierno,2,4,3,4
FLT001086,GRU,MAD,GRU,A320,2023-02-15,Alta_Verano,2,5,7,8
FLT001087,GRU,MIA,GRU,A320,2023-07-11,Alta_Invierno,2,6,8,6
FLT001088,SCL,GRU,SCL,A350,2022-02-16,Alta_Verano,2,10,5,13
FLT001089,SCL,EZE,SCL,B737,2023-09-04,Baja,2,4,8,13
FLT001090,LIM,MIA,LIM,A320,2023-11-11,Baja,2,5,4,5
FLT001091,SCL,JFK,SCL,A350,2023-12-16,Alta_Verano,2,12,6,4
FLT001092,EZE,GRU,EZE,B787,2023-07-25,Alta_Invierno,2,8,3,9
FLT001093,BOG,MAD,BOG,A320,2024-09-30,Baja,2,5,8,6
FLT001094,SCL,EZE,SCL,B737,2022-07-29,Alta_Invierno,2,4,8,3
FLT001095,SCL,MAD,SCL,A350,2022-07-11,Alta_Invierno,2,9,8,12
FLT001096,BOG,MAD,BOG,B767,2022-07-01,Alta_Invierno,2,8,6,5
FLT001097,GRU,MIA,GRU,B767,2024-08-30,Alta_Invierno,2,8,8,2
FLT001098,SCL,GRU,SCL,A320,2024-07-04,Alta_Invierno,2,6,6,14
FLT001099,EZE,GRU,EZE,B787,2023-03-26,Baja,2,11,4,12
FLT001100,GRU,MAD,GRU,A320,2023-01-02,Alta_Verano,2,4,6,6
FLT001101,LIM,GRU,LIM,A320,2022-03-24,Baja,2,6,3,11
FLT001102,SCL,MIA,SCL,B787,2024-06-18,Alta_Invierno,2,8,7,8
FLT001103,SCL,BOG,SCL,B737,2024-04-12,Baja,2,5,8,2
FLT001104,SCL,LIM,SCL,B737,2024-05-28,Baja,2,4,4,10
FLT001105,SCL,LIM,SCL,B737,2024-06-12,Alta_Invierno,2,6,8,13
FLT001106,GRU,MAD,GRU,A320,2024-07-07,Alta_Invierno,2,5,6,4
FLT001107,SCL,GRU,SCL,A320,2023-01-13,Alta_Verano,2,5,3,5
FLT001108,LIM,GRU,LIM,B737,2024-10-29,Baja,2,6,5,5
FLT001109,SCL,LIM,SCL,B767,2022-07-13,Alta_Invierno,2,7,4,5
FLT001110,SCL,GRU,SCL,A350,2022-12-22,Alta_Verano,2,11,5,6
FLT001111,SCL,MIA,SCL,A320,2022-11-02,Baja,2,4,5,5
FLT001112,BOG,MIA,BOG,B737,2023-05-11,Baja,2,5,3,5
FLT001113,SCL,EZE,SCL,B737,2022-07-26,Alta_Invierno,2,4,8,8
FLT001114,LIM,GRU,LIM,A320,2022-05-09,Baja,2,4,5,13
FLT001115,BOG,MIA,BOG,B737,2023-07-01,Alta_Invierno,2,5,6,7
FLT001116,BOG,MAD,BOG,B787,2022-10-02,Baja,2,8,6,5
FLT001117,LIM,GRU,LIM,B737,2023-08-18,Alta_Invierno,2,6,4,4
FLT001118,EZE,GRU,EZE,A350,2024-02-26,Alta_Verano,2,12,7,8
FLT001119,GRU,MAD,GRU,B787,2024-01-13,Alta_Verano,2,11,8,2
FLT001120,LIM,BOG,LIM,A320,2023-07-31,Alta_Invierno,2,4,8,6
FLT001121,LIM,BOG,LIM,A320,2023-07-14,Alta_Invierno,2,4,3,2
FLT001122,SCL,GRU,SCL,A320,2022-01-20,Alta_Verano,2,6,4,3
FLT001123,SCL,MIA,SCL,B767,2022-07-05,Alta_Invierno,2,8,6,11
FLT001124,SCL,GRU,SCL,A320,2024-06-16,Alta_Invierno,2,4,4,4
FLT001125,SCL,LIM,SCL,B737,2023-09-17,Baja,2,6,7,6
FLT001126,LIM,MIA,LIM,A320,2023-04-24,Baja,2,5,4,2
FLT001127,EZE,GRU,EZE,B767,2023-01-22,Alta_Verano,2,6,6,14
FLT001128,LIM,GRU,LIM,B737,2022-08-30,Alta_Invierno,2,4,7,13
FLT001129,BOG,MAD,BOG,B737,2024-10-20,Baja,2,6,5,8
FLT001130,BOG,MIA,BOG,B767,2022-02-28,Alta_Verano,2,6,7,3
FLT001131,EZE,GRU,EZE,A320,2023-05-26,Baja,2,4,5,6
FLT001132,LIM,MIA,LIM,B767,2022-12-04,Alta_Verano,2,8,4,3
FLT001133,SCL,MIA,SCL,B787,2024-01-24,Alta_Verano,2,12,4,5
FLT001134,BOG,MIA,BOG,A320,2022-07-24,Alta_Invierno,2,5,8,8
FLT001135,LIM,MIA,LIM,A320,2024-01-05,Alta_Verano,2,6,3,11
FLT001136,SCL,JFK,SCL,A320,2023-06-08,Alta_Invierno,2,6,8,14
FLT001137,SCL,LIM,SCL,B787,2024-07-08,Alta_Invierno,2,12,5,2
FLT001138,SCL,JFK,SCL,A320,2023-08-13,Alta_Invierno,2,5,3,13
FLT001139,GRU,MIA,GRU,A350,2022-03-26,Baja,2,10,3,6
FLT001140,SCL,MAD,SCL,A320,2022-07-24,Alta_Invierno,2,6,8,11
FLT001141,BOG,MAD,BOG,B787,2023-08-28,Alta_Invierno,2,8,5,
FLT001142,SCL,GRU,SCL,B787,2022-09-11,Baja,2,12,8,12
FLT001143,SCL,MIA,SCL,A320,2023-04-08,Baja,2,5,7,11
FLT001144,SCL,BOG,SCL,B737,2024-02-21,Alta_Verano,2,5,4,5
FLT001145,LIM,BOG,LIM,A350,2022-04-16,Baja,2,11,4,13
FLT001146,SCL,GRU,SCL,A320,2024-02-07,Alta_Verano,2,4,5,3
FLT001147,SCL,JFK,SCL,B737,2024-02-06,Alta_Verano,2,5,3,14
FLT001148,BOG,MAD,BOG,A320,2023-12-08,Alta_Verano,2,6,7,13
FLT001149,LIM,MIA,LIM,B737,2022-12-16,Alta_Verano,2,4,5,5
FLT001150,SCL,BOG,SCL,B737,2023-07-11,Alta_Invierno,2,5,8,10
FLT001151,SCL,BOG,SCL,B737,2022-07-24,Alta_Invierno,2,4,4,3
FLT001152,LIM,BOG,LIM,A320,2024-07-04,Alta_Invierno,2,6,8,7
FLT001153,SCL,BOG,SCL,B767,2024-08-15,Alta_Invierno,2,7,4,5
FLT001154,SCL,MIA,SCL,B737,2024-09-01,Baja,2,6,6,14
FLT001155,BOG,MAD,BOG,A320,2023-08-14,Alta_Invierno,2,4,6,12
FLT001156,LIM,MIA,LIM,B767,2022-01-21,Alta_Verano,2,6,5,4
FLT001157,BOG,MIA,BOG,A320,2022-07-06,Alta_Invierno,2,5,6,4
FLT001158,GRU,MAD,GRU,B737,2024-08-05,Alta_Invierno,2,6,3,2
FLT001159,SCL,BOG,SCL,A320,2024-07-25,Alta_Invierno,2,5,8,6
FLT001160,SCL,GRU,SCL,B737,2022-07-09,Alta_Invierno,2,6,6,2
FLT001161,BOG,MIA,BOG,A320,2024-10-19,Baja,2,6,3,6
FLT001162,SCL,MAD,SCL,A320,2022-08-02,Alta_Invierno,2,4,6,5
FLT001163,SCL,BOG,SCL,B737,2023-11-02,Baja,2,4,7,14
FLT001164,SCL,MAD,SCL,B767,2024-07-26,Alta_Invierno,2,8,4,9
FLT001165,GRU,MAD,GRU,B767,2022-01-09,Alta_Verano,2,6,3,4
FLT001166,BOG,MIA,BOG,A320,2024-09-18,Baja,2,4,4,4
FLT001167,LIM,MIA,LIM,B737,2024-01-21,Alta_Verano,2,4,6,9
FLT001168,BOG,MAD,BOG,A320,2024-01-28,Alta_Verano,2,4,4,4
FLT001169,GRU,MIA,GRU,A320,2024-12-31,Alta_Verano,2,4,8,2
FLT001170,SCL,JFK,SCL,A320,2023-12-09,Alta_Verano,2,4,3,4
FLT001171,GRU,MIA,GRU,A320,2023-12-10,Alta_Verano,2,4,5,13
FLT001172,SCL,LIM,SCL,A320,2023-05-24,Baja,2,6,4,13
FLT001173,SCL,EZE,SCL,B787,2024-09-22,Baja,2,12,4,7
FLT001174,LIM,MIA,LIM,A320,2024-07-23,Alta_Invierno,2,5,3,2
FLT001175,EZE,GRU,EZE,B737,2023-02-22,Alta_Verano,2,4,7,3
FLT001176,EZE,GRU,EZE,A350,2023-03-02,Baja,2,12,8,13
FLT001177,BOG,MAD,BOG,A350,2022-07-10,Alta_Invierno,2,11,4,13
FLT001178,BOG,MIA,BOG,B787,2023-07-29,Alta_Invierno,2,8,6,11
FLT001179,GRU,MAD,GRU,A320,2023-06-10,Alta_Invierno,2,5,4,3
FLT001180,SCL,LIM,SCL,B737,2024-12-22,Alta_Verano,2,5,4,14
FLT001181,GRU,MAD,GRU,B737,2023-01-21,Alta_Verano,2,4,7,10
FLT001182,LIM,GRU,LIM,B737,2024-12-30,Alta_Verano,2,4,4,5
FLT001183,EZE,GRU,EZE,A350,2024-07-31,Alta_Invierno,2,12,4,11
FLT001184,BOG,MAD,BOG,A320,2023-11-24,Baja,2,6,3,14
FLT001185,LIM,BOG,LIM,A350,2022-07-16,Alta_Invierno,2,9,4,7
FLT001186,SCL,BOG,SCL,A320,2023-10-11,Baja,2,4,7,12
FLT001187,SCL,EZE,SCL,B767,2024-06-24,Alta_Invierno,2,8,3,5
FLT001188,SCL,MIA,SCL,A320,2024-09-07,Baja,2,6,8,14
FLT001189,BOG,MIA,BOG,A320,2024-04-19,Baja,2,5,5,3
FLT001190,SCL,GRU,SCL,B767,2024-07-31,Alta_Invierno,2,6,4,2
FLT001191,SCL,MIA,SCL,A320,2023-12-07,Alta_Verano,2,6,7,3
FLT001192,LIM,MIA,LIM,A320,2024-04-17,Baja,2,6,6,12
FLT001193,BOG,MAD,BOG,B737,2024-05-28,Baja,2,5,3,4
FLT001194,SCL,MAD,SCL,A320,2023-07-14,Alta_Invierno,2,6,3,9
FLT001195,SCL,BOG,SCL,A320,2023-04-23,Baja,2,4,6,4
FLT001196,SCL,MAD,SCL,A320,2024-04-15,Baja,2,5,6,2
FLT001197,SCL,LIM,SCL,A320,2023-02-13,Alta_Verano,2,4,8,3
FLT001198,LIM,MIA,LIM,B787,2024-06-06,Alta_Invierno,2,10,3,3
FLT001199,LIM,GRU,LIM,B787,2023-01-27,Alta_Verano,2,11,3,2
FLT001200,GRU,MIA,GRU,B767,2022-11-01,Baja,2,7,5,5
FLT001201,LIM,GRU,LIM,A320,2023-02-14,Alta_Verano,2,4,7,14
FLT001202,SCL,JFK,SCL,B737,2024-06-13,Alta_Invierno,2,6,6,
FLT001203,LIM,MIA,LIM,A320,2024-09-14,Baja,2,5,8,4
FLT001204,LIM,MIA,LIM,A320,2022-03-25,Baja,2,6,8,9
FLT001205,LIM,MIA,LIM,B787,2022-07-06,Alta_Invierno,2,12,7,8
FLT001206,BOG,MAD,BOG,B737,2024-02-06,Alta_Verano,2,5,5,4
FLT001207,SCL,MAD,SCL,B737,2022-12-17,Alta_Verano,2,6,4,7
FLT001208,LIM,MIA,LIM,B737,2022-11-21,Baja,2,6,5,4
FLT001209,SCL,JFK,SCL,B767,2023-04-04,Baja,2,8,8,3
FLT001210,EZE,GRU,EZE,B767,2024-02-03,Alta_Verano,2,7,4,2
FLT001211,SCL,LIM,SCL,A320,2023-01-30,Alta_Verano,2,6,4,5
FLT001212,LIM,GRU,LIM,A320,2022-01-11,Alta_Verano,2,6,6,8
FLT001213,SCL,MAD,SCL,B787,2022-11-30,Baja,2,10,8,9
FLT001214,SCL,JFK,SCL,A350,2024-02-17,Alta_Verano,2,12,5,12
FLT001215,LIM,GRU,LIM,A350,2022-02-27,Alta_Verano,2,10,3,4
FLT001216,SCL,JFK,SCL,B737,2024-01-31,Alta_Verano,2,4,8,6
FLT001217,SCL,JFK,SCL,B737,2024-12-23,Alta_Verano,2,5,3,5
FLT001218,SCL,JFK,SCL,B737,2024-01-27,Alta_Verano,2,4,3,5
FLT001219,SCL,GRU,SCL,A320,2022-01-03,Alta_Verano,2,4,5,4
FLT001220,BOG,MIA,BOG,B787,2024-07-04,Alta_Invierno,2,9,7,10
FLT001221,LIM,MIA,LIM,A320,2022-01-07,Alta_Verano,2,4,5,14
FLT001222,LIM,GRU,LIM,B787,2024-06-16,Alta_Invierno,2,11,8,4
FLT001223,SCL,BOG,SCL,A320,2023-07-22,Alta_Invierno,2,4,6,14
FLT001224,LIM,BOG,LIM,A320,2022-08-29,Alta_Invierno,2,5,7,2
FLT001225,BOG,MIA,BOG,A320,2024-03-12,Baja,2,6,6,3
FLT001226,LIM,BOG,LIM,B737,2023-01-27,Alta_Verano,2,6,7,4
FLT001227,SCL,GRU,SCL,B737,2024-09-15,Baja,2,4,3,9
FLT001228,GRU,MAD,GRU,B767,2024-08-24,Alta_Invierno,2,6,3,2
FLT001229,EZE,GRU,EZE,A320,2022-02-08,Alta_Verano,2,5,5,2
FLT001230,GRU,MIA,GRU,A350,2022-06-24,Alta_Invierno,2,8,8,2
FLT001231,SCL,LIM,SCL,A320,2024-10-17,Baja,2,5,3,5
FLT001232,LIM,BOG,LIM,B737,2024-01-07,Alta_Verano,2,4,8,3
FLT001233,SCL,GRU,SCL,A320,2024-02-23,Alta_Verano,2,6,8,14
FLT001234,BOG,MAD,BOG,A320,2023-12-28,Alta_Verano,2,5,4,11
FLT001235,EZE,GRU,EZE,B737,2022-01-01,Alta_Verano,2,4,3,4
FLT001236,GRU,MIA,GRU,B787,2022-04-12,Baja,2,11,4,13
FLT001237,EZE,GRU,EZE,B767,2022-06-29,Alta_Invierno,2,8,3,8
FLT001238,SCL,BOG,SCL,A320,2023-01-16,Alta_Verano,2,6,4,4
FLT001239,SCL,MAD,SCL,A320,2023-12-13,Alta_Verano,2,5,8,8
FLT001240,SCL,JFK,SCL,B737,2024-04-08,Baja,2,5,8,2
FLT001241,LIM,GRU,LIM,B767,2023-02-06,Alta_Verano,2,7,6,4
FLT001242,SCL,MAD,SCL,B737,2022-01-10,Alta_Verano,2,5,8,3
FLT001243,SCL,LIM,SCL,B737,2023-01-16,Alta_Verano,2,5,7,8
FLT001244,SCL,GRU,SCL,A320,2023-01-23,Alta_Verano,2,5,4,2
FLT001245,LIM,GRU,LIM,B767,2024-10-21,Baja,2,7,4,4
FLT001246,LIM,GRU,LIM,B787,2022-10-14,Baja,2,8,3,2
FLT001247,SCL,EZE,SCL,A320,2024-01-31,Alta_Verano,2,4,6,2
FLT001248,BOG,MIA,BOG,B787,2024-01-25,Alta_Verano,2,11,3,11
FLT001249,BOG,MIA,BOG,B787,2023-09-03,Baja,2,12,3,3
FLT001250,GRU,MIA,GRU,B767,2022-02-24,Alta_Verano,2,8,6,10
FLT001251,LIM,BOG,LIM,B787,2023-07-07,Alta_Invierno,2,8,4,4
FLT001252,LIM,BOG,LIM,A350,2023-11-12,Baja,2,10,6,6
FLT001253,SCL,MIA,SCL,B737,2024-11-12,Baja,2,5,6,2
FLT001254,SCL,GRU,SCL,A320,2022-01-15,Alta_Verano,2,4,5,2
FLT001255,SCL,JFK,SCL,B737,2024-07-25,Alta_Invierno,2,5,8,5
FLT001256,SCL,JFK,SCL,B737,2023-06-16,Alta_Invierno,2,6,8,3
FLT001257,BOG,MIA,BOG,A320,2022-01-07,Alta_Verano,2,6,8,2
FLT001258,SCL,BOG,SCL,A320,2022-05-16,Baja,2,4,6,12
FLT001259,SCL,EZE,SCL,B737,2023-01-01,Alta_Verano,2,6,7,4
FLT001260,LIM,BOG,LIM,B737,2024-12-05,Alta_Verano,2,6,5,5
FLT001261,BOG,MAD,BOG,A320,2023-07-17,Alta_Invierno,2,6,7,7
FLT001262,SCL,MAD,SCL,A350,2024-01-26,Alta_Verano,2,11,5,5
FLT001263,GRU,MAD,GRU,A320,2024-11-07,Baja,2,5,4,4
FLT001264,GRU,MIA,GRU,B737,2024-12-12,Alta_Verano,2,5,3,
FLT001265,LIM,BOG,LIM,B737,2022-06-19,Alta_Invierno,2,5,4,2
FLT001266,SCL,EZE,SCL,A350,2022-03-07,Baja,2,8,5,3
FLT001267,EZE,GRU,EZE,B767,2023-09-06,Baja,2,7,7,12
FLT001268,BOG,MAD,BOG,B767,2022-12-07,Alta_Verano,2,7,8,4
FLT001269,SCL,MAD,SCL,B787,2022-04-07,Baja,2,9,7,5
FLT001270,BOG,MIA,BOG,B737,2022-11-01,Baja,2,5,5,6
FLT001271,SCL,MIA,SCL,B737,2022-05-10,Baja,2,4,3,10
FLT001272,SCL,MIA,SCL,B767,2023-07-18,Alta_Invierno,2,7,5,2
FLT001273,SCL,EZE,SCL,B737,2023-01-13,Alta_Verano,2,4,4,2
FLT001274,LIM,GRU,LIM,B787,2022-03-07,Baja,2,9,5,2
FLT001275,SCL,GRU,SCL,B737,2023-11-13,Baja,2,5,5,10
FLT001276,GRU,MAD,GRU,A350,2024-09-25,Baja,2,11,4,4
FLT001277,SCL,LIM,SCL,B767,2024-01-07,Alta_Verano,2,8,8,10
FLT001278,BOG,MAD,BOG,A320,2023-07-16,Alta_Invierno,2,6,4,13
FLT001279,SCL,JFK,SCL,A350,2022-09-03,Baja,2,9,7,3
FLT001280,EZE,GRU,EZE,B767,2023-10-03,Baja,2,8,3,4
FLT001281,BOG,MIA,BOG,A320,2023-01-10,Alta_Verano,2,5,3,4
FLT001282,LIM,BOG,LIM,B787,2023-08-02,Alta_Invierno,2,8,8,2
FLT001283,SCL,BOG,SCL,B737,2023-09-11,Baja,2,4,5,5
FLT001284,SCL,JFK,SCL,B787,2023-07-01,Alta_Invierno,2,8,8,13
FLT001285,SCL,LIM,SCL,A320,2024-01-08,Alta_Verano,2,4,3,9
FLT001286,LIM,GRU,LIM,B737,2024-04-23,Baja,2,4,7,11
FLT001287,EZE,GRU,EZE,A350,2023-03-04,Baja,2,9,8,
FLT001288,SCL,EZE,SCL,A320,2022-06-20,Alta_Invierno,2,4,7,
FLT001289,SCL,MIA,SCL,B767,2022-01-04,Alta_Verano,2,7,3,9
FLT001290,GRU,MAD,GRU,A320,2024-05-11,Baja,2,4,5,14
FLT001291,LIM,MIA,LIM,B737,2023-07-13,Alta_Invierno,2,5,5,13
FLT001292,SCL,MIA,SCL,A320,2024-07-03,Alta_Invierno,2,6,6,13
FLT001293,BOG,MIA,BOG,A320,2024-01-29,Alta_Verano,2,5,4,10
FLT001294,SCL,JFK,SCL,A320,2022-10-19,Baja,2,6,5,13
FLT001295,LIM,GRU,LIM,B737,2024-02-29,Alta_Verano,2,5,7,12
FLT001296,SCL,MAD,SCL,B737,2024-06-24,Alta_Invierno,2,4,3,13
FLT001297,EZE,GRU,EZE,B737,2022-01-24,Alta_Verano,2,4,4,9
FLT001298,LIM,GRU,LIM,B767,2024-02-20,Alta_Verano,2,7,4,3
FLT001299,SCL,JFK,SCL,A350,2022-06-06,Alta_Invierno,2,9,6,4
FLT001300,SCL,MAD,SCL,A320,2023-01-25,Alta_Verano,2,5,3,10
FLT001301,GRU,MAD,GRU,B737,2023-07-31,Alta_Invierno,2,5,6,
FLT001302,BOG,MAD,BOG,B737,2023-02-23,Alta_Verano,2,5,7,10
FLT001303,LIM,GRU,LIM,A320,2023-01-18,Alta_Verano,2,5,3,5
FLT001304,LIM,GRU,LIM,B737,2022-07-07,Alta_Invierno,2,4,5,3
FLT001305,BOG,MAD,BOG,B767,2023-01-02,Alta_Verano,2,8,6,7
FLT001306,BOG,MAD,BOG,A320,2023-11-26,Baja,2,5,7,6
FLT001307,LIM,MIA,LIM,A350,2024-09-16,Baja,2,10,8,4
FLT001308,LIM,GRU,LIM,B767,2022-03-11,Baja,2,7,5,3
FLT001309,SCL,GRU,SCL,A350,2022-10-17,Baja,2,12,6,2
FLT001310,SCL,JFK,SCL,A320,2024-03-13,Baja,2,6,3,4
FLT001311,SCL,MAD,SCL,B737,2024-05-11,Baja,2,4,3,6
FLT001312,SCL,JFK,SCL,B737,2022-08-18,Alta_Invierno,2,5,3,5
FLT001313,LIM,MIA,LIM,B737,2023-01-07,Alta_Verano,2,5,7,5
FLT001314,SCL,EZE,SCL,B737,2023-12-17,Alta_Verano,2,4,8,2
FLT001315,LIM,GRU,LIM,A320,2023-01-12,Alta_Verano,2,6,7,2
FLT001316,LIM,GRU,LIM,B787,2023-01-30,Alta_Verano,2,9,6,2
FLT001317,LIM,BOG,LIM,B737,2024-04-11,Baja,2,4,5,3
FLT001318,SCL,EZE,SCL,A320,2024-07-01,Alta_Invierno,2,5,8,3
FLT001319,LIM,BOG,LIM,B767,2022-01-11,Alta_Verano,2,8,4,3
FLT001320,GRU,MAD,GRU,B737,2024-04-25,Baja,2,4,4,8
FLT001321,GRU,MIA,GRU,A320,2022-01-30,Alta_Verano,2,6,3,11
FLT001322,LIM,GRU,LIM,B737,2024-07-17,Alta_Invierno,2,5,3,10
FLT001323,BOG,MIA,BOG,A350,2022-07-08,Alta_Invierno,2,10,3,5
FLT001324,SCL,MIA,SCL,B767,2022-02-03,Alta_Verano,2,6,7,4
FLT001325,SCL,JFK,SCL,B767,2024-11-09,Baja,2,8,7,2
FLT001326,SCL,MAD,SCL,B767,2022-07-19,Alta_Invierno,2,7,6,5
FLT001327,SCL,GRU,SCL,B737,2022-01-04,Alta_Verano,2,4,6,14
FLT001328,LIM,MIA,LIM,A320,2024-07-07,Alta_Invierno,2,6,4,7
FLT001329,LIM,BOG,LIM,B737,2024-03-11,Baja,2,6,4,2
FLT001330,SCL,LIM,SCL,A320,2023-10-01,Baja,2,4,6,8
FLT001331,EZE,GRU,EZE,B767,2023-10-17,Baja,2,8,4,9
FLT001332,GRU,MIA,GRU,B767,2024-02-17,Alta_Verano,2,6,3,5
FLT001333,GRU,MAD,GRU,A320,2022-01-22,Alta_Verano,2,5,6,2
FLT001334,BOG,MAD,BOG,B767,2022-10-10,Baja,2,6,5,2
FLT001335,GRU,MAD,GRU,A320,2024-07-31,Alta_Invierno,2,5,3,3
FLT001336,EZE,GRU,EZE,B767,2023-07-08,Alta_Invierno,2,6,8,7
FLT001337,SCL,MAD,SCL,B737,2023-07-16,Alta_Invierno,2,6,7,3
FLT001338,GRU,MIA,GRU,B737,2024-10-02,Baja,2,5,7,8
FLT001339,SCL,LIM,SCL,A350,2024-04-19,Baja,2,9,4,5
FLT001340,SCL,LIM,SCL,B737,2022-06-24,Alta_Invierno,2,6,5,12
FLT001341,SCL,BOG,SCL,B767,2023-07-03,Alta_Invierno,2,6,4,13
FLT001342,SCL,EZE,SCL,A320,2024-09-17,Baja,2,6,5,7
FLT001343,SCL,MIA,SCL,A350,2022-11-24,Baja,2,11,5,11
FLT001344,GRU,MAD,GRU,B787,2024-10-26,Baja,2,9,7,5
FLT001345,BOG,MAD,BOG,A320,2022-07-12,Alta_Invierno,2,6,8,3
FLT001346,BOG,MAD,BOG,B737,2022-02-26,Alta_Verano,2,4,7,12
FLT001347,EZE,GRU,EZE,B737,2022-02-20,Alta_Verano,2,4,4,2
FLT001348,BOG,MAD,BOG,B737,2022-02-16,Alta_Verano,2,5,6,5
FLT001349,LIM,MIA,LIM,B737,2023-07-04,Alta_Invierno,2,6,8,3
FLT001350,LIM,BOG,LIM,B737,2023-01-01,Alta_Verano,2,4,6,13
FLT001351,BOG,MIA,BOG,B767,2023-04-12,Baja,2,7,3,2
FLT001352,EZE,GRU,EZE,B737,2024-05-17,Baja,2,4,3,5
FLT001353,EZE,GRU,EZE,A320,2022-03-30,Baja,2,4,3,5
FLT001354,SCL,MAD,SCL,B737,2022-09-26,Baja,2,6,8,8
FLT001355,EZE,GRU,EZE,B787,2022-06-19,Alta_Invierno,2,12,6,2
FLT001356,GRU,MAD,GRU,B737,2022-09-20,Baja,2,5,8,3
FLT001357,SCL,JFK,SCL,B787,2023-07-10,Alta_Invierno,2,9,6,6
FLT001358,SCL,MAD,SCL,B767,2023-05-27,Baja,2,7,5,3
FLT001359,SCL,MAD,SCL,B737,2024-09-22,Baja,2,6,6,8
FLT001360,LIM,MIA,LIM,B737,2022-11-19,Baja,2,6,7,12
FLT001361,SCL,GRU,SCL,B787,2024-06-23,Alta_Invierno,2,8,3,5
FLT001362,SCL,MIA,SCL,B737,2023-05-18,Baja,2,5,3,3
FLT001363,SCL,JFK,SCL,A350,2024-02-27,Alta_Verano,2,10,7,7
FLT001364,BOG,MIA,BOG,B737,2023-07-04,Alta_Invierno,2,6,3,14
FLT001365,SCL,JFK,SCL,B737,2024-11-12,Baja,2,6,3,4
FLT001366,LIM,GRU,LIM,B767,2022-08-28,Alta_Invierno,2,7,4,2
FLT001367,SCL,GRU,SCL,A320,2024-07-04,Alta_Invierno,2,4,8,13
FLT001368,SCL,GRU,SCL,B737,2024-10-20,Baja,2,6,5,9
FLT001369,SCL,GRU,SCL,B737,2022-01-11,Alta_Verano,2,4,7,9
FLT001370,SCL,JFK,SCL,A320,2023-03-21,Baja,2,5,6,14
FLT001371,SCL,LIM,SCL,B767,2022-02-01,Alta_Verano,2,6,5,13
FLT001372,LIM,GRU,LIM,B767,2023-04-09,Baja,2,8,6,14
FLT001373,SCL,MAD,SCL,A320,2023-01-23,Alta_Verano,2,6,3,9
FLT001374,BOG,MAD,BOG,A320,2023-05-01,Baja,2,6,7,11
FLT001375,LIM,GRU,LIM,B737,2022-06-02,Alta_Invierno,2,4,4,12
FLT001376,BOG,MAD,BOG,B737,2023-01-12,Alta_Verano,2,4,3,5
FLT001377,SCL,EZE,SCL,B767,2022-06-02,Alta_Invierno,2,7,6,5
FLT001378,GRU,MAD,GRU,A320,2023-01-11,Alta_Verano,2,6,7,5
FLT001379,LIM,BOG,LIM,B767,2022-10-02,Baja,2,6,6,8
FLT001380,SCL,LIM,SCL,B737,2023-07-05,Alta_Invierno,2,6,3,2
FLT001381,SCL,LIM,SCL,A320,2024-01-15,Alta_Verano,2,4,5,4
FLT001382,SCL,GRU,SCL,B737,2022-10-27,Baja,2,5,8,11
FLT001383,EZE,GRU,EZE,A320,2023-03-04,Baja,2,4,7,4
FLT001384,BOG,MAD,BOG,A320,2024-09-09,Baja,2,6,6,
FLT001385,BOG,MIA,BOG,A320,2023-11-11,Baja,2,4,8,5
FLT001386,LIM,GRU,LIM,B737,2022-10-28,Baja,2,6,8,3
FLT001387,GRU,MAD,GRU,B737,2022-12-13,Alta_Verano,2,5,3,2
FLT001388,SCL,MAD,SCL,B737,2024-01-17,Alta_Verano,2,5,3,3
FLT001389,GRU,MIA,GRU,A320,2023-01-08,Alta_Verano,2,5,3,5
FLT001390,SCL,JFK,SCL,B787,2023-11-29,Baja,2,8,8,2
FLT001391,GRU,MAD,GRU,B787,2022-07-30,Alta_Invierno,2,11,6,5
FLT001392,SCL,MIA,SCL,B737,2024-02-07,Alta_Verano,2,4,4,7
FLT001393,SCL,BOG,SCL,B737,2023-12-01,Alta_Verano,2,4,5,10
FLT001394,BOG,MIA,BOG,A320,2024-07-14,Alta_Invierno,2,5,4,13
FLT001395,SCL,BOG,SCL,B787,2022-07-08,Alta_Invierno,2,12,5,7
FLT001396,SCL,EZE,SCL,B737,2023-05-28,Baja,2,6,7,11
FLT001397,BOG,MAD,BOG,B737,2023-01-11,Alta_Verano,2,6,7,12
FLT001398,SCL,MIA,SCL,B737,2023-09-14,Baja,2,5,5,8
FLT001399,SCL,BOG,SCL,B787,2023-05-16,Baja,2,11,3,7
FLT001400,GRU,MAD,GRU,B767,2023-12-20,Alta_Verano,2,7,7,11
FLT001401,SCL,MAD,SCL,B767,2023-09-27,Baja,2,7,5,11
FLT001402,EZE,GRU,EZE,B767,2022-03-07,Baja,2,6,3,5
FLT001403,SCL,JFK,SCL,B737,2023-05-04,Baja,2,6,3,9
FLT001404,GRU,MAD,GRU,B767,2024-05-07,Baja,2,7,7,3
FLT001405,SCL,JFK,SCL,A320,2023-12-08,Alta_Verano,2,6,7,11
FLT001406,LIM,GRU,LIM,B787,2023-10-06,Baja,2,11,8,14
FLT001407,BOG,MIA,BOG,A350,2022-07-28,Alta_Invierno,2,9,3,
FLT001408,SCL,GRU,SCL,A320,2023-08-09,Alta_Invierno,2,5,4,14
FLT001409,SCL,GRU,SCL,A320,2023-02-08,Alta_Verano,2,5,6,4
FLT001410,GRU,MIA,GRU,A320,2024-01-29,Alta_Verano,2,4,8,3
FLT001411,BOG,MIA,BOG,B737,2022-06-04,Alta_Invierno,2,5,4,10
FLT001412,SCL,MIA,SCL,A320,2023-09-13,Baja,2,6,5,3
FLT001413,SCL,EZE,SCL,B787,2024-04-27,Baja,2,8,6,5
FLT001414,SCL,EZE,SCL,B737,2022-03-20,Baja,2,4,4,5
FLT001415,LIM,BOG,LIM,A350,2024-11-04,Baja,2,10,3,11
FLT001416,SCL,EZE,SCL,B787,2022-02-12,Alta_Verano,2,8,5,11
FLT001417,EZE,GRU,EZE,B737,2023-07-28,Alta_Invierno,2,6,5,11
FLT001418,SCL,BOG,SCL,B737,2023-02-28,Alta_Verano,2,5,5,10
FLT001419,EZE,GRU,EZE,B737,2024-01-24,Alta_Verano,2,4,7,4
FLT001420,LIM,GRU,LIM,A320,2022-04-07,Baja,2,6,3,14
FLT001421,SCL,EZE,SCL,A350,2024-11-20,Baja,2,9,3,4
FLT001422,LIM,MIA,LIM,B787,2022-07-17,Alta_Invierno,2,8,5,2
FLT001423,SCL,GRU,SCL,A320,2022-01-12,Alta_Verano,2,6,4,4
FLT001424,LIM,BOG,LIM,B737,2023-07-27,Alta_Invierno,2,4,7,11
FLT001425,GRU,MIA,GRU,A350,2022-06-01,Alta_Invierno,2,11,6,5
FLT001426,SCL,LIM,SCL,B767,2024-07-03,Alta_Invierno,2,8,8,5
FLT001427,SCL,BOG,SCL,A320,2024-12-30,Alta_Verano,2,5,8,12
FLT001428,SCL,LIM,SCL,B787,2023-09-08,Baja,2,10,5,5
FLT001429,BOG,MIA,BOG,B787,2022-06-22,Alta_Invierno,2,10,6,4
FLT001430,SCL,MIA,SCL,A320,2022-01-12,Alta_Verano,2,5,6,5
FLT001431,SCL,BOG,SCL,A320,2023-01-22,Alta_Verano,2,5,8,13
FLT001432,LIM,BOG,LIM,A320,2022-01-29,Alta_Verano,2,4,4,3
FLT001433,LIM,MIA,LIM,A350,2022-08-11,Alta_Invierno,2,9,3,8
FLT001434,SCL,EZE,SCL,B787,2022-02-06,Alta_Verano,2,12,5,10
FLT001435,LIM,MIA,LIM,B737,2022-06-03,Alta_Invierno,2,5,3,6
FLT001436,SCL,LIM,SCL,B767,2024-11-18,Baja,2,8,7,3
FLT001437,GRU,MIA,GRU,B737,2024-01-23,Alta_Verano,2,4,8,3
FLT001438,GRU,MAD,GRU,A320,2022-05-25,Baja,2,6,8,4
FLT001439,SCL,JFK,SCL,B737,2023-03-08,Baja,2,5,5,9
FLT001440,SCL,LIM,SCL,B787,2022-10-11,Baja,2,12,5,8
FLT001441,SCL,EZE,SCL,A320,2023-02-13,Alta_Verano,2,6,6,4
FLT001442,SCL,GRU,SCL,B767,2024-01-27,Alta_Verano,2,8,8,4
FLT001443,GRU,MIA,GRU,A320,2023-06-22,Alta_Invierno,2,5,8,6
FLT001444,LIM,BOG,LIM,A350,2024-07-09,Alta_Invierno,2,9,6,5
FLT001445,SCL,BOG,SCL,B787,2023-12-19,Alta_Verano,2,12,5,5
FLT001446,LIM,GRU,LIM,B787,2024-01-12,Alta_Verano,2,12,5,3
FLT001447,SCL,BOG,SCL,B767,2022-09-17,Baja,2,6,8,5
FLT001448,GRU,MIA,GRU,A320,2023-02-01,Alta_Verano,2,6,6,14
FLT001449,BOG,MIA,BOG,A320,2022-09-28,Baja,2,6,6,4
FLT001450,EZE,GRU,EZE,B737,2023-11-11,Baja,2,5,6,5
FLT001451,SCL,JFK,SCL,B737,2023-08-01,Alta_Invierno,2,6,5,3
FLT001452,EZE,GRU,EZE,A320,2024-11-30,Baja,2,4,8,6
FLT001453,SCL,EZE,SCL,A350,2024-04-02,Baja,2,11,5,12
FLT001454,SCL,MAD,SCL,B787,2023-06-13,Alta_Invierno,2,8,6,13
FLT001455,SCL,GRU,SCL,A320,2022-01-21,Alta_Verano,2,6,3,5
FLT001456,BOG,MAD,BOG,A320,2022-08-12,Alta_Invierno,2,4,5,2
FLT001457,SCL,GRU,SCL,B787,2024-01-25,Alta_Verano,2,9,6,3
FLT001458,EZE,GRU,EZE,A320,2024-07-26,Alta_Invierno,2,4,3,12
FLT001459,LIM,MIA,LIM,A350,2022-07-29,Alta_Invierno,2,8,3,5
FLT001460,SCL,EZE,SCL,B737,2024-01-06,Alta_Verano,2,6,5,9
FLT001461,SCL,GRU,SCL,B737,2022-07-07,Alta_Invierno,2,4,4,3
FLT001462,SCL,MAD,SCL,B787,2024-08-02,Alta_Invierno,2,10,4,12
FLT001463,GRU,MIA,GRU,B737,2023-01-04,Alta_Verano,2,6,7,7
FLT001464,SCL,EZE,SCL,A320,2024-07-19,Alta_Invierno,2,5,7,7
FLT001465,BOG,MIA,BOG,B787,2024-02-18,Alta_Verano,2,10,8,3
FLT001466,GRU,MIA,GRU,B737,2023-09-02,Baja,2,6,6,13
FLT001467,SCL,MIA,SCL,B767,2022-10-21,Baja,2,6,4,12
FLT001468,BOG,MAD,BOG,A320,2024-03-21,Baja,2,5,4,
FLT001469,SCL,GRU,SCL,B767,2022-08-28,Alta_Invierno,2,7,4,9
FLT001470,SCL,MAD,SCL,B767,2023-02-21,Alta_Verano,2,8,6,4
FLT001471,GRU,MIA,GRU,B767,2022-03-23,Baja,2,7,5,8
FLT001472,BOG,MAD,BOG,B737,2023-11-24,Baja,2,6,5,7
FLT001473,SCL,MAD,SCL,B737,2023-05-28,Baja,2,4,4,2
FLT001474,SCL,GRU,SCL,B787,2024-07-13,Alta_Invierno,2,11,6,4
FLT001475,SCL,BOG,SCL,B767,2023-01-01,Alta_Verano,2,8,3,5
FLT001476,SCL,MIA,SCL,B737,2022-01-15,Alta_Verano,2,4,4,5
FLT001477,SCL,MAD,SCL,A350,2023-06-25,Alta_Invierno,2,11,5,4
FLT001478,LIM,BOG,LIM,A320,2023-01-19,Alta_Verano,2,6,8,5
FLT001479,BOG,MIA,BOG,A350,2022-10-31,Baja,2,11,8,7
FLT001480,LIM,GRU,LIM,A350,2024-07-05,Alta_Invierno,2,9,5,7
FLT001481,SCL,MIA,SCL,A320,2023-01-01,Alta_Verano,2,5,5,11
FLT001482,GRU,MAD,GRU,B787,2024-11-06,Baja,2,10,3,2
FLT001483,SCL,BOG,SCL,B767,2024-03-21,Baja,2,7,3,9
FLT001484,BOG,MIA,BOG,B737,2022-12-21,Alta_Verano,2,6,4,8
FLT001485,SCL,MAD,SCL,B787,2022-07-16,Alta_Invierno,2,11,3,13
FLT001486,BOG,MIA,BOG,B787,2024-12-25,Alta_Verano,2,10,4,7
FLT001487,SCL,MIA,SCL,A320,2023-10-05,Baja,2,4,6,10
FLT001488,LIM,GRU,LIM,A320,2022-10-20,Baja,2,5,8,5
FLT001489,SCL,JFK,SCL,B767,2022-05-28,Baja,2,6,4,2
FLT001490,GRU,MIA,GRU,B787,2023-09-17,Baja,2,9,8,2
FLT001491,SCL,MIA,SCL,B767,2023-07-20,Alta_Invierno,2,8,4,8
FLT001492,SCL,LIM,SCL,B787,2022-09-17,Baja,2,11,7,14
FLT001493,SCL,EZE,SCL,A320,2023-09-01,Baja,2,5,3,5
FLT001494,SCL,GRU,SCL,B787,2024-06-11,Alta_Invierno,2,10,3,8
FLT001495,LIM,BOG,LIM,B787,2023-05-29,Baja,2,10,8,14
FLT001496,SCL,JFK,SCL,B737,2022-02-09,Alta_Verano,2,6,5,3
FLT001497,LIM,MIA,LIM,B737,2022-09-13,Baja,2,6,6,5
FLT001498,SCL,GRU,SCL,A320,2022-01-21,Alta_Verano,2,5,4,10
FLT001499,SCL,LIM,SCL,B787,2023-07-11,Alta_Invierno,2,9,7,14
FLT001500,SCL,MIA,SCL,B737,2022-12-06,Alta_Verano,2,6,7,5
FLT001501,SCL,LIM,SCL,B737,2023-01-11,Alta_Verano,2,6,6,7
FLT001502,EZE,GRU,EZE,B737,2023-01-28,Alta_Verano,2,6,4,14
FLT001503,SCL,EZE,SCL,B767,2023-10-13,Baja,2,7,4,12
FLT001504,LIM,MIA,LIM,A350,2024-07-25,Alta_Invierno,2,12,7,2
FLT001505,LIM,GRU,LIM,B767,2022-05-25,Baja,2,7,7,9
FLT001506,GRU,MAD,GRU,B767,2023-01-14,Alta_Verano,2,8,6,2
FLT001507,BOG,MAD,BOG,A320,2024-09-11,Baja,2,6,7,8
FLT001508,GRU,MIA,GRU,B737,2023-01-05,Alta_Verano,2,6,5,4
FLT001509,BOG,MIA,BOG,A320,2022-06-13,Alta_Invierno,2,6,8,4
FLT001510,GRU,MIA,GRU,A320,2024-09-27,Baja,2,5,7,3
FLT001511,LIM,GRU,LIM,B737,2022-07-28,Alta_Invierno,2,4,7,5
FLT001512,SCL,JFK,SCL,A350,2022-10-18,Baja,2,8,3,4
FLT001513,SCL,EZE,SCL,A320,2022-08-26,Alta_Invierno,2,5,3,3
FLT001514,SCL,LIM,SCL,A320,2024-07-28,Alta_Invierno,2,6,6,5
FLT001515,SCL,LIM,SCL,A320,2022-04-01,Baja,2,4,7,5
FLT001516,GRU,MIA,GRU,A320,2023-02-12,Alta_Verano,2,6,8,5
FLT001517,SCL,EZE,SCL,B767,2023-10-26,Baja,2,6,7,5
FLT001518,SCL,EZE,SCL,B767,2022-11-12,Baja,2,7,7,6
FLT001519,GRU,MIA,GRU,A320,2023-10-14,Baja,2,4,7,13
FLT001520,LIM,BOG,LIM,A320,2024-08-08,Alta_Invierno,2,4,6,9
FLT001521,SCL,GRU,SCL,A320,2024-01-04,Alta_Verano,2,4,5,14
FLT001522,LIM,MIA,LIM,B767,2023-01-06,Alta_Verano,2,6,3,10
FLT001523,SCL,LIM,SCL,A350,2022-12-16,Alta_Verano,2,10,3,14
FLT001524,BOG,MIA,BOG,B737,2022-01-03,Alta_Verano,2,4,8,5
FLT001525,SCL,MIA,SCL,B737,2023-06-28,Alta_Invierno,2,5,8,2
FLT001526,SCL,BOG,SCL,B737,2023-07-06,Alta_Invierno,2,6,4,2
FLT001527,LIM,GRU,LIM,B787,2022-07-19,Alta_Invierno,2,11,7,8
FLT001528,EZE,GRU,EZE,B737,2022-04-09,Baja,2,5,7,2
FLT001529,SCL,MIA,SCL,B737,2024-06-24,Alta_Invierno,2,6,4,11
FLT001530,SCL,JFK,SCL,A320,2023-07-27,Alta_Invierno,2,4,5,14
FLT001531,SCL,JFK,SCL,A320,2022-06-24,Alta_Invierno,2,6,8,2
FLT001532,GRU,MIA,GRU,B767,2022-01-27,Alta_Verano,2,6,8,4
FLT001533,LIM,MIA,LIM,A320,2024-06-15,Alta_Invierno,2,4,8,5
FLT001534,LIM,GRU,LIM,A320,2023-02-18,Alta_Verano,2,6,7,12
FLT001535,GRU,MAD,GRU,A320,2022-02-04,Alta_Verano,2,5,7,5
FLT001536,SCL,LIM,SCL,B767,2022-01-29,Alta_Verano,2,8,6,5
FLT001537,SCL,JFK,SCL,B767,2022-07-19,Alta_Invierno,2,8,8,12
FLT001538,GRU,MIA,GRU,B787,2023-05-26,Baja,2,10,8,5
FLT001539,EZE,GRU,EZE,B737,2024-01-27,Alta_Verano,2,6,4,8
FLT001540,BOG,MAD,BOG,B767,2022-10-01,Baja,2,8,8,4
FLT001541,SCL,MIA,SCL,B767,2023-05-17,Baja,2,6,8,7
FLT001542,EZE,GRU,EZE,A350,2023-02-22,Alta_Verano,2,10,5,10
FLT001543,SCL,MAD,SCL,B787,2024-05-31,Baja,2,12,7,13
FLT001544,SCL,EZE,SCL,B787,2024-01-09,Alta_Verano,2,10,6,5
FLT001545,SCL,EZE,SCL,A350,2023-07-10,Alta_Invierno,2,10,3,3
FLT001546,SCL,MAD,SCL,B787,2023-11-10,Baja,2,8,6,7
FLT001547,SCL,MIA,SCL,A320,2022-04-21,Baja,2,5,5,4
FLT001548,SCL,EZE,SCL,A350,2023-09-06,Baja,2,12,3,7
FLT001549,SCL,JFK,SCL,B767,2023-01-13,Alta_Verano,2,8,5,5
FLT001550,SCL,JFK,SCL,B787,2024-09-20,Baja,2,12,4,5
FLT001551,GRU,MIA,GRU,B767,2024-03-24,Baja,2,8,8,3
FLT001552,GRU,MAD,GRU,B767,2024-10-20,Baja,2,6,8,7
FLT001553,GRU,MIA,GRU,B787,2023-01-08,Alta_Verano,2,12,4,
FLT001554,SCL,MAD,SCL,B767,2022-03-17,Baja,2,7,7,5
FLT001555,SCL,BOG,SCL,A320,2023-10-30,Baja,2,6,3,3
FLT001556,SCL,JFK,SCL,B787,2022-01-01,Alta_Verano,2,10,8,8
FLT001557,LIM,GRU,LIM,A350,2024-08-22,Alta_Invierno,2,9,3,9
FLT001558,SCL,MAD,SCL,A320,2024-07-25,Alta_Invierno,2,5,8,13
FLT001559,SCL,MIA,SCL,B737,2023-10-19,Baja,2,5,3,13
FLT001560,SCL,BOG,SCL,B767,2023-01-01,Alta_Verano,2,8,8,6
FLT001561,SCL,GRU,SCL,B737,2024-07-02,Alta_Invierno,2,4,3,14
FLT001562,SCL,JFK,SCL,A320,2022-06-09,Alta_Invierno,2,4,7,10
FLT001563,LIM,MIA,LIM,B787,2023-11-25,Baja,2,8,4,2
FLT001564,BOG,MAD,BOG,A320,2023-10-18,Baja,2,4,3,4
FLT001565,SCL,JFK,SCL,B787,2024-04-22,Baja,2,12,3,11
FLT001566,BOG,MIA,BOG,A320,2024-03-14,Baja,2,6,6,10
FLT001567,EZE,GRU,EZE,B787,2023-02-14,Alta_Verano,2,10,5,4
FLT001568,BOG,MIA,BOG,B767,2024-09-06,Baja,2,6,7,5
FLT001569,EZE,GRU,EZE,B737,2022-05-05,Baja,2,6,3,13
FLT001570,LIM,BOG,LIM,A350,2024-01-26,Alta_Verano,2,8,4,2
FLT001571,EZE,GRU,EZE,A320,2023-07-28,Alta_Invierno,2,5,7,4
FLT001572,SCL,GRU,SCL,B787,2024-07-04,Alta_Invierno,2,10,7,10
FLT001573,SCL,GRU,SCL,B767,2024-07-28,Alta_Invierno,2,8,3,2
FLT001574,SCL,MIA,SCL,B767,2023-01-12,Alta_Verano,2,7,3,3
FLT001575,LIM,GRU,LIM,A320,2024-01-10,Alta_Verano,2,4,4,2
FLT001576,SCL,GRU,SCL,B737,2023-03-11,Baja,2,5,5,7
FLT001577,LIM,BOG,LIM,A320,2023-10-01,Baja,2,4,5,5
FLT001578,BOG,MAD,BOG,A320,2024-01-07,Alta_Verano,2,6,8,13
FLT001579,BOG,MIA,BOG,A320,2024-12-21,Alta_Verano,2,4,5,3
FLT001580,GRU,MAD,GRU,B787,2022-01-04,Alta_Verano,2,9,8,5
FLT001581,SCL,GRU,SCL,B767,2024-08-21,Alta_Invierno,2,6,4,9
FLT001582,SCL,EZE,SCL,B737,2024-06-26,Alta_Invierno,2,4,8,3
FLT001583,SCL,LIM,SCL,A320,2023-05-20,Baja,2,4,7,5
FLT001584,SCL,GRU,SCL,B787,2023-11-11,Baja,2,10,8,3
FLT001585,SCL,LIM,SCL,A320,2022-07-16,Alta_Invierno,2,6,4,4
FLT001586,LIM,MIA,LIM,B737,2024-01-26,Alta_Verano,2,6,5,7
FLT001587,SCL,MIA,SCL,B737,2024-07-02,Alta_Invierno,2,5,7,5
FLT001588,LIM,GRU,LIM,A320,2023-10-22,Baja,2,5,6,4
FLT001589,SCL,LIM,SCL,A320,2024-02-02,Alta_Verano,2,4,3,5
FLT001590,BOG,MAD,BOG,B737,2022-01-05,Alta_Verano,2,6,7,11
FLT001591,SCL,LIM,SCL,B737,2024-12-01,Alta_Verano,2,6,6,7
FLT001592,GRU,MIA,GRU,A320,2024-07-10,Alta_Invierno,2,4,4,3
FLT001593,GRU,MIA,GRU,B737,2022-11-15,Baja,2,6,7,2
FLT001594,LIM,GRU,LIM,A320,2022-01-27,Alta_Verano,2,5,3,4
FLT001595,LIM,MIA,LIM,B737,2022-09-07,Baja,2,6,6,10
FLT001596,EZE,GRU,EZE,A320,2022-04-06,Baja,2,4,6,13
FLT001597,GRU,MAD,GRU,A320,2024-09-25,Baja,2,5,8,2
FLT001598,SCL,MAD,SCL,B737,2024-09-25,Baja,2,5,6,13
FLT001599,SCL,JFK,SCL,B737,2022-07-30,Alta_Invierno,2,6,5,5
FLT001600,SCL,GRU,SCL,B737,2023-04-11,Baja,2,5,3,9
FLT001601,SCL,LIM,SCL,A350,2023-12-12,Alta_Verano,2,12,4,5
FLT001602,SCL,JFK,SCL,B787,2022-03-18,Baja,2,10,6,3
FLT001603,SCL,JFK,SCL,B737,2023-10-25,Baja,2,4,8,8
FLT001604,SCL,GRU,SCL,B767,2024-07-29,Alta_Invierno,2,8,5,11
FLT001605,SCL,MAD,SCL,A320,2024-01-30,Alta_Verano,2,6,6,4
FLT001606,SCL,JFK,SCL,B737,2024-12-18,Alta_Verano,2,6,8,12
FLT001607,SCL,BOG,SCL,A350,2023-08-25,Alta_Invierno,2,12,6,3
FLT001608,SCL,MIA,SCL,B787,2022-07-12,Alta_Invierno,2,10,4,5
FLT001609,SCL,BOG,SCL,B737,2024-03-16,Baja,2,5,3,5
FLT001610,BOG,MIA,BOG,B737,2023-09-05,Baja,2,5,7,3
FLT001611,SCL,EZE,SCL,A320,2023-02-01,Alta_Verano,2,5,6,13
FLT001612,SCL,MAD,SCL,A320,2023-11-06,Baja,2,5,3,5
FLT001613,LIM,MIA,LIM,A320,2023-09-07,Baja,2,5,3,5
FLT001614,EZE,GRU,EZE,B767,2022-01-08,Alta_Verano,2,8,3,8
FLT001615,SCL,JFK,SCL,A320,2022-01-07,Alta_Verano,2,6,5,5
FLT001616,GRU,MIA,GRU,A320,2022-06-06,Alta_Invierno,2,4,3,3
FLT001617,BOG,MIA,BOG,B787,2022-04-08,Baja,2,8,6,3
FLT001618,SCL,LIM,SCL,B767,2023-01-14,Alta_Verano,2,8,8,
FLT001619,SCL,GRU,SCL,A320,2022-08-26,Alta_Invierno,2,5,3,8
FLT001620,SCL,LIM,SCL,B787,2022-02-19,Alta_Verano,2,9,6,13
FLT001621,SCL,GRU,SCL,B737,2022-02-03,Alta_Verano,2,5,7,4
FLT001622,LIM,MIA,LIM,B787,2023-01-19,Alta_Verano,2,12,8,3
FLT001623,SCL,LIM,SCL,A320,2024-01-24,Alta_Verano,2,6,6,5
FLT001624,SCL,JFK,SCL,A320,2023-02-05,Alta_Verano,2,6,8,6
FLT001625,SCL,MIA,SCL,B787,2024-12-25,Alta_Verano,2,10,4,13
FLT001626,SCL,GRU,SCL,B737,2024-11-21,Baja,2,4,6,
FLT001627,EZE,GRU,EZE,A350,2023-06-21,Alta_Invierno,2,8,4,2
FLT001628,LIM,MIA,LIM,B787,2023-07-08,Alta_Invierno,2,9,5,2
FLT001629,GRU,MIA,GRU,B737,2024-01-21,Alta_Verano,2,5,8,2
FLT001630,SCL,MAD,SCL,B767,2022-01-11,Alta_Verano,2,6,3,5
FLT001631,GRU,MIA,GRU,B737,2023-05-30,Baja,2,5,7,8
FLT001632,SCL,GRU,SCL,B787,2023-06-21,Alta_Invierno,2,11,7,2
FLT001633,SCL,MAD,SCL,A320,2024-11-22,Baja,2,5,5,10
FLT001634,SCL,GRU,SCL,B767,2024-05-12,Baja,2,7,4,2
FLT001635,SCL,EZE,SCL,A350,2024-04-27,Baja,2,12,4,12
FLT001636,LIM,MIA,LIM,A320,2024-09-19,Baja,2,5,7,4
FLT001637,BOG,MAD,BOG,B767,2024-09-28,Baja,2,8,8,5
FLT001638,SCL,MIA,SCL,A320,2022-07-18,Alta_Invierno,2,6,8,2
FLT001639,SCL,JFK,SCL,B787,2022-04-10,Baja,2,12,7,9
FLT001640,GRU,MIA,GRU,A320,2022-12-10,Alta_Verano,2,4,5,2
FLT001641,BOG,MIA,BOG,B787,2023-02-26,Alta_Verano,2,10,3,7
FLT001642,SCL,JFK,SCL,A320,2023-02-03,Alta_Verano,2,6,3,13
FLT001643,GRU,MIA,GRU,A320,2022-11-06,Baja,2,5,4,14
FLT001644,SCL,MAD,SCL,A320,2024-11-12,Baja,2,4,3,3
FLT001645,SCL,BOG,SCL,B737,2023-09-07,Baja,2,4,8,11
FLT001646,GRU,MAD,GRU,B737,2023-09-24,Baja,2,6,4,5
FLT001647,GRU,MIA,GRU,A320,2023-07-01,Alta_Invierno,2,4,6,5
FLT001648,EZE,GRU,EZE,A320,2024-07-20,Alta_Invierno,2,6,4,2
FLT001649,LIM,MIA,LIM,B737,2022-01-22,Alta_Verano,2,5,8,10
FLT001650,GRU,MIA,GRU,A320,2023-02-13,Alta_Verano,2,6,6,9
FLT001651,BOG,MIA,BOG,B737,2023-06-24,Alta_Invierno,2,5,8,9
FLT001652,GRU,MIA,GRU,B787,2022-01-01,Alta_Verano,2,11,4,5
FLT001653,SCL,JFK,SCL,B737,2024-08-28,Alta_Invierno,2,5,3,12
FLT001654,LIM,BOG,LIM,B787,2023-01-11,Alta_Verano,2,10,5,5
FLT001655,SCL,BOG,SCL,A320,2023-04-02,Baja,2,6,3,8
FLT001656,SCL,LIM,SCL,A320,2022-01-17,Alta_Verano,2,4,7,4
FLT001657,GRU,MIA,GRU,B737,2022-01-11,Alta_Verano,2,4,3,10
FLT001658,SCL,GRU,SCL,A320,2022-08-13,Alta_Invierno,2,4,8,12
FLT001659,BOG,MIA,BOG,B737,2024-05-18,Baja,2,5,5,8
FLT001660,SCL,JFK,SCL,B737,2023-06-23,Alta_Invierno,2,4,5,12
FLT001661,SCL,MIA,SCL,B787,2023-11-27,Baja,2,10,8,2
FLT001662,SCL,LIM,SCL,B767,2023-01-09,Alta_Verano,2,7,5,9
FLT001663,LIM,MIA,LIM,B787,2023-03-29,Baja,2,8,7,5
FLT001664,SCL,MIA,SCL,B737,2022-04-29,Baja,2,6,3,3
FLT001665,SCL,MAD,SCL,A320,2024-01-01,Alta_Verano,2,6,4,13
FLT001666,EZE,GRU,EZE,A350,2023-01-10,Alta_Verano,2,9,3,
FLT001667,SCL,LIM,SCL,B767,2024-04-23,Baja,2,7,5,5
FLT001668,EZE,GRU,EZE,B737,2023-12-23,Alta_Verano,2,5,5,13
FLT001669,SCL,MIA,SCL,A350,2024-02-21,Alta_Verano,2,8,4,4
FLT001670,GRU,MIA,GRU,A320,2022-07-22,Alta_Invierno,2,6,8,3
FLT001671,GRU,MIA,GRU,A350,2024-07-27,Alta_Invierno,2,11,8,5
FLT001672,LIM,GRU,LIM,B767,2023-10-19,Baja,2,7,7,4
FLT001673,SCL,GRU,SCL,B737,2022-04-19,Baja,2,5,8,3
FLT001674,GRU,MAD,GRU,B737,2024-01-22,Alta_Verano,2,4,5,8
FLT001675,SCL,MIA,SCL,B737,2024-11-22,Baja,2,4,6,11
FLT001676,LIM,GRU,LIM,B737,2024-11-13,Baja,2,6,6,4
FLT001677,SCL,MIA,SCL,B767,2023-04-18,Baja,2,8,6,9
FLT001678,SCL,MAD,SCL,A320,2023-04-01,Baja,2,4,3,4
FLT001679,SCL,LIM,SCL,A320,2024-01-05,Alta_Verano,2,4,8,10
FLT001680,SCL,MIA,SCL,B767,2022-10-17,Baja,2,8,5,2
FLT001681,GRU,MAD,GRU,A320,2024-07-04,Alta_Invierno,2,4,4,3
FLT001682,LIM,GRU,LIM,B737,2022-02-23,Alta_Verano,2,4,4,13
FLT001683,SCL,EZE,SCL,A350,2024-01-20,Alta_Verano,2,8,7,4
FLT001684,BOG,MAD,BOG,B787,2024-10-22,Baja,2,8,6,11
FLT001685,SCL,MAD,SCL,B787,2022-08-01,Alta_Invierno,2,8,5,
FLT001686,SCL,MAD,SCL,A320,2023-06-07,Alta_Invierno,2,6,5,4
FLT001687,GRU,MAD,GRU,A350,2024-06-15,Alta_Invierno,2,8,5,3
FLT001688,SCL,MIA,SCL,B787,2024-07-29,Alta_Invierno,2,10,8,
FLT001689,BOG,MIA,BOG,B767,2023-03-07,Baja,2,8,6,10
FLT001690,SCL,GRU,SCL,B737,2022-06-25,Alta_Invierno,2,5,5,5
FLT001691,LIM,GRU,LIM,A320,2023-06-29,Alta_Invierno,2,5,6,14
FLT001692,GRU,MIA,GRU,B737,2022-04-20,Baja,2,5,5,5
FLT001693,SCL,EZE,SCL,B767,2022-11-11,Baja,2,7,6,4
FLT001694,LIM,MIA,LIM,A350,2023-11-07,Baja,2,11,6,5
FLT001695,LIM,MIA,LIM,A320,2023-01-08,Alta_Verano,2,6,4,3
FLT001696,BOG,MIA,BOG,A320,2022-03-19,Baja,2,5,6,3
FLT001697,SCL,BOG,SCL,A320,2022-10-01,Baja,2,4,3,7
FLT001698,GRU,MIA,GRU,A350,2022-01-23,Alta_Verano,2,10,6,2
FLT001699,SCL,BOG,SCL,A350,2023-07-04,Alta_Invierno,2,11,4,7
FLT001700,GRU,MIA,GRU,A320,2024-11-22,Baja,2,5,7,13
FLT001701,LIM,MIA,LIM,B737,2023-11-27,Baja,2,6,6,7
FLT001702,SCL,GRU,SCL,A320,2022-08-20,Alta_Invierno,2,4,6,4
FLT001703,SCL,BOG,SCL,A320,2024-07-26,Alta_Invierno,2,4,3,2
FLT001704,SCL,BOG,SCL,A320,2024-10-26,Baja,2,6,5,10
FLT001705,LIM,GRU,LIM,B767,2023-06-25,Alta_Invierno,2,6,3,11
FLT001706,GRU,MIA,GRU,B737,2024-07-15,Alta_Invierno,2,4,4,5
FLT001707,BOG,MAD,BOG,A320,2024-04-08,Baja,2,4,4,2
FLT001708,BOG,MIA,BOG,A320,2024-01-07,Alta_Verano,2,4,7,12
FLT001709,SCL,EZE,SCL,A320,2022-07-04,Alta_Invierno,2,6,7,8
FLT001710,EZE,GRU,EZE,B737,2024-01-11,Alta_Verano,2,6,5,5
FLT001711,BOG,MAD,BOG,A320,2023-03-15,Baja,2,4,6,7
FLT001712,GRU,MAD,GRU,A320,2022-03-08,Baja,2,4,3,5
FLT001713,LIM,GRU,LIM,B767,2023-07-09,Alta_Invierno,2,6,6,5
FLT001714,SCL,JFK,SCL,A320,2022-04-07,Baja,2,4,5,4
FLT001715,LIM,BOG,LIM,B767,2022-01-17,Alta_Verano,2,7,3,3
FLT001716,SCL,GRU,SCL,A350,2024-07-16,Alta_Invierno,2,10,6,2
FLT001717,LIM,GRU,LIM,A320,2023-01-06,Alta_Verano,2,6,3,5
FLT001718,GRU,MIA,GRU,B737,2023-07-02,Alta_Invierno,2,5,6,2
FLT001719,BOG,MIA,BOG,B787,2023-01-05,Alta_Verano,2,9,5,5
FLT001720,LIM,MIA,LIM,A320,2024-07-01,Alta_Invierno,2,6,6,4
FLT001721,GRU,MIA,GRU,A320,2024-03-08,Baja,2,6,5,14
FLT001722,GRU,MIA,GRU,B767,2024-07-29,Alta_Invierno,2,6,5,13
FLT001723,SCL,LIM,SCL,B737,2023-01-21,Alta_Verano,2,5,4,10
FLT001724,SCL,GRU,SCL,B737,2023-07-03,Alta_Invierno,2,6,7,4
FLT001725,BOG,MAD,BOG,B737,2023-06-28,Alta_Invierno,2,4,4,14
FLT001726,BOG,MAD,BOG,A320,2024-05-28,Baja,2,4,4,14
FLT001727,SCL,EZE,SCL,B767,2023-10-21,Baja,2,7,6,3
FLT001728,LIM,MIA,LIM,A320,2024-02-23,Alta_Verano,2,5,5,13
FLT001729,SCL,MIA,SCL,B737,2024-08-01,Alta_Invierno,2,6,3,2
FLT001730,GRU,MAD,GRU,A320,2023-07-16,Alta_Invierno,2,6,6,5
FLT001731,SCL,BOG,SCL,A350,2022-01-17,Alta_Verano,2,10,8,4
FLT001732,SCL,EZE,SCL,B787,2023-02-04,Alta_Verano,2,9,7,14
FLT001733,SCL,BOG,SCL,A320,2024-07-29,Alta_Invierno,2,5,7,5
FLT001734,SCL,JFK,SCL,B737,2023-08-16,Alta_Invierno,2,6,8,5
FLT001735,LIM,BOG,LIM,A320,2024-05-25,Baja,2,6,6,5
FLT001736,GRU,MIA,GRU,A320,2023-04-03,Baja,2,5,3,5
FLT001737,SCL,EZE,SCL,B767,2024-07-03,Alta_Invierno,2,7,4,8
FLT001738,SCL,JFK,SCL,B737,2023-01-05,Alta_Verano,2,4,8,6
FLT001739,EZE,GRU,EZE,A320,2022-03-10,Baja,2,5,6,5
FLT001740,GRU,MIA,GRU,A350,2024-04-05,Baja,2,10,7,14
FLT001741,LIM,BOG,LIM,B737,2024-04-19,Baja,2,4,8,2
FLT001742,SCL,LIM,SCL,A320,2022-12-05,Alta_Verano,2,4,6,4
FLT001743,SCL,MAD,SCL,A350,2023-02-13,Alta_Verano,2,10,5,4
FLT001744,BOG,MIA,BOG,B787,2023-06-08,Alta_Invierno,2,8,4,6
FLT001745,SCL,BOG,SCL,A320,2024-10-12,Baja,2,4,4,4
FLT001746,GRU,MIA,GRU,B767,2023-02-22,Alta_Verano,2,7,6,14
FLT001747,SCL,MIA,SCL,A320,2023-12-05,Alta_Verano,2,5,3,3
FLT001748,SCL,BOG,SCL,A320,2024-10-12,Baja,2,5,5,2
FLT001749,SCL,BOG,SCL,A320,2024-01-31,Alta_Verano,2,6,7,5
FLT001750,SCL,BOG,SCL,A320,2023-06-08,Alta_Invierno,2,6,8,2
FLT001751,SCL,JFK,SCL,A320,2024-07-01,Alta_Invierno,2,6,7,4
FLT001752,LIM,BOG,LIM,A320,2022-06-27,Alta_Invierno,2,4,4,3
FLT001753,BOG,MAD,BOG,B787,2022-12-01,Alta_Verano,2,9,8,11
FLT001754,SCL,EZE,SCL,B737,2023-01-06,Alta_Verano,2,5,8,13
FLT001755,GRU,MIA,GRU,A320,2022-07-29,Alta_Invierno,2,5,4,3
FLT001756,LIM,GRU,LIM,B737,2022-09-11,Baja,2,6,3,13
FLT001757,BOG,MAD,BOG,A350,2023-07-26,Alta_Invierno,2,8,3,5
FLT001758,LIM,MIA,LIM,B767,2022-11-27,Baja,2,8,7,3
FLT001759,SCL,MIA,SCL,B737,2022-06-21,Alta_Invierno,2,6,8,3
FLT001760,BOG,MIA,BOG,B787,2023-03-13,Baja,2,11,6,7
FLT001761,EZE,GRU,EZE,B787,2022-07-12,Alta_Invierno,2,11,7,13
FLT001762,EZE,GRU,EZE,B737,2023-02-03,Alta_Verano,2,4,7,4
FLT001763,LIM,GRU,LIM,B737,2024-06-20,Alta_Invierno,2,6,6,2
FLT001764,SCL,EZE,SCL,B767,2022-02-21,Alta_Verano,2,7,3,10
FLT001765,BOG,MIA,BOG,A320,2023-01-01,Alta_Verano,2,4,5,6
FLT001766,SCL,LIM,SCL,A320,2022-11-09,Baja,2,5,4,13
FLT001767,GRU,MAD,GRU,B787,2024-01-09,Alta_Verano,2,9,7,5
FLT001768,SCL,EZE,SCL,A320,2024-04-13,Baja,2,4,7,2
FLT001769,SCL,LIM,SCL,B737,2022-01-22,Alta_Verano,2,5,7,4
FLT001770,GRU,MIA,GRU,B787,2022-12-08,Alta_Verano,2,11,6,8
FLT001771,LIM,BOG,LIM,A350,2024-01-30,Alta_Verano,2,9,8,5
FLT001772,LIM,MIA,LIM,A320,2023-01-12,Alta_Verano,2,6,5,5
FLT001773,BOG,MIA,BOG,A350,2024-01-08,Alta_Verano,2,9,5,5
FLT001774,BOG,MIA,BOG,B787,2024-04-10,Baja,2,8,4,14
FLT001775,SCL,EZE,SCL,A320,2024-11-07,Baja,2,4,4,14
FLT001776,GRU,MAD,GRU,A320,2024-09-04,Baja,2,4,8,12
FLT001777,SCL,BOG,SCL,B787,2022-11-16,Baja,2,12,7,7
FLT001778,SCL,MIA,SCL,B737,2024-07-08,Alta_Invierno,2,4,6,6
FLT001779,BOG,MAD,BOG,A350,2022-01-07,Alta_Verano,2,9,7,3
FLT001780,GRU,MIA,GRU,A350,2022-01-22,Alta_Verano,2,11,8,11
FLT001781,BOG,MAD,BOG,B737,2022-09-11,Baja,2,5,7,14
FLT001782,SCL,BOG,SCL,A320,2022-12-28,Alta_Verano,2,5,8,3
FLT001783,GRU,MAD,GRU,B737,2024-06-24,Alta_Invierno,2,6,6,5
FLT001784,BOG,MAD,BOG,B787,2023-07-17,Alta_Invierno,2,10,4,3
FLT001785,SCL,MAD,SCL,B737,2023-07-24,Alta_Invierno,2,6,3,12
FLT001786,LIM,GRU,LIM,B767,2022-09-04,Baja,2,7,5,4
FLT001787,SCL,GRU,SCL,B737,2024-07-02,Alta_Invierno,2,6,7,14
FLT001788,BOG,MIA,BOG,B737,2024-01-28,Alta_Verano,2,5,7,10
FLT001789,SCL,LIM,SCL,B737,2022-09-11,Baja,2,4,5,3
FLT001790,SCL,MIA,SCL,A320,2022-03-10,Baja,2,4,7,11
FLT001791,SCL,MAD,SCL,B737,2023-08-31,Alta_Invierno,2,6,7,3
FLT001792,LIM,BOG,LIM,A320,2022-07-31,Alta_Invierno,2,4,6,8
FLT001793,GRU,MAD,GRU,B737,2023-06-19,Alta_Invierno,2,4,8,6
FLT001794,GRU,MAD,GRU,B787,2024-10-26,Baja,2,8,5,4
FLT001795,BOG,MAD,BOG,B737,2023-09-07,Baja,2,4,3,6
FLT001796,SCL,JFK,SCL,B767,2024-01-26,Alta_Verano,2,8,3,14
FLT001797,SCL,MIA,SCL,B767,2024-05-09,Baja,2,6,4,5
FLT001798,SCL,GRU,SCL,B787,2022-07-16,Alta_Invierno,2,9,6,10
FLT001799,SCL,GRU,SCL,B767,2023-03-18,Baja,2,6,8,2
FLT001800,SCL,LIM,SCL,A320,2023-06-23,Alta_Invierno,2,4,6,14
FLT001801,GRU,MIA,GRU,A320,2024-06-05,Alta_Invierno,2,5,6,3
FLT001802,SCL,MIA,SCL,B767,2023-07-25,Alta_Invierno,2,7,3,2
FLT001803,EZE,GRU,EZE,B767,2023-01-06,Alta_Verano,2,6,4,3
FLT001804,SCL,LIM,SCL,B737,2022-07-03,Alta_Invierno,2,4,4,3
FLT001805,BOG,MAD,BOG,B737,2023-01-13,Alta_Verano,2,5,5,12
FLT001806,SCL,LIM,SCL,B767,2023-01-01,Alta_Verano,2,7,8,2
FLT001807,LIM,GRU,LIM,A320,2022-07-09,Alta_Invierno,2,4,7,5
FLT001808,EZE,GRU,EZE,B787,2022-01-18,Alta_Verano,2,10,8,3
FLT001809,SCL,MIA,SCL,B787,2024-10-06,Baja,2,12,3,5
FLT001810,LIM,MIA,LIM,B737,2023-08-14,Alta_Invierno,2,5,8,2
FLT001811,GRU,MAD,GRU,B787,2024-07-12,Alta_Invierno,2,11,7,4
FLT001812,BOG,MAD,BOG,A320,2024-01-15,Alta_Verano,2,4,3,9
FLT001813,SCL,GRU,SCL,B767,2023-01-04,Alta_Verano,2,6,8,4
FLT001814,EZE,GRU,EZE,A320,2022-02-27,Alta_Verano,2,5,3,9
FLT001815,BOG,MIA,BOG,B737,2023-01-07,Alta_Verano,2,4,3,3
FLT001816,SCL,GRU,SCL,B767,2022-01-17,Alta_Verano,2,6,5,3
FLT001817,BOG,MAD,BOG,A350,2022-01-26,Alta_Verano,2,11,5,2
FLT001818,LIM,BOG,LIM,A320,2023-10-10,Baja,2,5,3,3
FLT001819,BOG,MAD,BOG,B787,2022-07-08,Alta_Invierno,2,10,7,9
FLT001820,BOG,MIA,BOG,B767,2024-05-18,Baja,2,8,7,12
FLT001821,GRU,MIA,GRU,A320,2023-11-11,Baja,2,6,6,5
FLT001822,SCL,JFK,SCL,A320,2022-05-04,Baja,2,5,8,8
FLT001823,SCL,JFK,SCL,B767,2022-06-12,Alta_Invierno,2,7,4,8
FLT001824,GRU,MIA,GRU,A320,2024-01-08,Alta_Verano,2,5,7,14
FLT001825,BOG,MIA,BOG,B767,2024-03-07,Baja,2,8,6,5
FLT001826,GRU,MIA,GRU,A320,2022-01-17,Alta_Verano,2,5,5,2
FLT001827,SCL,BOG,SCL,B787,2022-02-01,Alta_Verano,2,9,6,5
FLT001828,EZE,GRU,EZE,B787,2022-10-06,Baja,2,9,7,4
FLT001829,GRU,MIA,GRU,B787,2024-07-04,Alta_Invierno,2,9,6,3
FLT001830,SCL,MAD,SCL,B787,2023-01-14,Alta_Verano,2,10,6,4
FLT001831,SCL,BOG,SCL,B767,2024-07-01,Alta_Invierno,2,8,4,7
FLT001832,SCL,GRU,SCL,A320,2022-03-26,Baja,2,4,5,2
FLT001833,SCL,MAD,SCL,A320,2022-06-08,Alta_Invierno,2,4,6,7
FLT001834,GRU,MAD,GRU,B737,2022-04-03,Baja,2,6,7,2
FLT001835,SCL,JFK,SCL,B737,2024-12-26,Alta_Verano,2,5,6,5
FLT001836,GRU,MIA,GRU,A320,2022-01-28,Alta_Verano,2,6,5,5
FLT001837,BOG,MIA,BOG,B787,2024-01-07,Alta_Verano,2,12,4,5
FLT001838,BOG,MAD,BOG,B787,2022-12-26,Alta_Verano,2,10,8,2
FLT001839,GRU,MAD,GRU,B737,2023-01-13,Alta_Verano,2,5,5,2
FLT001840,GRU,MIA,GRU,B767,2022-03-18,Baja,2,8,4,7
FLT001841,SCL,JFK,SCL,A350,2023-12-04,Alta_Verano,2,8,4,7
FLT001842,LIM,BOG,LIM,A320,2022-04-09,Baja,2,5,3,13
FLT001843,SCL,JFK,SCL,B767,2022-08-13,Alta_Invierno,2,8,7,4
FLT001844,EZE,GRU,EZE,B737,2023-01-10,Alta_Verano,2,4,4,2
FLT001845,EZE,GRU,EZE,B767,2023-07-10,Alta_Invierno,2,7,7,13
FLT001846,SCL,MIA,SCL,A320,2023-10-19,Baja,2,6,5,5
FLT001847,SCL,BOG,SCL,B737,2022-05-18,Baja,2,4,7,12
FLT001848,SCL,MIA,SCL,B767,2023-09-16,Baja,2,8,8,5
FLT001849,GRU,MIA,GRU,B787,2022-11-05,Baja,2,9,5,5
FLT001850,SCL,EZE,SCL,B787,2024-01-11,Alta_Verano,2,10,3,2
FLT001851,SCL,JFK,SCL,A320,2022-07-24,Alta_Invierno,2,4,3,4
FLT001852,SCL,MAD,SCL,A320,2024-02-05,Alta_Verano,2,4,4,2
FLT001853,SCL,EZE,SCL,A350,2024-01-03,Alta_Verano,2,12,4,7
FLT001854,GRU,MIA,GRU,A320,2022-01-27,Alta_Verano,2,5,8,8
FLT001855,SCL,MAD,SCL,A350,2023-12-25,Alta_Verano,2,9,3,
FLT001856,SCL,GRU,SCL,B787,2024-03-08,Baja,2,8,5,3
FLT001857,SCL,BOG,SCL,A320,2024-09-26,Baja,2,4,3,4
FLT001858,BOG,MAD,BOG,B737,2024-04-30,Baja,2,6,5,14
FLT001859,BOG,MIA,BOG,B787,2023-05-22,Baja,2,9,3,5
FLT001860,GRU,MIA,GRU,A320,2024-06-02,Alta_Invierno,2,5,3,4
FLT001861,SCL,MIA,SCL,A320,2023-01-18,Alta_Verano,2,5,7,3
FLT001862,BOG,MAD,BOG,B767,2022-07-12,Alta_Invierno,2,8,8,6
FLT001863,GRU,MIA,GRU,B767,2024-11-28,Baja,2,6,6,7
FLT001864,SCL,MIA,SCL,A320,2022-10-06,Baja,2,5,8,9
FLT001865,SCL,EZE,SCL,B737,2023-07-15,Alta_Invierno,2,4,7,2
FLT001866,SCL,EZE,SCL,A320,2024-01-14,Alta_Verano,2,6,8,9
FLT001867,SCL,EZE,SCL,B787,2023-11-12,Baja,2,9,5,2
FLT001868,BOG,MAD,BOG,B767,2022-09-16,Baja,2,6,7,10
FLT001869,SCL,EZE,SCL,B787,2024-07-31,Alta_Invierno,2,12,5,6
FLT001870,SCL,EZE,SCL,B787,2024-11-04,Baja,2,11,4,13
FLT001871,SCL,LIM,SCL,B737,2024-03-15,Baja,2,5,4,2
FLT001872,BOG,MAD,BOG,A320,2022-09-29,Baja,2,5,3,3
FLT001873,LIM,BOG,LIM,B737,2023-07-07,Alta_Invierno,2,5,5,11
FLT001874,GRU,MAD,GRU,B737,2024-04-18,Baja,2,5,5,11
FLT001875,EZE,GRU,EZE,B767,2022-11-09,Baja,2,8,7,5
FLT001876,LIM,MIA,LIM,A350,2023-01-28,Alta_Verano,2,12,4,5
FLT001877,SCL,BOG,SCL,A350,2023-05-02,Baja,2,12,5,13
FLT001878,BOG,MAD,BOG,A320,2023-07-21,Alta_Invierno,2,6,3,4
FLT001879,SCL,BOG,SCL,B737,2023-06-01,Alta_Invierno,2,5,7,13
FLT001880,LIM,BOG,LIM,B767,2023-10-06,Baja,2,7,8,14
FLT001881,SCL,GRU,SCL,B767,2024-05-19,Baja,2,6,7,11
FLT001882,LIM,GRU,LIM,B767,2024-12-16,Alta_Verano,2,6,8,11
FLT001883,SCL,MIA,SCL,B737,2022-05-27,Baja,2,4,3,5
FLT001884,GRU,MIA,GRU,A320,2023-03-14,Baja,2,4,4,2
FLT001885,SCL,BOG,SCL,A320,2024-01-19,Alta_Verano,2,6,6,4
FLT001886,SCL,EZE,SCL,B737,2024-03-09,Baja,2,4,4,2
FLT001887,LIM,BOG,LIM,A320,2022-12-02,Alta_Verano,2,6,8,6
FLT001888,LIM,BOG,LIM,B767,2022-06-08,Alta_Invierno,2,8,5,10
FLT001889,BOG,MIA,BOG,B787,2023-08-03,Alta_Invierno,2,11,8,6
FLT001890,LIM,BOG,LIM,B787,2022-01-10,Alta_Verano,2,11,4,8
FLT001891,BOG,MAD,BOG,A320,2024-01-25,Alta_Verano,2,4,7,5
FLT001892,SCL,LIM,SCL,B767,2024-05-27,Baja,2,6,6,8
FLT001893,SCL,MAD,SCL,B737,2023-01-31,Alta_Verano,2,4,4,3
FLT001894,GRU,MAD,GRU,A320,2024-08-14,Alta_Invierno,2,4,4,3
FLT001895,SCL,GRU,SCL,B767,2024-07-22,Alta_Invierno,2,8,7,10
FLT001896,LIM,BOG,LIM,B737,2023-12-20,Alta_Verano,2,6,8,11
FLT001897,EZE,GRU,EZE,B737,2024-07-07,Alta_Invierno,2,6,3,5
FLT001898,SCL,BOG,SCL,B737,2022-01-12,Alta_Verano,2,5,3,13
FLT001899,SCL,GRU,SCL,A350,2022-08-10,Alta_Invierno,2,11,6,4
FLT001900,SCL,MIA,SCL,B737,2022-04-18,Baja,2,5,7,4
FLT001901,LIM,MIA,LIM,A320,2024-08-25,Alta_Invierno,2,4,4,2
FLT001902,SCL,MIA,SCL,A350,2022-01-28,Alta_Verano,2,12,6,8
FLT001903,LIM,MIA,LIM,B787,2024-01-21,Alta_Verano,2,11,5,5
FLT001904,LIM,BOG,LIM,A320,2022-03-18,Baja,2,5,7,12
FLT001905,SCL,MIA,SCL,B737,2023-07-21,Alta_Invierno,2,6,3,2
FLT001906,SCL,LIM,SCL,B787,2022-12-25,Alta_Verano,2,12,3,3
FLT001907,BOG,MAD,BOG,A320,2022-05-13,Baja,2,5,3,10
FLT001908,SCL,LIM,SCL,A350,2024-10-22,Baja,2,10,8,10
FLT001909,GRU,MIA,GRU,B767,2022-10-19,Baja,2,6,4,5
FLT001910,SCL,EZE,SCL,A350,2024-01-02,Alta_Verano,2,10,4,12
FLT001911,SCL,LIM,SCL,A320,2022-09-23,Baja,2,4,8,5
FLT001912,EZE,GRU,EZE,A320,2022-11-22,Baja,2,6,3,9
FLT001913,SCL,LIM,SCL,A320,2022-04-17,Baja,2,6,6,10
FLT001914,SCL,EZE,SCL,B787,2024-08-02,Alta_Invierno,2,8,8,13
FLT001915,GRU,MAD,GRU,B787,2024-01-15,Alta_Verano,2,11,3,5
FLT001916,GRU,MAD,GRU,B787,2023-01-01,Alta_Verano,2,8,7,4
FLT001917,SCL,MIA,SCL,A350,2022-08-17,Alta_Invierno,2,11,3,8
FLT001918,LIM,MIA,LIM,B737,2024-11-04,Baja,2,5,6,3
FLT001919,BOG,MIA,BOG,B787,2024-11-18,Baja,2,8,4,12
FLT001920,BOG,MAD,BOG,A350,2024-07-28,Alta_Invierno,2,8,5,3
FLT001921,EZE,GRU,EZE,A320,2023-05-02,Baja,2,4,6,9
FLT001922,LIM,GRU,LIM,B787,2024-08-28,Alta_Invierno,2,11,5,3
FLT001923,GRU,MIA,GRU,A320,2022-09-20,Baja,2,5,7,5
FLT001924,LIM,BOG,LIM,B737,2022-09-18,Baja,2,4,4,5
FLT001925,SCL,LIM,SCL,A320,2023-04-04,Baja,2,5,3,3
FLT001926,GRU,MAD,GRU,B767,2023-07-06,Alta_Invierno,2,6,6,5
FLT001927,SCL,MAD,SCL,A320,2022-05-30,Baja,2,5,5,7
FLT001928,SCL,MAD,SCL,B737,2023-01-17,Alta_Verano,2,4,7,9
FLT001929,SCL,EZE,SCL,B787,2024-02-22,Alta_Verano,2,12,8,14
FLT001930,SCL,EZE,SCL,B737,2022-01-17,Alta_Verano,2,4,3,3
FLT001931,SCL,GRU,SCL,B767,2024-10-07,Baja,2,8,4,11
FLT001932,BOG,MIA,BOG,B787,2023-09-02,Baja,2,10,4,12
FLT001933,LIM,BOG,LIM,B737,2023-05-17,Baja,2,5,8,4
FLT001934,GRU,MIA,GRU,B737,2023-09-29,Baja,2,5,7,6
FLT001935,SCL,MIA,SCL,A350,2024-08-28,Alta_Invierno,2,9,4,4
FLT001936,BOG,MAD,BOG,A320,2024-02-11,Alta_Verano,2,4,6,9
FLT001937,BOG,MIA,BOG,B737,2024-10-11,Baja,2,6,5,8
FLT001938,EZE,GRU,EZE,B737,2024-10-07,Baja,2,6,6,13
FLT001939,LIM,BOG,LIM,B737,2023-10-16,Baja,2,5,4,12
FLT001940,SCL,BOG,SCL,A350,2023-10-03,Baja,2,9,4,6
FLT001941,LIM,BOG,LIM,B737,2022-07-27,Alta_Invierno,2,4,8,4
FLT001942,SCL,MIA,SCL,A320,2022-07-13,Alta_Invierno,2,5,6,7
FLT001943,BOG,MAD,BOG,B737,2023-07-25,Alta_Invierno,2,6,3,3
FLT001944,LIM,BOG,LIM,B767,2024-08-30,Alta_Invierno,2,7,4,5
FLT001945,LIM,GRU,LIM,A320,2022-07-10,Alta_Invierno,2,5,6,9
FLT001946,SCL,GRU,SCL,B787,2024-01-05,Alta_Verano,2,11,3,7
FLT001947,SCL,MAD,SCL,B737,2023-10-30,Baja,2,6,3,12
FLT001948,SCL,MIA,SCL,B787,2022-03-30,Baja,2,10,7,6
FLT001949,SCL,BOG,SCL,B737,2024-01-30,Alta_Verano,2,4,5,12
FLT001950,SCL,BOG,SCL,A320,2023-11-16,Baja,2,5,7,12
FLT001951,SCL,EZE,SCL,B787,2023-09-27,Baja,2,10,6,3
FLT001952,SCL,LIM,SCL,A320,2024-12-27,Alta_Verano,2,4,4,7
FLT001953,LIM,MIA,LIM,B787,2022-09-04,Baja,2,11,5,4
FLT001954,SCL,JFK,SCL,A320,2023-04-23,Baja,2,4,4,12
FLT001955,SCL,GRU,SCL,B737,2022-07-05,Alta_Invierno,2,6,7,7
FLT001956,BOG,MAD,BOG,B767,2024-05-18,Baja,2,8,8,2
FLT001957,SCL,JFK,SCL,B737,2024-05-15,Baja,2,4,5,6
FLT001958,LIM,GRU,LIM,B737,2023-02-03,Alta_Verano,2,6,4,13
FLT001959,SCL,BOG,SCL,A320,2022-06-11,Alta_Invierno,2,4,7,13
FLT001960,SCL,GRU,SCL,A350,2022-10-09,Baja,2,12,8,12
FLT001961,SCL,EZE,SCL,A320,2023-07-24,Alta_Invierno,2,5,3,3
FLT001962,BOG,MAD,BOG,B767,2022-12-11,Alta_Verano,2,6,5,8
FLT001963,BOG,MIA,BOG,B737,2022-01-14,Alta_Verano,2,5,8,3
FLT001964,GRU,MAD,GRU,B737,2022-10-07,Baja,2,4,4,4
FLT001965,LIM,MIA,LIM,B767,2024-01-28,Alta_Verano,2,6,8,5
FLT001966,LIM,MIA,LIM,B737,2024-01-24,Alta_Verano,2,6,8,9
FLT001967,LIM,GRU,LIM,A320,2022-12-31,Alta_Verano,2,6,4,3
FLT001968,SCL,JFK,SCL,B737,2022-01-22,Alta_Verano,2,6,8,3
FLT001969,SCL,BOG,SCL,B767,2022-01-10,Alta_Verano,2,7,7,8
FLT001970,SCL,GRU,SCL,B787,2022-05-15,Baja,2,11,4,14
FLT001971,SCL,JFK,SCL,B737,2024-10-21,Baja,2,6,8,2
FLT001972,SCL,MAD,SCL,B737,2022-05-07,Baja,2,5,4,3
FLT001973,LIM,MIA,LIM,B737,2024-02-27,Alta_Verano,2,4,5,7
FLT001974,BOG,MIA,BOG,B737,2023-06-18,Alta_Invierno,2,5,4,4
FLT001975,LIM,GRU,LIM,B737,2023-01-28,Alta_Verano,2,6,6,8
FLT001976,EZE,GRU,EZE,A320,2022-06-25,Alta_Invierno,2,5,5,5
FLT001977,SCL,EZE,SCL,B737,2024-02-14,Alta_Verano,2,6,8,11
FLT001978,BOG,MIA,BOG,B737,2024-02-19,Alta_Verano,2,4,6,3
FLT001979,SCL,BOG,SCL,A320,2024-08-03,Alta_Invierno,2,5,3,9
FLT001980,SCL,MIA,SCL,B737,2023-11-02,Baja,2,5,6,2
FLT001981,GRU,MIA,GRU,B787,2023-05-26,Baja,2,9,8,8
FLT001982,LIM,MIA,LIM,B787,2024-01-02,Alta_Verano,2,12,6,9
FLT001983,LIM,BOG,LIM,B737,2024-05-06,Baja,2,6,6,11
FLT001984,LIM,BOG,LIM,B787,2024-04-04,Baja,2,11,7,7
FLT001985,LIM,GRU,LIM,B737,2023-10-03,Baja,2,6,7,13
FLT001986,SCL,BOG,SCL,B737,2023-10-13,Baja,2,5,4,5
FLT001987,EZE,GRU,EZE,B787,2022-01-10,Alta_Verano,2,10,8,3
FLT001988,LIM,GRU,LIM,B787,2023-12-01,Alta_Verano,2,8,6,5
FLT001989,EZE,GRU,EZE,B787,2024-01-24,Alta_Verano,2,12,7,3
FLT001990,BOG,MAD,BOG,A320,2024-11-28,Baja,2,5,3,14
FLT001991,SCL,GRU,SCL,A350,2024-07-10,Alta_Invierno,2,12,5,14
FLT001992,BOG,MIA,BOG,A320,2024-03-15,Baja,2,5,6,4
FLT001993,EZE,GRU,EZE,B787,2023-01-09,Alta_Verano,2,8,4,7
FLT001994,BOG,MIA,BOG,A320,2022-04-28,Baja,2,4,8,14
FLT001995,SCL,EZE,SCL,A350,2022-07-08,Alta_Invierno,2,8,5,5
FLT001996,LIM,GRU,LIM,B737,2023-04-21,Baja,2,5,6,6
FLT001997,SCL,EZE,SCL,A320,2023-03-25,Baja,2,5,5,11
FLT001998,SCL,MIA,SCL,A320,2024-07-10,Alta_Invierno,2,6,8,4
FLT001999,BOG,MIA,BOG,B737,2022-08-04,Alta_Invierno,2,6,3,13
FLT002000,SCL,MAD,SCL,A350,2024-09-09,Baja,2,10,5,2
FLT002001,SCL,MIA,SCL,B767,2024-12-14,Alta_Verano,2,8,4,13
FLT002002,GRU,MIA,GRU,A320,2024-07-28,Alta_Invierno,2,4,7,2
FLT002003,SCL,LIM,SCL,A350,2022-12-07,Alta_Verano,2,11,8,
FLT002004,SCL,MAD,SCL,A320,2024-08-08,Alta_Invierno,2,4,3,4
FLT002005,LIM,MIA,LIM,A320,2022-09-13,Baja,2,5,3,7
FLT002006,SCL,MAD,SCL,A320,2023-07-07,Alta_Invierno,2,4,7,8
FLT002007,BOG,MAD,BOG,A320,2024-08-04,Alta_Invierno,2,4,6,5
FLT002008,GRU,MAD,GRU,B737,2022-10-12,Baja,2,6,5,6
FLT002009,SCL,MIA,SCL,B737,2024-05-08,Baja,2,6,5,2
FLT002010,LIM,BOG,LIM,B767,2023-02-06,Alta_Verano,2,6,3,2
FLT002011,SCL,MIA,SCL,A320,2023-10-17,Baja,2,4,8,12
FLT002012,SCL,LIM,SCL,B737,2023-11-05,Baja,2,5,4,5
FLT002013,SCL,MAD,SCL,B737,2023-09-16,Baja,2,5,5,2
FLT002014,SCL,MAD,SCL,B767,2022-07-26,Alta_Invierno,2,7,5,4
FLT002015,SCL,MAD,SCL,A320,2023-10-27,Baja,2,4,4,7
FLT002016,SCL,GRU,SCL,A320,2022-01-09,Alta_Verano,2,4,7,8
FLT002017,LIM,GRU,LIM,B737,2022-12-16,Alta_Verano,2,5,4,13
FLT002018,SCL,MIA,SCL,B787,2024-01-17,Alta_Verano,2,12,4,10
FLT002019,SCL,EZE,SCL,B767,2023-03-14,Baja,2,6,3,5
FLT002020,GRU,MIA,GRU,A320,2023-01-09,Alta_Verano,2,6,5,14
FLT002021,SCL,MIA,SCL,B737,2023-09-11,Baja,2,6,5,6
FLT002022,SCL,JFK,SCL,B737,2024-04-22,Baja,2,5,3,6
FLT002023,BOG,MAD,BOG,A320,2024-11-28,Baja,2,5,4,12
FLT002024,SCL,LIM,SCL,A350,2024-07-18,Alta_Invierno,2,12,8,8
FLT002025,BOG,MIA,BOG,B787,2023-06-27,Alta_Invierno,2,11,3,2
FLT002026,SCL,EZE,SCL,B787,2023-07-27,Alta_Invierno,2,10,3,14
FLT002027,SCL,BOG,SCL,A320,2023-11-24,Baja,2,6,7,3
FLT002028,BOG,MAD,BOG,B737,2022-10-06,Baja,2,4,8,2
FLT002029,LIM,MIA,LIM,B767,2023-04-26,Baja,2,7,5,5
FLT002030,BOG,MIA,BOG,B737,2022-01-20,Alta_Verano,2,4,6,4
FLT002031,SCL,JFK,SCL,A350,2023-09-16,Baja,2,12,4,3
FLT002032,LIM,MIA,LIM,B787,2024-06-12,Alta_Invierno,2,11,4,8
FLT002033,EZE,GRU,EZE,A320,2024-01-06,Alta_Verano,2,5,6,2
FLT002034,SCL,MIA,SCL,B737,2022-03-03,Baja,2,6,6,5
FLT002035,SCL,BOG,SCL,A320,2024-06-16,Alta_Invierno,2,5,6,2
FLT002036,LIM,BOG,LIM,B737,2023-03-02,Baja,2,5,6,2
FLT002037,LIM,MIA,LIM,B737,2024-04-22,Baja,2,6,3,8
FLT002038,LIM,MIA,LIM,B737,2024-08-16,Alta_Invierno,2,6,3,7
FLT002039,BOG,MAD,BOG,A320,2022-11-25,Baja,2,5,6,14
FLT002040,GRU,MIA,GRU,B737,2022-07-11,Alta_Invierno,2,4,8,3
FLT002041,EZE,GRU,EZE,B767,2022-07-22,Alta_Invierno,2,6,5,13
FLT002042,SCL,MIA,SCL,A350,2023-03-17,Baja,2,11,7,6
FLT002043,SCL,EZE,SCL,B767,2022-11-17,Baja,2,6,7,8
FLT002044,BOG,MAD,BOG,B787,2023-12-17,Alta_Verano,2,8,5,3
FLT002045,SCL,MIA,SCL,B787,2022-08-28,Alta_Invierno,2,12,5,12
FLT002046,SCL,LIM,SCL,A320,2024-06-21,Alta_Invierno,2,6,4,13
FLT002047,LIM,GRU,LIM,B737,2024-01-30,Alta_Verano,2,4,5,3
FLT002048,LIM,GRU,LIM,A320,2022-09-21,Baja,2,6,8,10
FLT002049,SCL,MIA,SCL,A350,2022-05-16,Baja,2,9,8,5
FLT002050,LIM,BOG,LIM,A350,2022-11-18,Baja,2,9,3,2
FLT002051,BOG,MAD,BOG,B767,2023-12-28,Alta_Verano,2,6,4,7
FLT002052,LIM,GRU,LIM,A320,2022-06-06,Alta_Invierno,2,6,3,3
FLT002053,GRU,MIA,GRU,A320,2024-09-17,Baja,2,5,3,5
FLT002054,SCL,MIA,SCL,B737,2022-12-17,Alta_Verano,2,5,8,11
FLT002055,EZE,GRU,EZE,A350,2024-01-11,Alta_Verano,2,12,5,3
FLT002056,SCL,MIA,SCL,B787,2022-09-02,Baja,2,8,3,3
FLT002057,LIM,MIA,LIM,B737,2023-06-14,Alta_Invierno,2,5,6,5
FLT002058,SCL,GRU,SCL,B787,2023-01-30,Alta_Verano,2,8,4,10
FLT002059,LIM,BOG,LIM,B737,2022-07-15,Alta_Invierno,2,4,7,4
FLT002060,LIM,GRU,LIM,B737,2024-09-25,Baja,2,6,8,13
FLT002061,LIM,GRU,LIM,A320,2023-12-22,Alta_Verano,2,5,4,14
FLT002062,GRU,MAD,GRU,A320,2024-08-04,Alta_Invierno,2,5,6,8
FLT002063,GRU,MAD,GRU,B787,2022-06-27,Alta_Invierno,2,12,3,7
FLT002064,GRU,MAD,GRU,B787,2024-02-13,Alta_Verano,2,11,8,
FLT002065,GRU,MAD,GRU,B737,2024-01-19,Alta_Verano,2,4,4,5
FLT002066,SCL,MIA,SCL,B767,2022-01-04,Alta_Verano,2,6,4,10
FLT002067,SCL,LIM,SCL,B767,2022-01-26,Alta_Verano,2,6,8,12
FLT002068,GRU,MAD,GRU,B737,2024-05-29,Baja,2,4,5,11
FLT002069,GRU,MAD,GRU,B787,2024-02-21,Alta_Verano,2,10,8,11
FLT002070,SCL,EZE,SCL,B737,2024-01-25,Alta_Verano,2,4,7,5
FLT002071,LIM,MIA,LIM,A320,2023-10-15,Baja,2,6,6,10
FLT002072,SCL,LIM,SCL,B787,2024-07-02,Alta_Invierno,2,9,7,4
FLT002073,SCL,EZE,SCL,A320,2024-01-25,Alta_Verano,2,6,7,5
FLT002074,SCL,BOG,SCL,B737,2023-06-25,Alta_Invierno,2,6,3,8
FLT002075,SCL,MAD,SCL,B787,2022-09-24,Baja,2,10,7,8
FLT002076,SCL,GRU,SCL,B737,2023-07-17,Alta_Invierno,2,4,7,3
FLT002077,LIM,MIA,LIM,A350,2024-11-22,Baja,2,9,7,2
FLT002078,SCL,LIM,SCL,B737,2022-07-10,Alta_Invierno,2,6,4,4
FLT002079,SCL,LIM,SCL,B767,2022-12-28,Alta_Verano,2,7,6,2
FLT002080,LIM,MIA,LIM,A320,2023-08-30,Alta_Invierno,2,4,6,5
FLT002081,GRU,MIA,GRU,B737,2022-10-08,Baja,2,6,4,4
FLT002082,BOG,MIA,BOG,A320,2022-09-26,Baja,2,4,7,4
FLT002083,SCL,LIM,SCL,A320,2024-07-20,Alta_Invierno,2,4,4,5
FLT002084,EZE,GRU,EZE,A350,2022-01-11,Alta_Verano,2,9,3,13
FLT002085,GRU,MIA,GRU,B787,2022-07-01,Alta_Invierno,2,9,7,5
FLT002086,EZE,GRU,EZE,A350,2024-08-17,Alta_Invierno,2,10,5,5
FLT002087,BOG,MAD,BOG,A350,2023-01-30,Alta_Verano,2,8,8,11
FLT002088,EZE,GRU,EZE,B737,2023-11-18,Baja,2,4,4,5
FLT002089,GRU,MAD,GRU,A320,2022-02-20,Alta_Verano,2,4,5,14
FLT002090,BOG,MAD,BOG,B767,2023-05-26,Baja,2,6,4,10
FLT002091,SCL,JFK,SCL,B767,2024-11-19,Baja,2,8,5,4
FLT002092,LIM,BOG,LIM,B737,2022-12-05,Alta_Verano,2,5,4,5
FLT002093,GRU,MIA,GRU,A350,2023-07-18,Alta_Invierno,2,8,8,9
FLT002094,LIM,BOG,LIM,B737,2024-09-19,Baja,2,6,5,10
FLT002095,SCL,EZE,SCL,A350,2023-08-24,Alta_Invierno,2,11,7,5
FLT002096,LIM,MIA,LIM,A320,2024-05-11,Baja,2,5,6,13
FLT002097,BOG,MAD,BOG,A320,2023-12-02,Alta_Verano,2,5,3,5
FLT002098,SCL,MIA,SCL,A350,2022-07-24,Alta_Invierno,2,11,5,5
FLT002099,GRU,MAD,GRU,B737,2022-07-20,Alta_Invierno,2,4,6,2
FLT002100,LIM,GRU,LIM,B737,2023-05-05,Baja,2,5,3,4
FLT002101,SCL,BOG,SCL,B787,2023-11-01,Baja,2,10,6,3
FLT002102,SCL,MAD,SCL,B787,2022-01-09,Alta_Verano,2,11,7,4
FLT002103,SCL,JFK,SCL,B737,2023-01-10,Alta_Verano,2,5,7,4
FLT002104,SCL,EZE,SCL,A320,2023-01-19,Alta_Verano,2,6,8,4
FLT002105,SCL,BOG,SCL,A350,2024-06-11,Alta_Invierno,2,8,7,
FLT002106,SCL,LIM,SCL,B737,2023-02-11,Alta_Verano,2,5,4,4
FLT002107,SCL,MIA,SCL,B767,2022-07-18,Alta_Invierno,2,6,4,13
FLT002108,BOG,MIA,BOG,A320,2024-07-03,Alta_Invierno,2,6,3,3
FLT002109,SCL,GRU,SCL,B737,2023-07-18,Alta_Invierno,2,5,3,8
FLT002110,SCL,MAD,SCL,A320,2022-10-05,Baja,2,6,8,8
FLT002111,SCL,MIA,SCL,B787,2023-06-01,Alta_Invierno,2,9,7,2
FLT002112,LIM,GRU,LIM,B737,2023-03-06,Baja,2,6,4,8
FLT002113,EZE,GRU,EZE,B737,2024-01-19,Alta_Verano,2,5,5,3
FLT002114,SCL,JFK,SCL,A320,2022-07-31,Alta_Invierno,2,6,8,12
FLT002115,SCL,GRU,SCL,B787,2022-01-15,Alta_Verano,2,8,8,6
FLT002116,SCL,MAD,SCL,A320,2023-12-13,Alta_Verano,2,6,4,4
FLT002117,BOG,MAD,BOG,A320,2022-01-07,Alta_Verano,2,4,3,5
FLT002118,EZE,GRU,EZE,B787,2024-08-03,Alta_Invierno,2,11,7,6
FLT002119,EZE,GRU,EZE,A320,2022-09-26,Baja,2,5,7,5
FLT002120,SCL,MAD,SCL,B767,2022-10-22,Baja,2,7,4,5
FLT002121,SCL,GRU,SCL,B737,2023-10-04,Baja,2,5,4,10
FLT002122,LIM,MIA,LIM,B737,2022-02-02,Alta_Verano,2,6,7,
FLT002123,BOG,MIA,BOG,B767,2022-01-27,Alta_Verano,2,6,6,5
FLT002124,SCL,LIM,SCL,B737,2023-02-22,Alta_Verano,2,4,6,11
FLT002125,SCL,LIM,SCL,B737,2023-07-29,Alta_Invierno,2,4,6,9
FLT002126,GRU,MAD,GRU,B767,2024-12-19,Alta_Verano,2,6,6,11
FLT002127,LIM,GRU,LIM,A320,2024-07-30,Alta_Invierno,2,4,5,6
FLT002128,GRU,MAD,GRU,A320,2023-07-25,Alta_Invierno,2,6,8,5
FLT002129,SCL,MAD,SCL,B737,2024-01-27,Alta_Verano,2,5,8,5
FLT002130,SCL,EZE,SCL,B737,2022-09-14,Baja,2,5,6,3
FLT002131,SCL,BOG,SCL,A320,2024-07-26,Alta_Invierno,2,5,6,8
FLT002132,BOG,MIA,BOG,A350,2024-01-12,Alta_Verano,2,12,6,
FLT002133,GRU,MIA,GRU,A350,2023-11-08,Baja,2,12,8,2
FLT002134,SCL,MIA,SCL,B787,2023-05-27,Baja,2,8,5,9
FLT002135,BOG,MIA,BOG,A320,2023-01-06,Alta_Verano,2,4,3,8
FLT002136,SCL,LIM,SCL,B767,2022-01-09,Alta_Verano,2,8,3,5
FLT002137,SCL,MIA,SCL,A320,2022-11-08,Baja,2,6,6,9
FLT002138,SCL,GRU,SCL,B737,2024-12-25,Alta_Verano,2,6,8,3
FLT002139,SCL,BOG,SCL,A320,2024-01-07,Alta_Verano,2,5,6,5
FLT002140,SCL,MAD,SCL,B787,2023-05-27,Baja,2,10,6,4
FLT002141,LIM,GRU,LIM,B737,2024-05-24,Baja,2,4,5,8
FLT002142,SCL,MIA,SCL,B737,2024-07-18,Alta_Invierno,2,4,3,4
FLT002143,LIM,MIA,LIM,B737,2022-07-06,Alta_Invierno,2,6,5,6
FLT002144,SCL,BOG,SCL,A350,2022-01-05,Alta_Verano,2,10,7,3
FLT002145,BOG,MAD,BOG,B767,2022-10-22,Baja,2,8,7,
FLT002146,SCL,EZE,SCL,A320,2024-07-14,Alta_Invierno,2,4,4,6
FLT002147,SCL,JFK,SCL,B737,2024-08-16,Alta_Invierno,2,4,5,10
FLT002148,LIM,GRU,LIM,B737,2024-07-19,Alta_Invierno,2,5,7,11
FLT002149,EZE,GRU,EZE,A320,2023-12-02,Alta_Verano,2,5,6,5
FLT002150,SCL,EZE,SCL,B737,2022-07-15,Alta_Invierno,2,4,6,5
FLT002151,LIM,MIA,LIM,B767,2022-08-30,Alta_Invierno,2,8,8,5
FLT002152,SCL,MIA,SCL,B737,2023-07-14,Alta_Invierno,2,6,3,4
FLT002153,GRU,MAD,GRU,B787,2022-07-15,Alta_Invierno,2,12,8,13
FLT002154,SCL,BOG,SCL,B737,2024-01-18,Alta_Verano,2,4,3,5
FLT002155,SCL,JFK,SCL,B787,2024-06-08,Alta_Invierno,2,8,4,13
FLT002156,BOG,MIA,BOG,B737,2024-02-04,Alta_Verano,2,4,8,3
FLT002157,SCL,EZE,SCL,B787,2023-12-05,Alta_Verano,2,9,3,14
FLT002158,SCL,MIA,SCL,A320,2024-09-06,Baja,2,6,6,6
FLT002159,SCL,EZE,SCL,B787,2022-02-21,Alta_Verano,2,9,4,3
FLT002160,SCL,MIA,SCL,A320,2022-07-02,Alta_Invierno,2,6,4,2
FLT002161,SCL,JFK,SCL,B737,2024-09-18,Baja,2,5,3,4
FLT002162,LIM,BOG,LIM,B767,2024-07-21,Alta_Invierno,2,6,8,13
FLT002163,SCL,LIM,SCL,A320,2023-10-13,Baja,2,6,6,5
FLT002164,LIM,MIA,LIM,B767,2024-03-16,Baja,2,8,7,2
FLT002165,SCL,LIM,SCL,A350,2023-11-07,Baja,2,8,7,8
FLT002166,BOG,MAD,BOG,B767,2024-07-27,Alta_Invierno,2,7,3,4
FLT002167,SCL,EZE,SCL,A320,2022-01-16,Alta_Verano,2,6,7,14
FLT002168,LIM,MIA,LIM,B787,2022-01-14,Alta_Verano,2,10,5,11
FLT002169,BOG,MIA,BOG,B737,2023-11-05,Baja,2,5,3,5
FLT002170,LIM,GRU,LIM,B767,2022-05-23,Baja,2,6,7,5
FLT002171,SCL,JFK,SCL,B767,2022-01-22,Alta_Verano,2,7,7,14
FLT002172,EZE,GRU,EZE,B767,2022-07-15,Alta_Invierno,2,7,3,8
FLT002173,SCL,JFK,SCL,B737,2022-07-02,Alta_Invierno,2,5,3,9
FLT002174,SCL,GRU,SCL,B737,2023-01-26,Alta_Verano,2,4,8,14
FLT002175,SCL,MIA,SCL,B767,2024-01-23,Alta_Verano,2,8,4,12
FLT002176,SCL,BOG,SCL,A320,2023-07-22,Alta_Invierno,2,6,8,3
FLT002177,SCL,MAD,SCL,B787,2022-04-02,Baja,2,12,4,10
FLT002178,SCL,MIA,SCL,A320,2023-01-08,Alta_Verano,2,6,8,5
FLT002179,BOG,MIA,BOG,B737,2023-09-23,Baja,2,6,4,4
FLT002180,LIM,BOG,LIM,B787,2023-07-16,Alta_Invierno,2,11,5,6
FLT002181,GRU,MAD,GRU,A320,2022-07-24,Alta_Invierno,2,5,7,12
FLT002182,SCL,JFK,SCL,B767,2023-05-23,Baja,2,6,5,11
FLT002183,GRU,MAD,GRU,B737,2022-10-25,Baja,2,4,5,
FLT002184,SCL,MAD,SCL,A320,2022-07-16,Alta_Invierno,2,4,4,9
FLT002185,GRU,MIA,GRU,A350,2022-01-21,Alta_Verano,2,9,8,14
FLT002186,SCL,JFK,SCL,B787,2022-01-21,Alta_Verano,2,12,5,4
FLT002187,GRU,MIA,GRU,B787,2023-06-13,Alta_Invierno,2,11,6,8
FLT002188,SCL,LIM,SCL,B767,2024-01-31,Alta_Verano,2,7,3,11
FLT002189,GRU,MIA,GRU,B737,2022-04-07,Baja,2,6,8,6
FLT002190,GRU,MAD,GRU,B767,2024-07-04,Alta_Invierno,2,6,5,3
FLT002191,SCL,BOG,SCL,A350,2024-01-09,Alta_Verano,2,9,4,
FLT002192,LIM,GRU,LIM,B737,2022-11-14,Baja,2,6,5,4
FLT002193,BOG,MIA,BOG,A320,2022-07-04,Alta_Invierno,2,5,6,2
FLT002194,EZE,GRU,EZE,B737,2023-01-30,Alta_Verano,2,4,8,9
FLT002195,GRU,MIA,GRU,B737,2024-04-27,Baja,2,6,6,5
FLT002196,GRU,MIA,GRU,A320,2023-08-10,Alta_Invierno,2,4,6,11
FLT002197,BOG,MAD,BOG,B787,2022-07-19,Alta_Invierno,2,9,7,3
FLT002198,SCL,JFK,SCL,A320,2024-04-02,Baja,2,5,5,12
FLT002199,SCL,GRU,SCL,B787,2024-04-14,Baja,2,10,5,2
FLT002200,SCL,GRU,SCL,B737,2023-10-07,Baja,2,4,7,3
FLT002201,GRU,MAD,GRU,B737,2024-06-25,Alta_Invierno,2,5,6,3
FLT002202,SCL,MIA,SCL,B787,2024-03-14,Baja,2,8,5,6
FLT002203,GRU,MAD,GRU,B787,2024-12-29,Alta_Verano,2,9,3,12
FLT002204,SCL,MIA,SCL,B737,2023-07-17,Alta_Invierno,2,6,5,3
FLT002205,SCL,EZE,SCL,A350,2022-05-09,Baja,2,11,5,3
FLT002206,LIM,GRU,LIM,B767,2022-01-23,Alta_Verano,2,6,5,5
FLT002207,BOG,MAD,BOG,B737,2022-03-13,Baja,2,4,7,2
FLT002208,GRU,MAD,GRU,B737,2024-07-17,Alta_Invierno,2,5,6,12
FLT002209,SCL,JFK,SCL,B737,2023-05-03,Baja,2,5,7,3
FLT002210,SCL,JFK,SCL,A320,2023-08-21,Alta_Invierno,2,4,8,6
FLT002211,SCL,JFK,SCL,B767,2024-07-02,Alta_Invierno,2,8,7,
FLT002212,EZE,GRU,EZE,A320,2024-07-26,Alta_Invierno,2,4,6,4
FLT002213,LIM,BOG,LIM,B767,2024-11-25,Baja,2,6,6,14
FLT002214,SCL,LIM,SCL,B767,2022-07-03,Alta_Invierno,2,7,6,9
FLT002215,BOG,MAD,BOG,A350,2023-10-16,Baja,2,9,4,5
FLT002216,GRU,MAD,GRU,B767,2023-08-27,Alta_Invierno,2,7,5,
FLT002217,SCL,MAD,SCL,A350,2023-04-29,Baja,2,10,6,13
FLT002218,SCL,JFK,SCL,B767,2024-01-10,Alta_Verano,2,6,3,4
FLT002219,SCL,MIA,SCL,A320,2024-10-29,Baja,2,6,8,5
FLT002220,GRU,MAD,GRU,B737,2023-01-23,Alta_Verano,2,5,8,14
FLT002221,LIM,GRU,LIM,B737,2024-01-24,Alta_Verano,2,4,6,10
FLT002222,LIM,BOG,LIM,B767,2022-07-01,Alta_Invierno,2,7,3,2
FLT002223,SCL,MAD,SCL,A320,2022-08-21,Alta_Invierno,2,4,8,14
FLT002224,SCL,MIA,SCL,A320,2023-01-09,Alta_Verano,2,6,3,3
FLT002225,LIM,BOG,LIM,B787,2022-12-20,Alta_Verano,2,12,4,5
FLT002226,LIM,MIA,LIM,B737,2022-02-20,Alta_Verano,2,4,7,7
FLT002227,SCL,JFK,SCL,B737,2024-10-22,Baja,2,6,5,3
FLT002228,SCL,LIM,SCL,B737,2024-12-17,Alta_Verano,2,5,6,3
FLT002229,GRU,MAD,GRU,A320,2024-06-15,Alta_Invierno,2,5,7,4
FLT002230,SCL,JFK,SCL,B737,2022-11-18,Baja,2,5,3,5
FLT002231,SCL,GRU,SCL,B787,2024-09-18,Baja,2,10,4,11
FLT002232,LIM,BOG,LIM,A350,2024-01-02,Alta_Verano,2,12,6,7
FLT002233,BOG,MIA,BOG,A350,2024-07-06,Alta_Invierno,2,10,8,5
FLT002234,SCL,LIM,SCL,A320,2023-09-11,Baja,2,5,8,12
FLT002235,EZE,GRU,EZE,A320,2022-07-26,Alta_Invierno,2,4,4,10
FLT002236,SCL,EZE,SCL,B787,2024-03-19,Baja,2,9,3,10
FLT002237,SCL,JFK,SCL,B737,2023-07-31,Alta_Invierno,2,5,5,12
FLT002238,SCL,BOG,SCL,B767,2023-04-20,Baja,2,6,8,11
FLT002239,SCL,EZE,SCL,A320,2022-09-14,Baja,2,4,8,4
FLT002240,LIM,MIA,LIM,B737,2022-04-08,Baja,2,5,8,3
FLT002241,GRU,MIA,GRU,A320,2023-03-07,Baja,2,4,7,9
FLT002242,SCL,MIA,SCL,A320,2022-09-23,Baja,2,5,3,13
FLT002243,SCL,LIM,SCL,B767,2024-08-05,Alta_Invierno,2,6,5,3
FLT002244,SCL,LIM,SCL,B737,2022-01-09,Alta_Verano,2,4,7,5
FLT002245,BOG,MIA,BOG,B787,2024-07-01,Alta_Invierno,2,12,5,2
FLT002246,LIM,GRU,LIM,B737,2022-08-24,Alta_Invierno,2,5,5,3
FLT002247,SCL,MIA,SCL,B737,2024-01-31,Alta_Verano,2,5,3,7
FLT002248,GRU,MAD,GRU,B787,2024-01-20,Alta_Verano,2,11,5,8
FLT002249,SCL,MAD,SCL,B737,2023-06-19,Alta_Invierno,2,4,8,6
FLT002250,SCL,EZE,SCL,B737,2022-03-12,Baja,2,5,7,9
FLT002251,EZE,GRU,EZE,B787,2022-02-18,Alta_Verano,2,11,6,14
FLT002252,BOG,MIA,BOG,B767,2022-09-13,Baja,2,8,5,6
FLT002253,SCL,MIA,SCL,B737,2023-06-20,Alta_Invierno,2,4,7,6
FLT002254,LIM,BOG,LIM,A320,2024-12-06,Alta_Verano,2,4,5,
FLT002255,EZE,GRU,EZE,B787,2023-05-17,Baja,2,10,8,5
FLT002256,LIM,GRU,LIM,B737,2023-10-03,Baja,2,5,5,12
FLT002257,SCL,JFK,SCL,A320,2024-09-01,Baja,2,6,8,12
FLT002258,SCL,MIA,SCL,A350,2024-07-13,Alta_Invierno,2,8,4,7
FLT002259,EZE,GRU,EZE,B737,2022-01-01,Alta_Verano,2,5,7,12
FLT002260,BOG,MIA,BOG,B737,2023-10-01,Baja,2,4,7,7
FLT002261,SCL,BOG,SCL,B737,2024-07-19,Alta_Invierno,2,6,5,3
FLT002262,BOG,MAD,BOG,B787,2022-05-01,Baja,2,8,6,9
FLT002263,EZE,GRU,EZE,A320,2023-08-26,Alta_Invierno,2,6,7,5
FLT002264,GRU,MAD,GRU,A320,2022-07-23,Alta_Invierno,2,5,3,3
FLT002265,BOG,MAD,BOG,A320,2024-07-21,Alta_Invierno,2,4,3,7
FLT002266,SCL,MIA,SCL,B737,2023-01-21,Alta_Verano,2,6,8,5
FLT002267,SCL,BOG,SCL,A320,2023-02-24,Alta_Verano,2,6,3,10
FLT002268,SCL,MAD,SCL,B767,2023-01-15,Alta_Verano,2,8,3,2
FLT002269,LIM,BOG,LIM,B737,2023-05-18,Baja,2,5,4,3
FLT002270,LIM,BOG,LIM,B787,2023-07-24,Alta_Invierno,2,11,5,3
FLT002271,LIM,MIA,LIM,A320,2022-07-17,Alta_Invierno,2,5,6,5
FLT002272,SCL,MAD,SCL,B787,2023-07-05,Alta_Invierno,2,11,4,4
FLT002273,BOG,MIA,BOG,B767,2022-03-11,Baja,2,6,3,11
FLT002274,SCL,MIA,SCL,B767,2022-09-30,Baja,2,7,7,3
FLT002275,LIM,MIA,LIM,B737,2024-08-16,Alta_Invierno,2,6,3,3
FLT002276,SCL,JFK,SCL,A320,2023-08-03,Alta_Invierno,2,4,7,2
FLT002277,EZE,GRU,EZE,B787,2024-12-10,Alta_Verano,2,10,7,5
FLT002278,SCL,EZE,SCL,B737,2023-10-15,Baja,2,5,4,5
FLT002279,LIM,BOG,LIM,B737,2023-01-20,Alta_Verano,2,6,8,7
FLT002280,BOG,MIA,BOG,B737,2024-07-27,Alta_Invierno,2,5,4,3
FLT002281,BOG,MIA,BOG,B737,2023-01-17,Alta_Verano,2,6,8,12
FLT002282,LIM,MIA,LIM,B737,2022-05-17,Baja,2,5,4,14
FLT002283,SCL,LIM,SCL,B737,2024-07-29,Alta_Invierno,2,5,6,5
FLT002284,LIM,BOG,LIM,B787,2023-07-15,Alta_Invierno,2,12,7,5
FLT002285,SCL,JFK,SCL,A320,2024-07-29,Alta_Invierno,2,5,5,2
FLT002286,SCL,GRU,SCL,B787,2022-07-14,Alta_Invierno,2,11,4,5
FLT002287,BOG,MIA,BOG,B787,2024-01-18,Alta_Verano,2,8,8,6
FLT002288,LIM,MIA,LIM,A320,2023-03-31,Baja,2,5,6,12
FLT002289,GRU,MIA,GRU,B767,2024-07-19,Alta_Invierno,2,7,7,5
FLT002290,SCL,MIA,SCL,B737,2024-10-21,Baja,2,6,6,4
FLT002291,SCL,EZE,SCL,B737,2024-03-26,Baja,2,6,7,2
FLT002292,LIM,MIA,LIM,B737,2022-06-12,Alta_Invierno,2,4,8,9
FLT002293,SCL,JFK,SCL,B767,2022-07-08,Alta_Invierno,2,6,8,13
FLT002294,BOG,MIA,BOG,A350,2023-04-17,Baja,2,8,4,4
FLT002295,SCL,BOG,SCL,B787,2022-05-14,Baja,2,9,4,6
FLT002296,BOG,MIA,BOG,A350,2024-08-06,Alta_Invierno,2,11,6,5
FLT002297,SCL,GRU,SCL,B737,2022-11-27,Baja,2,4,3,6
FLT002298,SCL,MAD,SCL,B737,2024-03-25,Baja,2,6,5,9
FLT002299,BOG,MAD,BOG,B787,2022-07-13,Alta_Invierno,2,12,7,8
FLT002300,SCL,GRU,SCL,A320,2022-10-21,Baja,2,4,7,5
FLT002301,SCL,MAD,SCL,A320,2024-01-03,Alta_Verano,2,5,3,10
FLT002302,SCL,JFK,SCL,B737,2023-11-12,Baja,2,4,5,2
FLT002303,SCL,EZE,SCL,B787,2022-04-17,Baja,2,10,3,2
FLT002304,LIM,BOG,LIM,A350,2022-01-30,Alta_Verano,2,10,4,12
FLT002305,SCL,EZE,SCL,A350,2022-01-30,Alta_Verano,2,12,6,4
FLT002306,SCL,LIM,SCL,A320,2024-01-06,Alta_Verano,2,5,6,14
FLT002307,GRU,MIA,GRU,B737,2024-01-11,Alta_Verano,2,5,5,3
FLT002308,SCL,LIM,SCL,B737,2022-03-31,Baja,2,5,6,4
FLT002309,LIM,MIA,LIM,A320,2022-10-24,Baja,2,5,3,3
FLT002310,EZE,GRU,EZE,B767,2023-04-28,Baja,2,8,6,5
FLT002311,SCL,JFK,SCL,B767,2022-12-30,Alta_Verano,2,8,8,8
FLT002312,BOG,MIA,BOG,B767,2022-12-24,Alta_Verano,2,7,7,6
FLT002313,SCL,MAD,SCL,B787,2024-11-06,Baja,2,12,6,2
FLT002314,LIM,MIA,LIM,B737,2022-10-05,Baja,2,5,4,6
FLT002315,LIM,BOG,LIM,A320,2024-09-22,Baja,2,6,5,5
FLT002316,EZE,GRU,EZE,A320,2022-01-29,Alta_Verano,2,6,6,11
FLT002317,SCL,MAD,SCL,B767,2022-08-11,Alta_Invierno,2,7,3,3
FLT002318,SCL,MAD,SCL,B737,2022-07-28,Alta_Invierno,2,5,5,11
FLT002319,LIM,GRU,LIM,B787,2024-07-08,Alta_Invierno,2,9,8,5
FLT002320,SCL,MAD,SCL,A320,2023-04-07,Baja,2,6,3,6
FLT002321,SCL,EZE,SCL,A320,2023-08-06,Alta_Invierno,2,6,7,9
FLT002322,SCL,GRU,SCL,B737,2022-10-20,Baja,2,6,5,5
FLT002323,SCL,LIM,SCL,A350,2022-07-12,Alta_Invierno,2,8,5,2
FLT002324,SCL,JFK,SCL,B767,2022-06-17,Alta_Invierno,2,6,3,3
FLT002325,SCL,MAD,SCL,B737,2023-07-08,Alta_Invierno,2,5,7,14
FLT002326,SCL,LIM,SCL,B787,2024-12-02,Alta_Verano,2,10,4,7
FLT002327,GRU,MIA,GRU,B737,2024-01-12,Alta_Verano,2,6,4,3
FLT002328,SCL,LIM,SCL,A320,2023-01-10,Alta_Verano,2,5,4,11
FLT002329,SCL,JFK,SCL,B767,2022-10-17,Baja,2,8,6,6
FLT002330,SCL,GRU,SCL,A350,2023-09-01,Baja,2,12,6,4
FLT002331,LIM,GRU,LIM,B767,2024-07-24,Alta_Invierno,2,6,7,4
FLT002332,GRU,MAD,GRU,B737,2024-07-14,Alta_Invierno,2,5,5,11
FLT002333,SCL,EZE,SCL,B737,2022-01-09,Alta_Verano,2,4,6,13
FLT002334,LIM,GRU,LIM,B787,2024-11-14,Baja,2,9,4,11
FLT002335,LIM,GRU,LIM,A320,2024-05-01,Baja,2,6,4,4
FLT002336,LIM,GRU,LIM,A320,2022-07-03,Alta_Invierno,2,4,4,4
FLT002337,LIM,MIA,LIM,B737,2022-12-03,Alta_Verano,2,6,3,3
FLT002338,GRU,MAD,GRU,B737,2024-10-04,Baja,2,4,5,10
FLT002339,SCL,MAD,SCL,A350,2022-02-10,Alta_Verano,2,8,8,7
FLT002340,SCL,BOG,SCL,B737,2024-07-26,Alta_Invierno,2,4,3,6
FLT002341,SCL,JFK,SCL,B767,2023-05-02,Baja,2,6,5,3
FLT002342,SCL,GRU,SCL,B787,2023-03-25,Baja,2,10,3,2
FLT002343,SCL,MIA,SCL,B767,2022-02-27,Alta_Verano,2,7,8,12
FLT002344,SCL,JFK,SCL,B767,2022-01-10,Alta_Verano,2,8,4,13
FLT002345,GRU,MAD,GRU,B737,2022-12-29,Alta_Verano,2,4,4,4
FLT002346,SCL,EZE,SCL,B737,2022-12-30,Alta_Verano,2,4,8,5
FLT002347,SCL,MAD,SCL,B737,2024-03-17,Baja,2,6,5,13
FLT002348,GRU,MAD,GRU,A320,2024-11-16,Baja,2,6,6,7
FLT002349,SCL,JFK,SCL,B787,2024-02-23,Alta_Verano,2,11,3,2
FLT002350,SCL,BOG,SCL,B737,2023-04-23,Baja,2,4,8,12
FLT002351,SCL,EZE,SCL,A350,2022-11-25,Baja,2,12,5,3
FLT002352,SCL,GRU,SCL,B737,2023-04-30,Baja,2,6,3,6
FLT002353,EZE,GRU,EZE,A350,2022-07-10,Alta_Invierno,2,9,3,4
FLT002354,GRU,MIA,GRU,B737,2023-10-02,Baja,2,5,7,10
FLT002355,SCL,EZE,SCL,B737,2024-02-04,Alta_Verano,2,5,5,9
FLT002356,LIM,GRU,LIM,A350,2022-07-05,Alta_Invierno,2,9,5,
FLT002357,SCL,EZE,SCL,A350,2024-06-01,Alta_Invierno,2,10,3,13
FLT002358,EZE,GRU,EZE,B767,2024-01-31,Alta_Verano,2,7,6,2
FLT002359,LIM,GRU,LIM,A320,2024-02-07,Alta_Verano,2,5,4,3
FLT002360,BOG,MAD,BOG,B737,2023-08-15,Alta_Invierno,2,6,7,7
FLT002361,SCL,BOG,SCL,A320,2022-07-19,Alta_Invierno,2,5,5,8
FLT002362,LIM,GRU,LIM,B737,2024-12-12,Alta_Verano,2,5,7,13
FLT002363,SCL,EZE,SCL,A320,2024-07-22,Alta_Invierno,2,6,6,3
FLT002364,SCL,GRU,SCL,B767,2024-01-30,Alta_Verano,2,6,5,
FLT002365,SCL,BOG,SCL,A320,2023-10-29,Baja,2,4,6,2
FLT002366,SCL,GRU,SCL,B767,2023-03-19,Baja,2,7,4,5
FLT002367,SCL,GRU,SCL,B737,2022-05-19,Baja,2,6,3,3
FLT002368,LIM,BOG,LIM,B737,2024-09-15,Baja,2,6,3,
FLT002369,BOG,MIA,BOG,B767,2024-12-03,Alta_Verano,2,8,6,3
FLT002370,SCL,BOG,SCL,B737,2024-07-14,Alta_Invierno,2,5,6,4
FLT002371,SCL,MAD,SCL,A320,2024-09-23,Baja,2,5,8,7
FLT002372,LIM,BOG,LIM,B787,2024-12-16,Alta_Verano,2,9,8,5
FLT002373,SCL,EZE,SCL,B737,2022-07-27,Alta_Invierno,2,6,7,5
FLT002374,BOG,MIA,BOG,A320,2022-07-27,Alta_Invierno,2,4,5,5
FLT002375,LIM,GRU,LIM,A320,2023-05-29,Baja,2,5,8,2
FLT002376,SCL,EZE,SCL,B767,2022-01-09,Alta_Verano,2,7,5,2
FLT002377,SCL,BOG,SCL,B737,2022-11-24,Baja,2,6,6,7
FLT002378,LIM,BOG,LIM,B767,2022-01-07,Alta_Verano,2,8,8,3
FLT002379,EZE,GRU,EZE,B737,2024-02-18,Alta_Verano,2,5,6,8
FLT002380,GRU,MIA,GRU,B787,2022-07-27,Alta_Invierno,2,10,4,4
FLT002381,SCL,GRU,SCL,B737,2024-01-05,Alta_Verano,2,6,5,5
FLT002382,BOG,MAD,BOG,B737,2024-01-26,Alta_Verano,2,4,7,6
FLT002383,LIM,BOG,LIM,A320,2023-01-23,Alta_Verano,2,5,3,8
FLT002384,SCL,BOG,SCL,B737,2024-02-09,Alta_Verano,2,4,6,3
FLT002385,LIM,MIA,LIM,B737,2022-01-22,Alta_Verano,2,5,3,3
FLT002386,EZE,GRU,EZE,B737,2022-07-13,Alta_Invierno,2,4,4,12
FLT002387,BOG,MAD,BOG,B737,2022-05-11,Baja,2,4,4,4
FLT002388,SCL,EZE,SCL,B787,2022-01-07,Alta_Verano,2,12,3,13
FLT002389,BOG,MAD,BOG,A320,2022-07-16,Alta_Invierno,2,4,7,9
FLT002390,SCL,BOG,SCL,A350,2022-03-19,Baja,2,9,3,11
FLT002391,GRU,MAD,GRU,B737,2024-08-20,Alta_Invierno,2,6,5,14
FLT002392,SCL,GRU,SCL,B737,2024-07-22,Alta_Invierno,2,6,8,4
FLT002393,SCL,MAD,SCL,B767,2022-10-08,Baja,2,7,7,2
FLT002394,SCL,JFK,SCL,A320,2024-07-10,Alta_Invierno,2,5,5,12
FLT002395,GRU,MAD,GRU,A320,2023-11-22,Baja,2,4,4,3
FLT002396,SCL,GRU,SCL,A320,2024-10-07,Baja,2,6,8,8
FLT002397,SCL,BOG,SCL,B737,2023-03-20,Baja,2,5,4,5
FLT002398,GRU,MAD,GRU,B737,2022-01-06,Alta_Verano,2,5,4,4
FLT002399,SCL,BOG,SCL,B767,2024-04-05,Baja,2,6,6,3
FLT002400,SCL,GRU,SCL,B737,2022-07-25,Alta_Invierno,2,4,6,5
FLT002401,LIM,BOG,LIM,B787,2023-07-29,Alta_Invierno,2,11,4,3
FLT002402,SCL,MIA,SCL,B737,2023-02-21,Alta_Verano,2,4,3,5
FLT002403,BOG,MAD,BOG,A320,2024-07-10,Alta_Invierno,2,5,3,5
FLT002404,SCL,MAD,SCL,B737,2023-01-05,Alta_Verano,2,5,4,2
FLT002405,SCL,MIA,SCL,B767,2023-10-27,Baja,2,7,6,6
FLT002406,GRU,MIA,GRU,A320,2022-01-01,Alta_Verano,2,4,8,3
FLT002407,LIM,GRU,LIM,A320,2023-04-25,Baja,2,5,4,5
FLT002408,SCL,LIM,SCL,B787,2023-07-25,Alta_Invierno,2,8,5,7
FLT002409,SCL,GRU,SCL,A320,2022-09-17,Baja,2,6,4,4
FLT002410,GRU,MIA,GRU,A320,2022-07-08,Alta_Invierno,2,5,3,5
FLT002411,SCL,LIM,SCL,A320,2024-05-17,Baja,2,5,7,11
FLT002412,SCL,BOG,SCL,B787,2022-10-17,Baja,2,10,6,
FLT002413,LIM,BOG,LIM,B737,2022-04-20,Baja,2,4,3,5
FLT002414,LIM,BOG,LIM,A320,2023-12-18,Alta_Verano,2,5,3,5
FLT002415,SCL,LIM,SCL,B737,2023-07-07,Alta_Invierno,2,6,5,3
FLT002416,EZE,GRU,EZE,B737,2022-02-07,Alta_Verano,2,5,5,13
FLT002417,SCL,LIM,SCL,A350,2024-06-22,Alta_Invierno,2,11,7,8
FLT002418,SCL,GRU,SCL,A320,2022-01-15,Alta_Verano,2,4,8,3
FLT002419,SCL,EZE,SCL,A320,2024-08-25,Alta_Invierno,2,6,7,8
FLT002420,SCL,MIA,SCL,A320,2023-02-23,Alta_Verano,2,5,6,4
FLT002421,SCL,LIM,SCL,B787,2022-07-19,Alta_Invierno,2,11,3,3
FLT002422,SCL,MIA,SCL,A320,2023-07-24,Alta_Invierno,2,4,5,3
FLT002423,GRU,MIA,GRU,B737,2023-05-26,Baja,2,5,6,4
FLT002424,BOG,MAD,BOG,A320,2022-03-03,Baja,2,4,3,5
FLT002425,SCL,MIA,SCL,A320,2022-09-15,Baja,2,4,3,4
FLT002426,GRU,MAD,GRU,A320,2024-12-28,Alta_Verano,2,6,7,4
FLT002427,BOG,MIA,BOG,B787,2022-05-25,Baja,2,9,4,4
FLT002428,SCL,BOG,SCL,B737,2023-11-16,Baja,2,5,5,6
FLT002429,SCL,LIM,SCL,B787,2024-05-07,Baja,2,8,5,6
FLT002430,EZE,GRU,EZE,A320,2023-07-30,Alta_Invierno,2,5,4,7
FLT002431,BOG,MAD,BOG,B787,2023-01-07,Alta_Verano,2,9,7,13
FLT002432,LIM,MIA,LIM,B737,2022-06-21,Alta_Invierno,2,6,5,2
FLT002433,SCL,GRU,SCL,B737,2024-01-31,Alta_Verano,2,4,3,6
FLT002434,SCL,JFK,SCL,B767,2022-02-22,Alta_Verano,2,6,5,5
FLT002435,EZE,GRU,EZE,B787,2024-10-18,Baja,2,9,6,5
FLT002436,GRU,MAD,GRU,A320,2023-01-01,Alta_Verano,2,6,3,11
FLT002437,LIM,GRU,LIM,B737,2023-01-13,Alta_Verano,2,6,8,4
FLT002438,GRU,MAD,GRU,A320,2024-10-13,Baja,2,4,7,5
FLT002439,BOG,MAD,BOG,B737,2023-07-15,Alta_Invierno,2,5,3,5
FLT002440,SCL,LIM,SCL,B767,2023-02-09,Alta_Verano,2,7,7,5
FLT002441,LIM,BOG,LIM,B737,2022-04-03,Baja,2,6,5,12
FLT002442,SCL,JFK,SCL,B787,2022-12-31,Alta_Verano,2,10,4,4
FLT002443,LIM,BOG,LIM,A320,2024-07-01,Alta_Invierno,2,6,6,3
FLT002444,GRU,MIA,GRU,A320,2023-01-26,Alta_Verano,2,4,4,10
FLT002445,LIM,GRU,LIM,A320,2022-01-12,Alta_Verano,2,6,4,5
FLT002446,BOG,MAD,BOG,B767,2022-05-10,Baja,2,7,5,5
FLT002447,BOG,MIA,BOG,A320,2024-10-17,Baja,2,4,7,3
FLT002448,BOG,MAD,BOG,B737,2022-02-16,Alta_Verano,2,5,6,2
FLT002449,SCL,LIM,SCL,A320,2024-07-03,Alta_Invierno,2,5,3,13
FLT002450,SCL,EZE,SCL,B737,2022-09-07,Baja,2,6,6,8
FLT002451,SCL,GRU,SCL,A320,2022-06-20,Alta_Invierno,2,5,8,2
FLT002452,LIM,GRU,LIM,B767,2022-01-09,Alta_Verano,2,7,5,14
FLT002453,BOG,MAD,BOG,A320,2023-07-15,Alta_Invierno,2,5,5,13
FLT002454,LIM,MIA,LIM,B737,2024-07-28,Alta_Invierno,2,4,7,8
FLT002455,EZE,GRU,EZE,B737,2024-08-30,Alta_Invierno,2,6,6,4
FLT002456,EZE,GRU,EZE,A320,2023-07-18,Alta_Invierno,2,5,3,8
FLT002457,LIM,BOG,LIM,A320,2023-01-09,Alta_Verano,2,5,3,9
FLT002458,SCL,BOG,SCL,A320,2023-04-11,Baja,2,5,8,10
FLT002459,GRU,MIA,GRU,A320,2023-08-30,Alta_Invierno,2,4,4,7
FLT002460,SCL,MAD,SCL,B767,2022-08-08,Alta_Invierno,2,6,3,3
FLT002461,BOG,MAD,BOG,B767,2022-02-21,Alta_Verano,2,8,8,5
FLT002462,SCL,BOG,SCL,B767,2024-07-17,Alta_Invierno,2,6,3,4
FLT002463,SCL,JFK,SCL,A320,2022-06-25,Alta_Invierno,2,5,6,11
FLT002464,SCL,MAD,SCL,B737,2022-09-25,Baja,2,5,3,13
FLT002465,SCL,MIA,SCL,B767,2022-10-08,Baja,2,8,4,2
FLT002466,SCL,BOG,SCL,A320,2023-07-17,Alta_Invierno,2,4,3,
FLT002467,SCL,LIM,SCL,B787,2022-07-27,Alta_Invierno,2,12,4,4
FLT002468,SCL,MIA,SCL,A320,2022-01-06,Alta_Verano,2,6,8,13
FLT002469,LIM,GRU,LIM,A320,2023-09-03,Baja,2,5,8,4
FLT002470,GRU,MAD,GRU,B767,2024-01-07,Alta_Verano,2,7,6,3
FLT002471,SCL,MAD,SCL,B737,2024-08-03,Alta_Invierno,2,5,4,7
FLT002472,LIM,BOG,LIM,B737,2023-07-26,Alta_Invierno,2,6,7,
FLT002473,BOG,MIA,BOG,B737,2023-10-27,Baja,2,5,8,6
FLT002474,LIM,GRU,LIM,B787,2023-09-09,Baja,2,11,5,2
FLT002475,LIM,BOG,LIM,B767,2024-12-03,Alta_Verano,2,6,5,11
FLT002476,LIM,MIA,LIM,A350,2022-07-12,Alta_Invierno,2,11,6,5
FLT002477,SCL,JFK,SCL,B767,2022-08-14,Alta_Invierno,2,8,4,2
FLT002478,EZE,GRU,EZE,A350,2024-07-18,Alta_Invierno,2,10,6,3
FLT002479,SCL,EZE,SCL,B767,2022-06-08,Alta_Invierno,2,6,7,5
FLT002480,GRU,MAD,GRU,B767,2023-10-12,Baja,2,7,7,8
FLT002481,LIM,BOG,LIM,B787,2024-09-20,Baja,2,8,8,10
FLT002482,SCL,JFK,SCL,B787,2024-01-01,Alta_Verano,2,12,7,4
FLT002483,BOG,MAD,BOG,B737,2024-05-27,Baja,2,6,5,5
FLT002484,SCL,EZE,SCL,A350,2022-01-06,Alta_Verano,2,9,8,3
FLT002485,BOG,MIA,BOG,B737,2022-04-22,Baja,2,5,7,6
FLT002486,BOG,MAD,BOG,A320,2022-10-24,Baja,2,5,4,4
FLT002487,SCL,EZE,SCL,B767,2024-01-12,Alta_Verano,2,6,3,9
FLT002488,LIM,GRU,LIM,B737,2022-07-02,Alta_Invierno,2,6,6,4
FLT002489,SCL,EZE,SCL,A320,2023-07-03,Alta_Invierno,2,4,7,8
FLT002490,SCL,MIA,SCL,A350,2022-05-19,Baja,2,11,8,8
FLT002491,EZE,GRU,EZE,B737,2024-06-02,Alta_Invierno,2,5,7,5
FLT002492,SCL,JFK,SCL,A320,2022-07-09,Alta_Invierno,2,4,7,9
FLT002493,SCL,MIA,SCL,A320,2024-05-22,Baja,2,5,7,4
FLT002494,SCL,JFK,SCL,B737,2024-12-06,Alta_Verano,2,6,7,3
FLT002495,BOG,MAD,BOG,A320,2024-08-27,Alta_Invierno,2,4,3,5
FLT002496,SCL,BOG,SCL,B737,2022-07-22,Alta_Invierno,2,5,8,6
FLT002497,SCL,LIM,SCL,A350,2024-07-16,Alta_Invierno,2,10,6,3
FLT002498,SCL,EZE,SCL,B737,2023-07-28,Alta_Invierno,2,5,5,3
FLT002499,SCL,GRU,SCL,B767,2022-07-12,Alta_Invierno,2,8,6,9
FLT002500,BOG,MAD,BOG,B737,2023-06-05,Alta_Invierno,2,4,5,5
FLT002501,SCL,JFK,SCL,A320,2023-04-28,Baja,2,5,7,14
FLT002502,GRU,MAD,GRU,B767,2023-07-16,Alta_Invierno,2,6,6,4
FLT002503,SCL,JFK,SCL,B787,2024-12-20,Alta_Verano,2,12,5,10
FLT002504,EZE,GRU,EZE,B767,2023-03-24,Baja,2,7,6,5
FLT002505,SCL,LIM,SCL,B737,2023-12-31,Alta_Verano,2,6,6,5
FLT002506,LIM,GRU,LIM,B767,2023-01-27,Alta_Verano,2,7,4,14
FLT002507,GRU,MIA,GRU,B737,2024-01-09,Alta_Verano,2,4,7,9
FLT002508,LIM,MIA,LIM,A320,2022-01-06,Alta_Verano,2,5,8,8
FLT002509,BOG,MIA,BOG,A320,2024-03-24,Baja,2,5,7,2
FLT002510,GRU,MIA,GRU,A320,2022-05-02,Baja,2,5,3,5
FLT002511,LIM,BOG,LIM,A320,2024-01-10,Alta_Verano,2,4,7,6
FLT002512,SCL,GRU,SCL,B787,2023-01-26,Alta_Verano,2,10,4,5
FLT002513,GRU,MAD,GRU,A320,2023-06-26,Alta_Invierno,2,4,4,2
FLT002514,SCL,EZE,SCL,B737,2024-04-22,Baja,2,5,8,10
FLT002515,LIM,MIA,LIM,B787,2022-09-08,Baja,2,9,6,3
FLT002516,BOG,MAD,BOG,B787,2024-01-14,Alta_Verano,2,8,4,4
FLT002517,SCL,EZE,SCL,A350,2024-04-04,Baja,2,8,4,5
FLT002518,SCL,MAD,SCL,B767,2024-08-25,Alta_Invierno,2,7,7,6
FLT002519,SCL,LIM,SCL,A350,2023-12-06,Alta_Verano,2,10,6,11
FLT002520,LIM,BOG,LIM,B767,2023-05-02,Baja,2,6,5,9
FLT002521,SCL,MIA,SCL,A320,2023-07-16,Alta_Invierno,2,5,4,3
FLT002522,SCL,BOG,SCL,B787,2023-05-14,Baja,2,8,4,2
FLT002523,SCL,MAD,SCL,A320,2023-01-02,Alta_Verano,2,4,4,9
FLT002524,LIM,MIA,LIM,B767,2024-04-15,Baja,2,8,5,14
FLT002525,BOG,MAD,BOG,A320,2022-01-23,Alta_Verano,2,5,7,5
FLT002526,SCL,LIM,SCL,B737,2022-01-07,Alta_Verano,2,4,4,
FLT002527,SCL,MIA,SCL,A350,2024-07-14,Alta_Invierno,2,12,8,5
FLT002528,SCL,MAD,SCL,A320,2023-08-09,Alta_Invierno,2,4,3,4
FLT002529,LIM,MIA,LIM,B737,2023-03-31,Baja,2,4,4,5
FLT002530,BOG,MAD,BOG,B787,2024-07-03,Alta_Invierno,2,8,6,8
FLT002531,SCL,JFK,SCL,A350,2024-12-06,Alta_Verano,2,11,8,14
FLT002532,SCL,MAD,SCL,B767,2024-06-13,Alta_Invierno,2,8,5,5
FLT002533,EZE,GRU,EZE,B737,2022-10-20,Baja,2,5,6,10
FLT002534,SCL,GRU,SCL,B767,2023-01-18,Alta_Verano,2,7,5,3
FLT002535,SCL,MAD,SCL,B737,2024-04-26,Baja,2,4,6,3
FLT002536,LIM,GRU,LIM,B787,2024-05-28,Baja,2,8,8,2
FLT002537,SCL,GRU,SCL,B787,2022-10-21,Baja,2,9,6,14
FLT002538,LIM,MIA,LIM,B767,2022-08-19,Alta_Invierno,2,7,6,3
FLT002539,SCL,JFK,SCL,A350,2023-09-17,Baja,2,8,5,14
FLT002540,SCL,BOG,SCL,B737,2022-07-09,Alta_Invierno,2,4,5,5
FLT002541,BOG,MIA,BOG,A320,2023-03-07,Baja,2,6,3,14
FLT002542,SCL,GRU,SCL,A350,2022-07-18,Alta_Invierno,2,9,5,10
FLT002543,SCL,EZE,SCL,A350,2022-07-23,Alta_Invierno,2,9,5,3
FLT002544,SCL,MAD,SCL,B737,2024-07-28,Alta_Invierno,2,6,5,3
FLT002545,SCL,MIA,SCL,B737,2022-09-14,Baja,2,5,8,5
FLT002546,SCL,GRU,SCL,A320,2022-01-03,Alta_Verano,2,4,7,3
FLT002547,GRU,MIA,GRU,A350,2022-07-26,Alta_Invierno,2,10,8,2
FLT002548,SCL,EZE,SCL,A320,2023-08-22,Alta_Invierno,2,6,3,5
FLT002549,SCL,EZE,SCL,B787,2024-07-29,Alta_Invierno,2,11,8,4
FLT002550,BOG,MAD,BOG,B767,2022-03-05,Baja,2,8,8,12
FLT002551,LIM,GRU,LIM,A320,2024-07-25,Alta_Invierno,2,5,6,8
FLT002552,BOG,MIA,BOG,A320,2023-08-13,Alta_Invierno,2,4,6,5
FLT002553,GRU,MIA,GRU,B737,2022-05-06,Baja,2,5,4,6
FLT002554,SCL,EZE,SCL,A320,2022-07-30,Alta_Invierno,2,6,6,13
FLT002555,GRU,MIA,GRU,B787,2024-06-02,Alta_Invierno,2,11,4,12
FLT002556,BOG,MAD,BOG,B737,2023-03-17,Baja,2,6,3,4
FLT002557,LIM,BOG,LIM,A320,2023-07-01,Alta_Invierno,2,6,5,5
FLT002558,SCL,JFK,SCL,B787,2023-07-28,Alta_Invierno,2,12,8,2
FLT002559,BOG,MIA,BOG,B737,2022-12-01,Alta_Verano,2,4,3,2
FLT002560,SCL,JFK,SCL,B767,2024-09-03,Baja,2,8,8,5
FLT002561,GRU,MAD,GRU,A320,2023-10-15,Baja,2,5,7,2
FLT002562,GRU,MAD,GRU,B737,2022-02-04,Alta_Verano,2,6,4,5
FLT002563,SCL,LIM,SCL,B737,2023-09-20,Baja,2,5,4,12
FLT002564,SCL,MAD,SCL,B767,2023-05-29,Baja,2,8,4,14
FLT002565,SCL,MAD,SCL,B737,2023-09-25,Baja,2,6,6,4
FLT002566,SCL,EZE,SCL,B737,2024-02-08,Alta_Verano,2,4,7,2
FLT002567,GRU,MIA,GRU,A320,2022-08-15,Alta_Invierno,2,5,4,4
FLT002568,GRU,MIA,GRU,B737,2024-06-26,Alta_Invierno,2,5,8,5
FLT002569,LIM,MIA,LIM,A320,2024-03-07,Baja,2,4,6,5
FLT002570,LIM,MIA,LIM,B737,2023-07-29,Alta_Invierno,2,6,3,4
FLT002571,SCL,LIM,SCL,B737,2022-07-25,Alta_Invierno,2,4,5,13
FLT002572,EZE,GRU,EZE,A320,2022-10-27,Baja,2,4,4,7
FLT002573,BOG,MAD,BOG,B737,2023-01-14,Alta_Verano,2,5,8,3
FLT002574,BOG,MIA,BOG,A320,2022-08-27,Alta_Invierno,2,5,3,5
FLT002575,SCL,JFK,SCL,B737,2024-01-02,Alta_Verano,2,4,6,10
FLT002576,SCL,EZE,SCL,A350,2023-03-04,Baja,2,10,7,4
FLT002577,SCL,MIA,SCL,B787,2023-03-12,Baja,2,8,4,12
FLT002578,LIM,BOG,LIM,A320,2023-09-25,Baja,2,6,8,12
FLT002579,SCL,MAD,SCL,B787,2023-12-01,Alta_Verano,2,9,6,4
FLT002580,LIM,MIA,LIM,A320,2022-01-12,Alta_Verano,2,6,7,7
FLT002581,GRU,MAD,GRU,A320,2023-07-16,Alta_Invierno,2,4,6,2
FLT002582,SCL,LIM,SCL,A350,2022-01-02,Alta_Verano,2,11,3,5
FLT002583,SCL,BOG,SCL,A350,2022-01-03,Alta_Verano,2,12,4,10
FLT002584,LIM,MIA,LIM,A320,2023-06-26,Alta_Invierno,2,6,6,12
FLT002585,LIM,BOG,LIM,B767,2024-04-20,Baja,2,8,8,3
FLT002586,SCL,JFK,SCL,B787,2024-07-05,Alta_Invierno,2,9,4,3
FLT002587,GRU,MIA,GRU,A320,2022-07-18,Alta_Invierno,2,5,6,8
FLT002588,SCL,EZE,SCL,B767,2022-05-25,Baja,2,8,5,4
FLT002589,SCL,EZE,SCL,A320,2024-08-19,Alta_Invierno,2,6,6,2
FLT002590,BOG,MAD,BOG,B787,2023-09-20,Baja,2,9,3,5
FLT002591,SCL,EZE,SCL,B737,2022-01-01,Alta_Verano,2,4,6,3
FLT002592,EZE,GRU,EZE,B787,2022-08-16,Alta_Invierno,2,12,5,13
FLT002593,BOG,MAD,BOG,A320,2022-07-25,Alta_Invierno,2,6,6,4
FLT002594,EZE,GRU,EZE,B767,2024-12-05,Alta_Verano,2,7,3,3
FLT002595,LIM,BOG,LIM,B737,2024-05-24,Baja,2,4,5,9
FLT002596,SCL,LIM,SCL,B767,2024-01-17,Alta_Verano,2,7,8,10
FLT002597,SCL,LIM,SCL,A350,2024-07-24,Alta_Invierno,2,8,7,2
FLT002598,SCL,MIA,SCL,A320,2023-10-02,Baja,2,4,5,13
FLT002599,SCL,EZE,SCL,A350,2022-07-31,Alta_Invierno,2,12,8,10
FLT002600,SCL,LIM,SCL,A350,2022-04-09,Baja,2,10,7,6
FLT002601,SCL,MAD,SCL,B767,2022-07-02,Alta_Invierno,2,8,7,4
FLT002602,BOG,MIA,BOG,B737,2023-10-03,Baja,2,6,3,3
FLT002603,GRU,MIA,GRU,A320,2024-07-03,Alta_Invierno,2,6,6,14
FLT002604,SCL,MIA,SCL,B737,2023-05-11,Baja,2,5,3,
FLT002605,LIM,GRU,LIM,A320,2023-07-09,Alta_Invierno,2,5,3,7
FLT002606,SCL,MIA,SCL,A320,2022-09-30,Baja,2,5,8,11
FLT002607,SCL,MIA,SCL,B737,2023-07-16,Alta_Invierno,2,4,6,10
FLT002608,SCL,GRU,SCL,A320,2024-11-18,Baja,2,4,8,7
FLT002609,LIM,MIA,LIM,A320,2022-06-02,Alta_Invierno,2,5,6,13
FLT002610,GRU,MIA,GRU,A350,2024-10-23,Baja,2,8,6,4
FLT002611,SCL,BOG,SCL,B767,2022-03-04,Baja,2,6,4,14
FLT002612,SCL,MIA,SCL,A320,2024-08-18,Alta_Invierno,2,4,6,4
FLT002613,SCL,LIM,SCL,B787,2022-12-03,Alta_Verano,2,9,5,
FLT002614,EZE,GRU,EZE,A320,2022-10-11,Baja,2,6,7,4
FLT002615,SCL,GRU,SCL,B767,2024-07-16,Alta_Invierno,2,6,5,8
FLT002616,SCL,BOG,SCL,B767,2023-10-05,Baja,2,7,5,4
FLT002617,GRU,MAD,GRU,B767,2023-07-13,Alta_Invierno,2,7,7,7
FLT002618,GRU,MAD,GRU,A320,2022-07-06,Alta_Invierno,2,6,7,4
FLT002619,SCL,MIA,SCL,B737,2023-09-18,Baja,2,5,5,7
FLT002620,GRU,MAD,GRU,B737,2024-01-16,Alta_Verano,2,6,7,8
FLT002621,SCL,JFK,SCL,B737,2022-10-07,Baja,2,5,7,5
FLT002622,EZE,GRU,EZE,B767,2023-01-06,Alta_Verano,2,8,8,5
FLT002623,GRU,MAD,GRU,A320,2023-07-25,Alta_Invierno,2,4,5,9
FLT002624,SCL,GRU,SCL,B767,2024-12-13,Alta_Verano,2,6,7,5
FLT002625,EZE,GRU,EZE,A320,2024-07-08,Alta_Invierno,2,4,5,12
FLT002626,SCL,MAD,SCL,A320,2024-06-02,Alta_Invierno,2,4,5,8
FLT002627,EZE,GRU,EZE,A320,2024-01-12,Alta_Verano,2,6,3,3
FLT002628,LIM,BOG,LIM,B737,2022-07-22,Alta_Invierno,2,4,3,11
FLT002629,SCL,EZE,SCL,B787,2023-03-28,Baja,2,8,5,14
FLT002630,LIM,BOG,LIM,B787,2023-07-31,Alta_Invierno,2,8,5,8
FLT002631,SCL,MAD,SCL,A350,2024-09-27,Baja,2,12,3,3
FLT002632,GRU,MIA,GRU,A320,2024-01-02,Alta_Verano,2,5,7,10
FLT002633,SCL,BOG,SCL,B787,2023-06-27,Alta_Invierno,2,11,4,12
FLT002634,SCL,MAD,SCL,B737,2022-01-08,Alta_Verano,2,6,5,4
FLT002635,BOG,MIA,BOG,B737,2024-07-29,Alta_Invierno,2,5,4,2
FLT002636,GRU,MIA,GRU,A320,2022-11-28,Baja,2,6,3,14
FLT002637,SCL,MIA,SCL,A320,2024-11-11,Baja,2,6,5,5
FLT002638,BOG,MIA,BOG,B787,2022-06-04,Alta_Invierno,2,8,3,4
FLT002639,SCL,EZE,SCL,B787,2023-07-25,Alta_Invierno,2,10,5,2
FLT002640,SCL,EZE,SCL,B787,2024-12-27,Alta_Verano,2,10,8,13
FLT002641,GRU,MIA,GRU,B737,2022-09-19,Baja,2,4,7,7
FLT002642,SCL,JFK,SCL,A320,2022-07-29,Alta_Invierno,2,5,4,14
FLT002643,SCL,MIA,SCL,A350,2024-12-19,Alta_Verano,2,9,3,2
FLT002644,BOG,MIA,BOG,B737,2022-10-26,Baja,2,6,4,3
FLT002645,GRU,MIA,GRU,B737,2023-02-15,Alta_Verano,2,6,7,9
FLT002646,EZE,GRU,EZE,A320,2023-11-06,Baja,2,5,8,
FLT002647,SCL,GRU,SCL,A350,2022-05-18,Baja,2,9,6,4
FLT002648,SCL,EZE,SCL,B737,2022-01-03,Alta_Verano,2,4,4,2
FLT002649,BOG,MIA,BOG,A320,2023-07-12,Alta_Invierno,2,5,6,9
FLT002650,BOG,MAD,BOG,B737,2023-06-15,Alta_Invierno,2,6,3,12
FLT002651,SCL,JFK,SCL,B737,2023-12-30,Alta_Verano,2,4,8,2
FLT002652,EZE,GRU,EZE,B737,2024-06-07,Alta_Invierno,2,6,8,
FLT002653,SCL,BOG,SCL,B787,2024-07-11,Alta_Invierno,2,9,4,2
FLT002654,BOG,MIA,BOG,B787,2023-05-09,Baja,2,9,5,2
FLT002655,SCL,EZE,SCL,B737,2024-07-30,Alta_Invierno,2,6,6,8
FLT002656,SCL,LIM,SCL,B787,2023-05-30,Baja,2,11,4,13
FLT002657,SCL,GRU,SCL,B737,2022-07-22,Alta_Invierno,2,6,3,3
FLT002658,GRU,MAD,GRU,A350,2024-02-09,Alta_Verano,2,8,4,4
FLT002659,SCL,GRU,SCL,B767,2024-07-14,Alta_Invierno,2,6,8,4
FLT002660,GRU,MIA,GRU,B737,2024-09-14,Baja,2,5,6,7
FLT002661,LIM,GRU,LIM,B767,2024-07-23,Alta_Invierno,2,8,6,8
FLT002662,LIM,MIA,LIM,B787,2024-01-28,Alta_Verano,2,9,8,10
FLT002663,SCL,EZE,SCL,A320,2024-05-30,Baja,2,4,3,3
FLT002664,BOG,MAD,BOG,B787,2023-11-12,Baja,2,9,6,6
FLT002665,GRU,MAD,GRU,B767,2023-01-12,Alta_Verano,2,7,5,6
FLT002666,BOG,MIA,BOG,A350,2023-07-31,Alta_Invierno,2,8,4,4
FLT002667,SCL,GRU,SCL,B737,2022-08-28,Alta_Invierno,2,5,4,
FLT002668,GRU,MAD,GRU,A350,2023-07-02,Alta_Invierno,2,8,4,2
FLT002669,GRU,MIA,GRU,B737,2024-12-28,Alta_Verano,2,5,8,10
FLT002670,BOG,MAD,BOG,A320,2024-07-10,Alta_Invierno,2,4,3,12
FLT002671,LIM,MIA,LIM,B787,2023-02-23,Alta_Verano,2,8,4,
FLT002672,LIM,MIA,LIM,A320,2024-08-25,Alta_Invierno,2,5,6,4
FLT002673,SCL,JFK,SCL,B737,2023-02-25,Alta_Verano,2,5,6,4
FLT002674,SCL,MAD,SCL,B737,2022-09-11,Baja,2,4,8,12
FLT002675,SCL,BOG,SCL,A320,2022-12-27,Alta_Verano,2,6,6,3
FLT002676,EZE,GRU,EZE,B767,2023-01-11,Alta_Verano,2,6,5,3
FLT002677,SCL,BOG,SCL,A320,2024-12-01,Alta_Verano,2,4,4,9
FLT002678,GRU,MAD,GRU,B767,2022-07-11,Alta_Invierno,2,6,4,14
FLT002679,EZE,GRU,EZE,B737,2024-07-09,Alta_Invierno,2,5,7,2
FLT002680,GRU,MAD,GRU,A320,2023-07-25,Alta_Invierno,2,4,4,13
FLT002681,GRU,MIA,GRU,B737,2023-03-04,Baja,2,4,3,12
FLT002682,SCL,MAD,SCL,B787,2023-06-12,Alta_Invierno,2,9,6,6
FLT002683,SCL,EZE,SCL,A320,2023-07-02,Alta_Invierno,2,4,4,5
FLT002684,SCL,MAD,SCL,B787,2024-02-08,Alta_Verano,2,9,3,8
FLT002685,BOG,MIA,BOG,B767,2024-09-22,Baja,2,6,3,9
FLT002686,SCL,MIA,SCL,B737,2023-11-20,Baja,2,6,5,2
FLT002687,SCL,MIA,SCL,A350,2022-12-31,Alta_Verano,2,11,8,5
FLT002688,SCL,JFK,SCL,B737,2022-02-06,Alta_Verano,2,6,5,9
FLT002689,SCL,MIA,SCL,B787,2022-02-16,Alta_Verano,2,10,3,3
FLT002690,SCL,EZE,SCL,A350,2023-01-22,Alta_Verano,2,12,4,4
FLT002691,SCL,MAD,SCL,A350,2024-07-24,Alta_Invierno,2,11,5,6
FLT002692,SCL,MIA,SCL,B737,2022-10-30,Baja,2,6,8,6
FLT002693,SCL,GRU,SCL,A320,2022-07-13,Alta_Invierno,2,4,6,12
FLT002694,LIM,MIA,LIM,A350,2023-01-29,Alta_Verano,2,11,7,4
FLT002695,SCL,MIA,SCL,B767,2024-08-21,Alta_Invierno,2,6,6,14
FLT002696,SCL,EZE,SCL,B787,2024-11-08,Baja,2,8,7,4
FLT002697,SCL,JFK,SCL,B787,2024-08-15,Alta_Invierno,2,8,4,2
FLT002698,LIM,BOG,LIM,B737,2024-07-25,Alta_Invierno,2,4,8,2
FLT002699,SCL,EZE,SCL,B767,2022-07-14,Alta_Invierno,2,6,8,7
FLT002700,SCL,EZE,SCL,A320,2022-11-23,Baja,2,5,6,5
FLT002701,SCL,LIM,SCL,B737,2022-12-01,Alta_Verano,2,4,4,5
FLT002702,SCL,GRU,SCL,A350,2024-10-03,Baja,2,8,8,8
FLT002703,SCL,JFK,SCL,B737,2024-03-27,Baja,2,5,3,6
FLT002704,BOG,MAD,BOG,A350,2023-07-08,Alta_Invierno,2,12,4,2
FLT002705,LIM,BOG,LIM,B767,2024-01-29,Alta_Verano,2,8,4,5
FLT002706,LIM,MIA,LIM,B787,2024-02-01,Alta_Verano,2,10,4,7
FLT002707,LIM,BOG,LIM,A350,2023-01-29,Alta_Verano,2,10,8,3
FLT002708,SCL,EZE,SCL,B737,2022-06-23,Alta_Invierno,2,6,6,3
FLT002709,EZE,GRU,EZE,B767,2023-05-26,Baja,2,6,4,2
FLT002710,GRU,MIA,GRU,B767,2024-10-24,Baja,2,6,6,14
FLT002711,BOG,MIA,BOG,A320,2024-05-25,Baja,2,5,7,12
FLT002712,SCL,JFK,SCL,B787,2024-01-11,Alta_Verano,2,8,7,10
FLT002713,SCL,JFK,SCL,A320,2024-11-02,Baja,2,4,6,2
FLT002714,SCL,EZE,SCL,B737,2023-12-04,Alta_Verano,2,6,3,5
FLT002715,SCL,GRU,SCL,B767,2022-01-23,Alta_Verano,2,7,3,2
FLT002716,SCL,EZE,SCL,B737,2024-12-09,Alta_Verano,2,4,4,7
FLT002717,SCL,MAD,SCL,A320,2024-04-07,Baja,2,5,8,13
FLT002718,SCL,JFK,SCL,B737,2024-12-28,Alta_Verano,2,5,6,3
FLT002719,LIM,MIA,LIM,B767,2023-10-15,Baja,2,8,6,5
FLT002720,GRU,MAD,GRU,B737,2022-11-06,Baja,2,6,8,13
FLT002721,SCL,GRU,SCL,A320,2023-01-03,Alta_Verano,2,6,4,14
FLT002722,LIM,BOG,LIM,B737,2023-12-15,Alta_Verano,2,6,8,14
FLT002723,GRU,MAD,GRU,A350,2023-01-11,Alta_Verano,2,9,8,
FLT002724,LIM,GRU,LIM,B737,2024-07-13,Alta_Invierno,2,6,6,4
FLT002725,GRU,MAD,GRU,A320,2023-09-18,Baja,2,5,5,7
FLT002726,GRU,MIA,GRU,B767,2023-03-22,Baja,2,7,4,13
FLT002727,SCL,MAD,SCL,B737,2022-07-26,Alta_Invierno,2,4,4,11
FLT002728,SCL,MAD,SCL,B737,2023-02-08,Alta_Verano,2,4,8,12
FLT002729,LIM,GRU,LIM,A320,2022-07-10,Alta_Invierno,2,4,3,8
FLT002730,SCL,MIA,SCL,B737,2022-09-14,Baja,2,4,3,2
FLT002731,BOG,MAD,BOG,A350,2024-05-16,Baja,2,10,4,14
FLT002732,EZE,GRU,EZE,A320,2023-08-19,Alta_Invierno,2,4,8,2
FLT002733,SCL,MIA,SCL,B767,2022-08-17,Alta_Invierno,2,8,6,2
FLT002734,SCL,BOG,SCL,B737,2024-01-24,Alta_Verano,2,6,8,13
FLT002735,LIM,MIA,LIM,A320,2023-03-03,Baja,2,5,4,4
FLT002736,BOG,MIA,BOG,A350,2022-01-10,Alta_Verano,2,10,3,9
FLT002737,SCL,LIM,SCL,B737,2024-11-16,Baja,2,6,7,5
FLT002738,SCL,GRU,SCL,B767,2024-06-26,Alta_Invierno,2,7,4,4
FLT002739,SCL,GRU,SCL,B767,2022-07-31,Alta_Invierno,2,7,6,11
FLT002740,LIM,BOG,LIM,A320,2022-10-27,Baja,2,6,4,
FLT002741,SCL,LIM,SCL,A320,2024-08-31,Alta_Invierno,2,4,7,3
FLT002742,SCL,GRU,SCL,B737,2023-10-28,Baja,2,5,6,
FLT002743,SCL,EZE,SCL,B737,2024-07-01,Alta_Invierno,2,6,4,13
FLT002744,SCL,LIM,SCL,B787,2023-05-05,Baja,2,10,7,3
FLT002745,GRU,MAD,GRU,A320,2022-02-22,Alta_Verano,2,6,5,8
FLT002746,SCL,MAD,SCL,A320,2022-01-17,Alta_Verano,2,6,6,4
FLT002747,GRU,MIA,GRU,B737,2024-10-02,Baja,2,4,3,5
FLT002748,LIM,GRU,LIM,B767,2024-01-28,Alta_Verano,2,8,8,2
FLT002749,SCL,JFK,SCL,B737,2023-09-30,Baja,2,6,3,11
FLT002750,BOG,MIA,BOG,B737,2024-03-21,Baja,2,6,8,3
FLT002751,SCL,BOG,SCL,A320,2023-01-22,Alta_Verano,2,6,8,3
FLT002752,LIM,MIA,LIM,B787,2022-07-29,Alta_Invierno,2,8,7,12
FLT002753,SCL,BOG,SCL,B737,2024-10-31,Baja,2,5,5,6
FLT002754,SCL,LIM,SCL,B787,2024-07-10,Alta_Invierno,2,10,5,14
FLT002755,BOG,MIA,BOG,A350,2022-07-01,Alta_Invierno,2,9,5,3
FLT002756,EZE,GRU,EZE,B767,2022-10-01,Baja,2,8,8,8
FLT002757,GRU,MAD,GRU,A320,2024-02-02,Alta_Verano,2,5,3,5
FLT002758,SCL,BOG,SCL,B767,2024-08-16,Alta_Invierno,2,6,3,2
FLT002759,LIM,BOG,LIM,B737,2023-01-26,Alta_Verano,2,5,8,7
FLT002760,EZE,GRU,EZE,B737,2024-09-15,Baja,2,5,8,4
FLT002761,SCL,BOG,SCL,B737,2022-01-16,Alta_Verano,2,6,6,13
FLT002762,LIM,BOG,LIM,A320,2024-03-23,Baja,2,4,8,
FLT002763,EZE,GRU,EZE,B767,2024-06-09,Alta_Invierno,2,7,5,3
FLT002764,GRU,MAD,GRU,B787,2023-05-24,Baja,2,10,6,3
FLT002765,SCL,BOG,SCL,B787,2022-01-10,Alta_Verano,2,9,6,4
FLT002766,LIM,BOG,LIM,B787,2022-06-13,Alta_Invierno,2,9,6,8
FLT002767,BOG,MIA,BOG,B767,2024-11-27,Baja,2,8,8,11
FLT002768,EZE,GRU,EZE,A320,2024-11-01,Baja,2,4,3,12
FLT002769,SCL,BOG,SCL,B787,2024-06-06,Alta_Invierno,2,8,3,2
FLT002770,SCL,EZE,SCL,B787,2023-07-07,Alta_Invierno,2,10,5,3
FLT002771,SCL,LIM,SCL,A320,2024-09-06,Baja,2,5,7,11
FLT002772,SCL,BOG,SCL,B767,2022-07-25,Alta_Invierno,2,6,3,2
FLT002773,SCL,MAD,SCL,A320,2023-07-13,Alta_Invierno,2,5,3,5
FLT002774,SCL,BOG,SCL,B787,2022-07-05,Alta_Invierno,2,11,8,2
FLT002775,SCL,BOG,SCL,B737,2023-01-05,Alta_Verano,2,5,3,11
FLT002776,SCL,LIM,SCL,A320,2023-07-17,Alta_Invierno,2,5,4,14
FLT002777,EZE,GRU,EZE,B787,2023-07-13,Alta_Invierno,2,8,8,
FLT002778,SCL,MAD,SCL,B767,2022-10-09,Baja,2,7,5,5
FLT002779,GRU,MAD,GRU,B767,2023-08-18,Alta_Invierno,2,8,6,3
FLT002780,SCL,MIA,SCL,B737,2023-08-07,Alta_Invierno,2,5,6,11
FLT002781,SCL,JFK,SCL,B737,2023-08-03,Alta_Invierno,2,5,5,
FLT002782,LIM,MIA,LIM,B737,2023-05-25,Baja,2,5,8,5
FLT002783,BOG,MIA,BOG,A320,2024-09-12,Baja,2,5,3,12
FLT002784,SCL,MIA,SCL,B737,2024-01-30,Alta_Verano,2,5,5,12
FLT002785,LIM,BOG,LIM,B737,2024-01-04,Alta_Verano,2,6,6,3
FLT002786,BOG,MAD,BOG,A320,2024-06-11,Alta_Invierno,2,6,6,4
FLT002787,LIM,BOG,LIM,A350,2022-12-16,Alta_Verano,2,9,4,4
FLT002788,BOG,MAD,BOG,B737,2022-07-23,Alta_Invierno,2,5,5,4
FLT002789,SCL,LIM,SCL,B787,2024-09-19,Baja,2,10,3,9
FLT002790,SCL,GRU,SCL,A320,2024-11-25,Baja,2,6,4,5
FLT002791,SCL,MIA,SCL,B787,2024-01-23,Alta_Verano,2,8,7,2
FLT002792,BOG,MIA,BOG,A350,2023-01-21,Alta_Verano,2,9,4,11
FLT002793,SCL,GRU,SCL,A320,2022-06-04,Alta_Invierno,2,6,7,7
FLT002794,GRU,MIA,GRU,A350,2023-12-23,Alta_Verano,2,11,7,2
FLT002795,BOG,MAD,BOG,B767,2023-01-31,Alta_Verano,2,8,6,8
FLT002796,BOG,MIA,BOG,B737,2023-04-11,Baja,2,4,4,2
FLT002797,EZE,GRU,EZE,B767,2022-03-26,Baja,2,6,6,7
FLT002798,LIM,GRU,LIM,A350,2024-10-29,Baja,2,8,3,
FLT002799,SCL,GRU,SCL,B737,2023-01-05,Alta_Verano,2,5,6,12
FLT002800,BOG,MAD,BOG,A350,2024-02-18,Alta_Verano,2,8,7,2
FLT002801,SCL,MIA,SCL,B787,2023-09-21,Baja,2,9,4,9
FLT002802,SCL,JFK,SCL,B787,2024-09-30,Baja,2,9,5,5
FLT002803,SCL,MIA,SCL,A350,2023-03-05,Baja,2,11,8,11
FLT002804,EZE,GRU,EZE,A320,2023-09-11,Baja,2,5,5,3
FLT002805,SCL,JFK,SCL,B767,2022-08-01,Alta_Invierno,2,8,3,2
FLT002806,SCL,BOG,SCL,A320,2022-12-06,Alta_Verano,2,6,3,4
FLT002807,SCL,MIA,SCL,B737,2023-11-30,Baja,2,5,8,14
FLT002808,SCL,BOG,SCL,B737,2024-09-29,Baja,2,6,8,14
FLT002809,EZE,GRU,EZE,A320,2022-08-10,Alta_Invierno,2,4,3,3
FLT002810,LIM,GRU,LIM,B767,2023-10-21,Baja,2,8,8,11
FLT002811,SCL,BOG,SCL,B737,2022-07-04,Alta_Invierno,2,6,6,10
FLT002812,BOG,MAD,BOG,B787,2023-07-05,Alta_Invierno,2,10,3,
FLT002813,SCL,LIM,SCL,B737,2024-08-07,Alta_Invierno,2,5,8,5
FLT002814,SCL,EZE,SCL,A320,2022-06-27,Alta_Invierno,2,4,7,2
FLT002815,BOG,MIA,BOG,B737,2024-01-19,Alta_Verano,2,5,5,10
FLT002816,BOG,MIA,BOG,A320,2023-07-25,Alta_Invierno,2,4,4,6
FLT002817,GRU,MIA,GRU,B787,2023-07-24,Alta_Invierno,2,11,4,4
FLT002818,LIM,BOG,LIM,B737,2022-05-14,Baja,2,6,8,4
FLT002819,GRU,MIA,GRU,A350,2023-04-30,Baja,2,10,4,3
FLT002820,GRU,MIA,GRU,A320,2022-07-07,Alta_Invierno,2,4,3,5
FLT002821,EZE,GRU,EZE,A320,2022-01-30,Alta_Verano,2,5,6,4
FLT002822,GRU,MIA,GRU,A320,2024-01-22,Alta_Verano,2,6,4,13
FLT002823,SCL,MAD,SCL,B767,2024-05-02,Baja,2,8,3,6
FLT002824,SCL,LIM,SCL,B737,2024-09-22,Baja,2,5,3,2
FLT002825,GRU,MAD,GRU,A350,2023-04-25,Baja,2,9,3,2
FLT002826,BOG,MIA,BOG,B737,2023-12-15,Alta_Verano,2,5,4,3
FLT002827,SCL,EZE,SCL,B767,2023-07-30,Alta_Invierno,2,6,8,9
FLT002828,SCL,LIM,SCL,B737,2023-01-25,Alta_Verano,2,6,7,3
FLT002829,LIM,MIA,LIM,B787,2024-02-06,Alta_Verano,2,12,8,5
FLT002830,SCL,MIA,SCL,B787,2023-01-16,Alta_Verano,2,12,4,12
FLT002831,BOG,MIA,BOG,B737,2022-05-08,Baja,2,4,6,2
FLT002832,LIM,MIA,LIM,B767,2023-03-23,Baja,2,7,5,4
FLT002833,LIM,GRU,LIM,B737,2023-02-27,Alta_Verano,2,6,5,5
FLT002834,SCL,MIA,SCL,B737,2023-10-21,Baja,2,6,5,11
FLT002835,LIM,MIA,LIM,A320,2024-01-24,Alta_Verano,2,6,4,3
FLT002836,SCL,MAD,SCL,B787,2022-07-05,Alta_Invierno,2,8,7,9
FLT002837,LIM,BOG,LIM,B737,2023-01-16,Alta_Verano,2,4,5,8
FLT002838,SCL,MIA,SCL,B767,2024-08-29,Alta_Invierno,2,7,6,13
FLT002839,LIM,MIA,LIM,B737,2024-01-15,Alta_Verano,2,5,6,11
FLT002840,EZE,GRU,EZE,B737,2024-07-03,Alta_Invierno,2,5,4,7
FLT002841,LIM,MIA,LIM,A320,2024-11-29,Baja,2,5,7,12
FLT002842,SCL,JFK,SCL,B737,2024-01-16,Alta_Verano,2,4,6,5
FLT002843,SCL,LIM,SCL,B767,2023-09-26,Baja,2,8,8,10
FLT002844,EZE,GRU,EZE,B787,2024-09-06,Baja,2,11,4,3
FLT002845,GRU,MAD,GRU,A320,2022-01-05,Alta_Verano,2,6,8,3
FLT002846,BOG,MIA,BOG,B737,2024-07-21,Alta_Invierno,2,6,4,13
FLT002847,SCL,EZE,SCL,B767,2022-01-14,Alta_Verano,2,6,6,10
FLT002848,GRU,MIA,GRU,B767,2023-01-02,Alta_Verano,2,7,6,2
FLT002849,BOG,MAD,BOG,B787,2023-10-12,Baja,2,10,8,5
FLT002850,EZE,GRU,EZE,B767,2024-06-30,Alta_Invierno,2,7,4,3
FLT002851,SCL,BOG,SCL,B737,2024-08-06,Alta_Invierno,2,4,4,10
FLT002852,GRU,MAD,GRU,B767,2024-02-13,Alta_Verano,2,8,4,4
FLT002853,GRU,MIA,GRU,A350,2023-05-20,Baja,2,12,7,9
FLT002854,BOG,MAD,BOG,B737,2022-12-30,Alta_Verano,2,5,4,8
FLT002855,LIM,GRU,LIM,B737,2024-01-10,Alta_Verano,2,5,5,3
FLT002856,GRU,MAD,GRU,A320,2023-01-05,Alta_Verano,2,4,7,4
FLT002857,EZE,GRU,EZE,B737,2024-01-07,Alta_Verano,2,5,4,14
FLT002858,SCL,JFK,SCL,B787,2022-01-16,Alta_Verano,2,8,6,5
FLT002859,SCL,GRU,SCL,B787,2024-01-25,Alta_Verano,2,10,7,4
FLT002860,SCL,GRU,SCL,B767,2024-04-13,Baja,2,7,3,11
FLT002861,SCL,MAD,SCL,A320,2022-10-09,Baja,2,4,4,4
FLT002862,SCL,JFK,SCL,B767,2024-01-10,Alta_Verano,2,6,7,2
FLT002863,GRU,MIA,GRU,A350,2023-12-28,Alta_Verano,2,12,4,4
FLT002864,SCL,LIM,SCL,A320,2023-07-20,Alta_Invierno,2,6,5,4
FLT002865,SCL,LIM,SCL,B767,2023-04-11,Baja,2,8,7,14
FLT002866,SCL,MAD,SCL,B737,2023-02-14,Alta_Verano,2,4,3,3
FLT002867,GRU,MAD,GRU,B787,2023-01-24,Alta_Verano,2,10,3,5
FLT002868,LIM,BOG,LIM,B737,2023-05-01,Baja,2,4,7,3
FLT002869,SCL,LIM,SCL,B737,2022-07-17,Alta_Invierno,2,6,6,3
FLT002870,EZE,GRU,EZE,B737,2023-02-25,Alta_Verano,2,6,5,4
FLT002871,EZE,GRU,EZE,B767,2024-01-28,Alta_Verano,2,6,3,9
FLT002872,BOG,MAD,BOG,A320,2024-01-31,Alta_Verano,2,4,8,14
FLT002873,BOG,MIA,BOG,B787,2023-07-24,Alta_Invierno,2,8,5,4
FLT002874,SCL,BOG,SCL,B767,2024-08-17,Alta_Invierno,2,6,4,3
FLT002875,SCL,LIM,SCL,B767,2024-01-27,Alta_Verano,2,6,3,12
FLT002876,SCL,GRU,SCL,B767,2024-08-20,Alta_Invierno,2,6,3,3
FLT002877,GRU,MIA,GRU,B767,2024-07-19,Alta_Invierno,2,7,4,12
FLT002878,LIM,MIA,LIM,A350,2023-07-22,Alta_Invierno,2,10,8,13
FLT002879,SCL,JFK,SCL,A350,2024-01-12,Alta_Verano,2,8,5,5
FLT002880,GRU,MAD,GRU,A320,2024-10-10,Baja,2,5,7,4
FLT002881,BOG,MAD,BOG,A320,2022-10-29,Baja,2,5,5,5
FLT002882,LIM,BOG,LIM,A320,2022-12-12,Alta_Verano,2,5,7,11
FLT002883,SCL,EZE,SCL,B737,2024-01-20,Alta_Verano,2,4,8,13
FLT002884,SCL,LIM,SCL,A320,2023-01-07,Alta_Verano,2,5,4,5
FLT002885,LIM,BOG,LIM,B767,2022-12-12,Alta_Verano,2,8,8,10
FLT002886,SCL,BOG,SCL,B767,2024-05-11,Baja,2,6,7,14
FLT002887,GRU,MIA,GRU,A320,2024-11-05,Baja,2,6,5,5
FLT002888,GRU,MAD,GRU,B737,2022-12-02,Alta_Verano,2,5,3,4
FLT002889,BOG,MIA,BOG,A320,2024-07-30,Alta_Invierno,2,6,3,6
FLT002890,SCL,GRU,SCL,B787,2022-10-16,Baja,2,11,3,3
FLT002891,EZE,GRU,EZE,B737,2024-11-25,Baja,2,4,7,14
FLT002892,SCL,EZE,SCL,B737,2022-07-08,Alta_Invierno,2,5,5,5
FLT002893,SCL,GRU,SCL,A320,2022-07-15,Alta_Invierno,2,4,5,3
FLT002894,GRU,MIA,GRU,B737,2024-07-25,Alta_Invierno,2,6,7,2
FLT002895,SCL,JFK,SCL,B737,2022-01-08,Alta_Verano,2,6,4,4
FLT002896,SCL,GRU,SCL,A320,2024-09-16,Baja,2,5,5,6
FLT002897,SCL,MAD,SCL,B737,2022-11-22,Baja,2,6,8,14
FLT002898,BOG,MAD,BOG,B767,2022-03-13,Baja,2,8,4,3
FLT002899,SCL,LIM,SCL,A320,2024-05-22,Baja,2,5,5,5
FLT002900,BOG,MAD,BOG,B787,2022-07-02,Alta_Invierno,2,9,5,5
FLT002901,BOG,MAD,BOG,A320,2023-05-03,Baja,2,6,5,11
FLT002902,SCL,GRU,SCL,A320,2024-03-16,Baja,2,5,8,2
FLT002903,SCL,JFK,SCL,A320,2022-09-17,Baja,2,4,4,4
FLT002904,SCL,JFK,SCL,B767,2023-10-18,Baja,2,6,4,5
FLT002905,EZE,GRU,EZE,B737,2024-01-21,Alta_Verano,2,5,8,11
FLT002906,LIM,BOG,LIM,B737,2024-05-21,Baja,2,4,6,2
FLT002907,GRU,MAD,GRU,B787,2022-07-06,Alta_Invierno,2,9,5,5
FLT002908,SCL,MIA,SCL,A320,2023-03-27,Baja,2,4,6,13
FLT002909,SCL,JFK,SCL,B767,2022-07-06,Alta_Invierno,2,6,8,4
FLT002910,GRU,MAD,GRU,B787,2023-06-19,Alta_Invierno,2,10,6,9
FLT002911,SCL,MAD,SCL,B767,2023-01-18,Alta_Verano,2,7,8,2
FLT002912,LIM,MIA,LIM,B767,2024-02-25,Alta_Verano,2,7,8,4
FLT002913,LIM,BOG,LIM,B737,2022-07-16,Alta_Invierno,2,6,3,4
FLT002914,LIM,GRU,LIM,B737,2022-02-28,Alta_Verano,2,5,5,8
FLT002915,BOG,MIA,BOG,A350,2024-11-19,Baja,2,11,7,3
FLT002916,BOG,MIA,BOG,B787,2022-01-12,Alta_Verano,2,8,8,3
FLT002917,LIM,BOG,LIM,B737,2024-07-01,Alta_Invierno,2,6,3,5
FLT002918,SCL,BOG,SCL,B767,2023-01-02,Alta_Verano,2,7,6,2
FLT002919,LIM,MIA,LIM,A320,2022-09-29,Baja,2,5,8,12
FLT002920,SCL,BOG,SCL,B787,2022-07-21,Alta_Invierno,2,10,7,4
FLT002921,SCL,MIA,SCL,B737,2023-08-26,Alta_Invierno,2,6,5,11
FLT002922,LIM,GRU,LIM,B737,2024-07-30,Alta_Invierno,2,4,7,11
FLT002923,GRU,MAD,GRU,B737,2022-01-23,Alta_Verano,2,4,5,3
FLT002924,SCL,GRU,SCL,A320,2024-07-29,Alta_Invierno,2,6,5,9
FLT002925,SCL,MIA,SCL,A350,2023-01-14,Alta_Verano,2,8,8,9
FLT002926,GRU,MAD,GRU,B787,2024-07-16,Alta_Invierno,2,11,7,3
FLT002927,GRU,MIA,GRU,B787,2023-06-26,Alta_Invierno,2,8,3,13
FLT002928,SCL,JFK,SCL,B737,2024-06-13,Alta_Invierno,2,6,8,5
FLT002929,LIM,MIA,LIM,B737,2024-01-08,Alta_Verano,2,4,7,2
FLT002930,SCL,LIM,SCL,B787,2022-07-02,Alta_Invierno,2,10,3,8
FLT002931,BOG,MAD,BOG,A320,2024-01-11,Alta_Verano,2,4,5,2
FLT002932,SCL,EZE,SCL,B737,2022-02-18,Alta_Verano,2,5,4,10
FLT002933,GRU,MAD,GRU,B737,2024-07-02,Alta_Invierno,2,5,8,6
FLT002934,SCL,JFK,SCL,B737,2022-08-18,Alta_Invierno,2,4,8,2
FLT002935,BOG,MIA,BOG,B737,2022-07-01,Alta_Invierno,2,4,3,5
FLT002936,SCL,EZE,SCL,A320,2023-03-26,Baja,2,6,7,5
FLT002937,GRU,MIA,GRU,A320,2023-05-05,Baja,2,4,5,2
FLT002938,SCL,MIA,SCL,A320,2022-07-10,Alta_Invierno,2,5,5,7
FLT002939,SCL,LIM,SCL,B767,2022-10-24,Baja,2,8,3,3
FLT002940,SCL,LIM,SCL,A350,2024-01-28,Alta_Verano,2,8,6,6
FLT002941,GRU,MAD,GRU,B767,2023-05-26,Baja,2,7,5,12
FLT002942,LIM,BOG,LIM,B737,2022-06-13,Alta_Invierno,2,6,5,2
FLT002943,LIM,BOG,LIM,A320,2022-01-27,Alta_Verano,2,6,4,2
FLT002944,GRU,MIA,GRU,B737,2024-01-29,Alta_Verano,2,4,3,3
FLT002945,SCL,LIM,SCL,B737,2022-01-12,Alta_Verano,2,6,7,4
FLT002946,BOG,MIA,BOG,A350,2023-03-16,Baja,2,11,7,2
FLT002947,LIM,MIA,LIM,B737,2024-10-12,Baja,2,4,5,5
FLT002948,LIM,GRU,LIM,A350,2024-02-29,Alta_Verano,2,8,7,10
FLT002949,BOG,MIA,BOG,A320,2024-01-05,Alta_Verano,2,5,7,12
FLT002950,SCL,GRU,SCL,A320,2023-01-14,Alta_Verano,2,4,3,3
FLT002951,SCL,LIM,SCL,A320,2024-03-05,Baja,2,4,7,11
FLT002952,SCL,GRU,SCL,B737,2023-01-16,Alta_Verano,2,4,8,11
FLT002953,SCL,MIA,SCL,B767,2024-02-17,Alta_Verano,2,8,8,3
FLT002954,EZE,GRU,EZE,B737,2023-11-09,Baja,2,5,7,2
FLT002955,BOG,MIA,BOG,B787,2023-01-17,Alta_Verano,2,9,4,6
FLT002956,LIM,GRU,LIM,B787,2023-07-15,Alta_Invierno,2,12,7,5
FLT002957,EZE,GRU,EZE,B737,2023-01-04,Alta_Verano,2,5,4,6
FLT002958,EZE,GRU,EZE,B737,2022-02-20,Alta_Verano,2,4,7,10
FLT002959,EZE,GRU,EZE,A320,2023-01-10,Alta_Verano,2,5,3,8
FLT002960,SCL,EZE,SCL,B767,2023-09-09,Baja,2,6,5,12
FLT002961,EZE,GRU,EZE,A320,2024-07-13,Alta_Invierno,2,4,8,7
FLT002962,LIM,GRU,LIM,B767,2023-03-03,Baja,2,8,4,8
FLT002963,SCL,GRU,SCL,A350,2024-10-23,Baja,2,9,6,10
FLT002964,GRU,MAD,GRU,A320,2023-08-16,Alta_Invierno,2,4,8,9
FLT002965,GRU,MIA,GRU,A320,2023-01-05,Alta_Verano,2,4,3,2
FLT002966,BOG,MIA,BOG,B737,2022-01-01,Alta_Verano,2,5,5,5
FLT002967,LIM,MIA,LIM,B787,2022-11-24,Baja,2,9,3,11
FLT002968,SCL,JFK,SCL,B737,2023-08-07,Alta_Invierno,2,6,5,3
FLT002969,BOG,MIA,BOG,B737,2024-01-02,Alta_Verano,2,6,3,9
FLT002970,LIM,GRU,LIM,B737,2023-01-21,Alta_Verano,2,4,5,6
FLT002971,SCL,MAD,SCL,A320,2024-08-25,Alta_Invierno,2,6,4,3
FLT002972,LIM,MIA,LIM,B737,2024-07-06,Alta_Invierno,2,4,4,13
FLT002973,SCL,JFK,SCL,B737,2023-03-23,Baja,2,5,3,6
FLT002974,SCL,GRU,SCL,B737,2022-10-24,Baja,2,4,5,10
FLT002975,GRU,MIA,GRU,B737,2024-01-25,Alta_Verano,2,6,5,11
FLT002976,SCL,BOG,SCL,B737,2023-06-25,Alta_Invierno,2,4,6,5
FLT002977,SCL,GRU,SCL,B737,2022-11-21,Baja,2,5,8,3
FLT002978,SCL,LIM,SCL,A320,2022-08-16,Alta_Invierno,2,5,4,5
FLT002979,SCL,MAD,SCL,A350,2023-01-31,Alta_Verano,2,11,7,5
FLT002980,SCL,BOG,SCL,A320,2022-07-28,Alta_Invierno,2,4,5,11
FLT002981,LIM,BOG,LIM,A350,2022-04-22,Baja,2,11,4,8
FLT002982,SCL,MIA,SCL,A320,2022-09-06,Baja,2,4,4,11
FLT002983,SCL,EZE,SCL,A350,2024-07-20,Alta_Invierno,2,11,7,10
FLT002984,LIM,GRU,LIM,A350,2024-07-26,Alta_Invierno,2,10,3,4
FLT002985,GRU,MIA,GRU,B767,2024-07-17,Alta_Invierno,2,8,7,6
FLT002986,EZE,GRU,EZE,A320,2023-09-07,Baja,2,5,5,14
FLT002987,LIM,BOG,LIM,B737,2023-05-21,Baja,2,5,8,9
FLT002988,LIM,BOG,LIM,B767,2022-10-17,Baja,2,7,7,2
FLT002989,EZE,GRU,EZE,A350,2022-01-12,Alta_Verano,2,9,3,
FLT002990,SCL,BOG,SCL,A320,2023-07-19,Alta_Invierno,2,5,5,2
FLT002991,BOG,MAD,BOG,B737,2022-07-30,Alta_Invierno,2,4,3,11
FLT002992,LIM,MIA,LIM,B737,2024-06-04,Alta_Invierno,2,4,3,6
FLT002993,BOG,MAD,BOG,B737,2022-09-26,Baja,2,6,8,12
FLT002994,SCL,GRU,SCL,B767,2024-09-03,Baja,2,6,5,2
FLT002995,LIM,GRU,LIM,A350,2022-01-10,Alta_Verano,2,12,3,3
FLT002996,SCL,BOG,SCL,A320,2022-07-27,Alta_Invierno,2,4,8,11
FLT002997,SCL,LIM,SCL,A320,2023-08-19,Alta_Invierno,2,4,7,2
FLT002998,BOG,MIA,BOG,A320,2024-07-15,Alta_Invierno,2,5,7,5
FLT002999,GRU,MIA,GRU,B737,2023-01-14,Alta_Verano,2,5,5,7
FLT003000,GRU,MIA,GRU,B737,2023-02-11,Alta_Verano,2,5,5,13
FLT003001,LIM,MIA,LIM,B737,2024-01-21,Alta_Verano,2,6,7,5
FLT003002,SCL,BOG,SCL,A320,2023-10-25,Baja,2,6,6,6
FLT003003,EZE,GRU,EZE,B737,2022-04-20,Baja,2,6,3,5
FLT003004,GRU,MAD,GRU,A320,2023-09-21,Baja,2,4,7,14
FLT003005,BOG,MAD,BOG,B787,2024-10-28,Baja,2,12,4,4
FLT003006,SCL,MAD,SCL,A320,2024-11-26,Baja,2,4,4,13
FLT003007,SCL,MIA,SCL,A320,2023-08-16,Alta_Invierno,2,4,3,13
FLT003008,GRU,MIA,GRU,A320,2022-07-26,Alta_Invierno,2,6,7,3
FLT003009,GRU,MIA,GRU,B787,2022-10-16,Baja,2,12,4,10
FLT003010,BOG,MIA,BOG,A320,2023-07-23,Alta_Invierno,2,4,8,12
FLT003011,LIM,MIA,LIM,B737,2022-01-18,Alta_Verano,2,6,7,12
FLT003012,BOG,MIA,BOG,A320,2022-07-14,Alta_Invierno,2,4,4,9
FLT003013,SCL,JFK,SCL,B787,2023-07-23,Alta_Invierno,2,8,7,5
FLT003014,LIM,MIA,LIM,A320,2024-02-14,Alta_Verano,2,4,3,4
FLT003015,SCL,GRU,SCL,A320,2023-01-16,Alta_Verano,2,6,3,6
FLT003016,LIM,GRU,LIM,B737,2024-11-12,Baja,2,4,6,2
FLT003017,SCL,BOG,SCL,B737,2023-01-07,Alta_Verano,2,5,7,5
FLT003018,SCL,MIA,SCL,A320,2022-08-13,Alta_Invierno,2,4,3,8
FLT003019,SCL,MAD,SCL,A350,2022-07-28,Alta_Invierno,2,9,6,9
FLT003020,SCL,MAD,SCL,A350,2024-08-20,Alta_Invierno,2,11,5,5
FLT003021,LIM,GRU,LIM,B737,2024-08-01,Alta_Invierno,2,5,3,13
FLT003022,LIM,MIA,LIM,B787,2024-11-03,Baja,2,11,5,2
FLT003023,BOG,MAD,BOG,A320,2023-07-10,Alta_Invierno,2,6,5,3
FLT003024,SCL,LIM,SCL,A320,2022-06-28,Alta_Invierno,2,5,5,3
FLT003025,BOG,MIA,BOG,B737,2022-01-18,Alta_Verano,2,5,4,5
FLT003026,SCL,BOG,SCL,A320,2023-11-28,Baja,2,6,3,3
FLT003027,EZE,GRU,EZE,B787,2023-09-12,Baja,2,12,7,13
FLT003028,LIM,GRU,LIM,A320,2024-03-04,Baja,2,5,4,5
FLT003029,LIM,MIA,LIM,A320,2024-02-11,Alta_Verano,2,6,4,12
FLT003030,BOG,MAD,BOG,A350,2023-09-15,Baja,2,12,6,2
FLT003031,BOG,MAD,BOG,B767,2023-12-07,Alta_Verano,2,6,5,14
FLT003032,BOG,MIA,BOG,A350,2024-03-15,Baja,2,11,8,3
FLT003033,GRU,MAD,GRU,A320,2024-07-25,Alta_Invierno,2,6,8,3
FLT003034,SCL,EZE,SCL,B737,2024-01-21,Alta_Verano,2,5,5,2
FLT003035,BOG,MIA,BOG,B787,2022-05-04,Baja,2,12,3,6
FLT003036,SCL,MIA,SCL,B737,2024-02-18,Alta_Verano,2,6,3,7
FLT003037,SCL,JFK,SCL,A320,2022-07-28,Alta_Invierno,2,6,4,4
FLT003038,SCL,LIM,SCL,B737,2024-08-31,Alta_Invierno,2,6,8,4
FLT003039,EZE,GRU,EZE,B737,2022-01-12,Alta_Verano,2,6,8,3
FLT003040,SCL,BOG,SCL,A320,2022-04-18,Baja,2,6,6,3
FLT003041,LIM,GRU,LIM,A350,2023-06-30,Alta_Invierno,2,10,5,4
FLT003042,SCL,GRU,SCL,B737,2024-09-01,Baja,2,5,8,9
FLT003043,SCL,LIM,SCL,A350,2022-08-20,Alta_Invierno,2,12,6,6
FLT003044,SCL,MAD,SCL,B737,2023-07-25,Alta_Invierno,2,4,7,8
FLT003045,SCL,EZE,SCL,A350,2023-10-27,Baja,2,11,7,5
FLT003046,SCL,GRU,SCL,A320,2022-04-19,Baja,2,5,8,3
FLT003047,LIM,BOG,LIM,B737,2023-09-23,Baja,2,6,8,4
FLT003048,EZE,GRU,EZE,B737,2024-01-28,Alta_Verano,2,5,7,2
FLT003049,GRU,MIA,GRU,B767,2023-01-31,Alta_Verano,2,7,6,14
FLT003050,GRU,MAD,GRU,B737,2023-10-03,Baja,2,4,7,10
FLT003051,SCL,EZE,SCL,B737,2023-12-27,Alta_Verano,2,4,8,2
FLT003052,LIM,BOG,LIM,A320,2023-01-15,Alta_Verano,2,4,6,11
FLT003053,BOG,MIA,BOG,B787,2023-07-20,Alta_Invierno,2,9,8,5
FLT003054,SCL,LIM,SCL,B787,2023-11-12,Baja,2,10,7,10
FLT003055,GRU,MIA,GRU,B737,2022-06-29,Alta_Invierno,2,6,6,5
FLT003056,BOG,MIA,BOG,B767,2023-05-11,Baja,2,8,8,7
FLT003057,SCL,MIA,SCL,B737,2022-07-11,Alta_Invierno,2,4,5,5
FLT003058,SCL,MIA,SCL,B787,2022-06-23,Alta_Invierno,2,10,8,4
FLT003059,SCL,JFK,SCL,B737,2023-07-28,Alta_Invierno,2,5,6,9
FLT003060,SCL,LIM,SCL,A320,2024-07-04,Alta_Invierno,2,5,7,8
FLT003061,SCL,EZE,SCL,B737,2024-03-15,Baja,2,5,5,3
FLT003062,LIM,MIA,LIM,B737,2024-07-26,Alta_Invierno,2,6,5,2
FLT003063,SCL,BOG,SCL,B737,2023-02-11,Alta_Verano,2,6,3,5
FLT003064,SCL,JFK,SCL,A320,2023-07-09,Alta_Invierno,2,4,5,13
FLT003065,LIM,MIA,LIM,B737,2024-10-02,Baja,2,5,7,12
FLT003066,BOG,MAD,BOG,B737,2022-03-29,Baja,2,5,4,13
FLT003067,SCL,EZE,SCL,A320,2022-04-22,Baja,2,5,7,2
FLT003068,SCL,MIA,SCL,B767,2024-08-27,Alta_Invierno,2,8,4,4
FLT003069,SCL,GRU,SCL,A320,2024-11-07,Baja,2,4,7,4
FLT003070,EZE,GRU,EZE,A320,2024-05-21,Baja,2,5,7,10
FLT003071,LIM,MIA,LIM,B737,2024-05-08,Baja,2,6,7,10
FLT003072,EZE,GRU,EZE,B737,2024-07-25,Alta_Invierno,2,4,5,5
FLT003073,GRU,MIA,GRU,B787,2023-12-16,Alta_Verano,2,12,7,13
FLT003074,LIM,MIA,LIM,A320,2022-01-04,Alta_Verano,2,4,4,2
FLT003075,SCL,MIA,SCL,A320,2023-07-10,Alta_Invierno,2,4,8,4
FLT003076,LIM,GRU,LIM,B737,2023-07-31,Alta_Invierno,2,4,5,5
FLT003077,SCL,GRU,SCL,A350,2023-12-06,Alta_Verano,2,9,7,8
FLT003078,SCL,MAD,SCL,A320,2022-10-25,Baja,2,6,4,4
FLT003079,LIM,GRU,LIM,A320,2022-07-12,Alta_Invierno,2,6,5,3
FLT003080,SCL,LIM,SCL,A350,2022-06-21,Alta_Invierno,2,9,3,8
FLT003081,SCL,EZE,SCL,B767,2024-01-05,Alta_Verano,2,7,4,12
FLT003082,BOG,MIA,BOG,A320,2024-05-08,Baja,2,6,7,4
FLT003083,BOG,MIA,BOG,A320,2024-01-02,Alta_Verano,2,6,4,9
FLT003084,SCL,MAD,SCL,A320,2023-04-12,Baja,2,6,8,2
FLT003085,BOG,MAD,BOG,B767,2024-06-26,Alta_Invierno,2,8,3,5
FLT003086,LIM,BOG,LIM,A320,2023-03-03,Baja,2,6,6,13
FLT003087,LIM,GRU,LIM,B737,2024-12-07,Alta_Verano,2,6,5,14
FLT003088,SCL,JFK,SCL,B787,2024-04-02,Baja,2,12,8,14
FLT003089,SCL,JFK,SCL,A320,2022-07-26,Alta_Invierno,2,6,7,2
FLT003090,SCL,JFK,SCL,B737,2022-11-29,Baja,2,6,3,5
FLT003091,SCL,GRU,SCL,B767,2022-03-08,Baja,2,8,3,7
FLT003092,BOG,MAD,BOG,B737,2023-07-13,Alta_Invierno,2,5,5,7
FLT003093,LIM,BOG,LIM,B787,2022-08-11,Alta_Invierno,2,8,6,11
FLT003094,LIM,BOG,LIM,A320,2024-10-17,Baja,2,6,8,3
FLT003095,SCL,MAD,SCL,B737,2023-07-11,Alta_Invierno,2,5,8,10
FLT003096,LIM,MIA,LIM,B787,2023-09-02,Baja,2,10,7,12
FLT003097,LIM,GRU,LIM,B767,2023-07-08,Alta_Invierno,2,7,6,2
FLT003098,SCL,LIM,SCL,B737,2024-01-07,Alta_Verano,2,6,6,2
FLT003099,SCL,MIA,SCL,A320,2024-07-07,Alta_Invierno,2,4,4,9
FLT003100,GRU,MAD,GRU,B767,2024-01-08,Alta_Verano,2,6,6,2
FLT003101,GRU,MIA,GRU,B737,2024-01-26,Alta_Verano,2,6,8,5
FLT003102,BOG,MIA,BOG,B787,2024-09-15,Baja,2,9,3,10
FLT003103,BOG,MAD,BOG,B787,2022-06-24,Alta_Invierno,2,11,8,3
FLT003104,LIM,MIA,LIM,B737,2022-02-01,Alta_Verano,2,5,3,14
FLT003105,SCL,MIA,SCL,B737,2022-11-27,Baja,2,6,5,6
FLT003106,LIM,GRU,LIM,B737,2023-07-20,Alta_Invierno,2,4,4,9
FLT003107,LIM,BOG,LIM,A320,2022-01-08,Alta_Verano,2,6,4,4
FLT003108,SCL,EZE,SCL,B737,2024-06-27,Alta_Invierno,2,6,8,12
FLT003109,SCL,MIA,SCL,B737,2024-02-28,Alta_Verano,2,6,5,2
FLT003110,LIM,BOG,LIM,A350,2023-10-12,Baja,2,12,3,4
FLT003111,LIM,MIA,LIM,A320,2024-07-04,Alta_Invierno,2,4,5,2
FLT003112,SCL,BOG,SCL,A320,2023-01-05,Alta_Verano,2,6,4,10
FLT003113,SCL,MAD,SCL,B737,2023-11-04,Baja,2,6,4,
FLT003114,SCL,JFK,SCL,A350,2024-05-31,Baja,2,10,8,10
FLT003115,SCL,JFK,SCL,B737,2022-07-14,Alta_Invierno,2,5,6,4
FLT003116,SCL,GRU,SCL,B767,2022-09-12,Baja,2,8,5,5
FLT003117,SCL,MAD,SCL,B737,2023-10-31,Baja,2,5,4,4
FLT003118,SCL,LIM,SCL,A320,2023-01-23,Alta_Verano,2,5,8,14
FLT003119,EZE,GRU,EZE,B767,2024-01-16,Alta_Verano,2,8,5,3
FLT003120,BOG,MAD,BOG,B787,2022-01-14,Alta_Verano,2,12,5,11
FLT003121,SCL,EZE,SCL,B737,2022-05-21,Baja,2,4,3,4
FLT003122,BOG,MIA,BOG,A320,2022-11-22,Baja,2,4,5,5
FLT003123,EZE,GRU,EZE,B737,2023-01-15,Alta_Verano,2,6,3,6
FLT003124,SCL,BOG,SCL,A350,2023-04-07,Baja,2,9,5,4
FLT003125,BOG,MIA,BOG,B787,2023-06-09,Alta_Invierno,2,10,8,10
FLT003126,SCL,LIM,SCL,A320,2022-07-18,Alta_Invierno,2,4,3,4
FLT003127,SCL,EZE,SCL,B767,2022-11-01,Baja,2,6,7,3
FLT003128,SCL,GRU,SCL,A320,2022-02-07,Alta_Verano,2,5,4,5
FLT003129,SCL,GRU,SCL,A320,2024-05-18,Baja,2,6,3,2
FLT003130,SCL,MIA,SCL,A350,2024-04-15,Baja,2,11,4,7
FLT003131,SCL,EZE,SCL,B737,2022-11-17,Baja,2,6,6,11
FLT003132,SCL,GRU,SCL,A320,2024-05-07,Baja,2,4,4,4
FLT003133,EZE,GRU,EZE,A350,2023-01-23,Alta_Verano,2,8,6,4
FLT003134,SCL,GRU,SCL,B737,2022-01-19,Alta_Verano,2,5,8,6
FLT003135,SCL,JFK,SCL,B787,2022-04-19,Baja,2,8,3,
FLT003136,LIM,BOG,LIM,A320,2023-11-16,Baja,2,4,8,6
FLT003137,SCL,LIM,SCL,A320,2022-12-26,Alta_Verano,2,4,5,10
FLT003138,LIM,GRU,LIM,B737,2024-04-04,Baja,2,4,6,7
FLT003139,SCL,GRU,SCL,A320,2024-09-28,Baja,2,6,3,4
FLT003140,SCL,JFK,SCL,B737,2024-04-17,Baja,2,4,4,5
FLT003141,LIM,BOG,LIM,A350,2022-07-11,Alta_Invierno,2,9,7,9
FLT003142,SCL,JFK,SCL,B787,2023-10-03,Baja,2,12,6,5
FLT003143,GRU,MIA,GRU,A320,2024-01-04,Alta_Verano,2,5,5,5
FLT003144,SCL,BOG,SCL,B737,2024-01-07,Alta_Verano,2,6,5,3
FLT003145,SCL,MIA,SCL,A320,2023-12-21,Alta_Verano,2,4,3,4
FLT003146,LIM,BOG,LIM,A320,2024-07-01,Alta_Invierno,2,6,7,14
FLT003147,SCL,JFK,SCL,A350,2022-02-18,Alta_Verano,2,12,6,10
FLT003148,BOG,MIA,BOG,A320,2024-12-15,Alta_Verano,2,5,5,8
FLT003149,LIM,GRU,LIM,B737,2023-05-17,Baja,2,4,3,3
FLT003150,SCL,EZE,SCL,A350,2024-01-27,Alta_Verano,2,11,7,5
FLT003151,EZE,GRU,EZE,A350,2024-01-08,Alta_Verano,2,10,3,4
FLT003152,LIM,BOG,LIM,B767,2023-07-31,Alta_Invierno,2,7,3,5
FLT003153,LIM,MIA,LIM,B737,2024-01-26,Alta_Verano,2,6,6,13
FLT003154,SCL,MAD,SCL,B737,2022-07-01,Alta_Invierno,2,4,4,9
FLT003155,EZE,GRU,EZE,B737,2022-11-06,Baja,2,6,6,4
FLT003156,LIM,BOG,LIM,B767,2024-01-12,Alta_Verano,2,6,4,4
FLT003157,SCL,JFK,SCL,A350,2022-01-28,Alta_Verano,2,12,7,12
FLT003158,GRU,MIA,GRU,B737,2022-01-22,Alta_Verano,2,5,6,2
FLT003159,SCL,BOG,SCL,B767,2024-07-12,Alta_Invierno,2,6,5,11
FLT003160,SCL,EZE,SCL,B737,2022-07-09,Alta_Invierno,2,5,4,2
FLT003161,SCL,BOG,SCL,B767,2022-08-16,Alta_Invierno,2,8,8,13
FLT003162,SCL,GRU,SCL,B787,2022-12-03,Alta_Verano,2,9,6,5
FLT003163,BOG,MAD,BOG,B787,2024-07-13,Alta_Invierno,2,9,7,3
FLT003164,SCL,JFK,SCL,A350,2024-07-19,Alta_Invierno,2,12,6,13
FLT003165,BOG,MIA,BOG,A320,2022-08-16,Alta_Invierno,2,6,4,2
FLT003166,LIM,GRU,LIM,A320,2022-04-30,Baja,2,4,3,4
FLT003167,SCL,MAD,SCL,A350,2022-11-09,Baja,2,10,4,5
FLT003168,SCL,MIA,SCL,B737,2024-08-02,Alta_Invierno,2,5,8,2
FLT003169,GRU,MIA,GRU,A320,2024-10-31,Baja,2,6,4,11
FLT003170,SCL,BOG,SCL,A320,2022-07-12,Alta_Invierno,2,4,8,5
FLT003171,EZE,GRU,EZE,B767,2022-02-16,Alta_Verano,2,8,8,5
FLT003172,BOG,MAD,BOG,A320,2022-10-25,Baja,2,6,7,3
FLT003173,SCL,GRU,SCL,B737,2022-07-21,Alta_Invierno,2,5,4,2
FLT003174,LIM,GRU,LIM,B737,2024-07-17,Alta_Invierno,2,6,3,4
FLT003175,SCL,LIM,SCL,B767,2024-07-21,Alta_Invierno,2,8,8,5
FLT003176,SCL,GRU,SCL,A320,2024-12-29,Alta_Verano,2,5,6,3
FLT003177,SCL,MIA,SCL,B767,2024-01-04,Alta_Verano,2,6,4,9
FLT003178,BOG,MIA,BOG,B767,2023-01-15,Alta_Verano,2,7,6,5
FLT003179,GRU,MAD,GRU,B767,2024-01-12,Alta_Verano,2,8,3,6
FLT003180,SCL,BOG,SCL,B737,2022-03-07,Baja,2,6,6,9
FLT003181,BOG,MAD,BOG,B787,2024-12-29,Alta_Verano,2,11,8,3
FLT003182,SCL,GRU,SCL,B787,2024-01-26,Alta_Verano,2,12,3,4
FLT003183,EZE,GRU,EZE,B737,2024-06-12,Alta_Invierno,2,6,6,5
FLT003184,LIM,GRU,LIM,B767,2024-06-08,Alta_Invierno,2,7,5,2
FLT003185,LIM,MIA,LIM,A320,2024-04-25,Baja,2,6,5,4
FLT003186,BOG,MAD,BOG,B767,2024-06-25,Alta_Invierno,2,8,4,10
FLT003187,SCL,MIA,SCL,B767,2023-03-04,Baja,2,7,4,10
FLT003188,SCL,MAD,SCL,B787,2022-07-01,Alta_Invierno,2,8,5,12
FLT003189,SCL,BOG,SCL,B737,2024-04-27,Baja,2,6,3,4
FLT003190,LIM,BOG,LIM,B737,2024-11-04,Baja,2,6,4,2
FLT003191,SCL,GRU,SCL,A350,2022-02-11,Alta_Verano,2,12,8,3
FLT003192,EZE,GRU,EZE,B737,2022-03-09,Baja,2,5,3,10
FLT003193,SCL,MIA,SCL,B737,2022-07-06,Alta_Invierno,2,4,8,4
FLT003194,SCL,LIM,SCL,A320,2022-03-26,Baja,2,4,8,11
FLT003195,GRU,MIA,GRU,B737,2023-10-15,Baja,2,4,7,3
FLT003196,SCL,LIM,SCL,B737,2023-11-29,Baja,2,4,6,9
FLT003197,BOG,MAD,BOG,A320,2022-11-24,Baja,2,4,5,9
FLT003198,SCL,LIM,SCL,B767,2024-12-04,Alta_Verano,2,7,3,4
FLT003199,GRU,MIA,GRU,B767,2023-02-02,Alta_Verano,2,7,7,7
FLT003200,LIM,BOG,LIM,B787,2023-10-08,Baja,2,9,6,8
FLT003201,SCL,BOG,SCL,A350,2024-10-30,Baja,2,10,8,2
FLT003202,LIM,GRU,LIM,A320,2024-07-12,Alta_Invierno,2,6,6,
FLT003203,SCL,GRU,SCL,B737,2023-01-12,Alta_Verano,2,4,4,3
FLT003204,SCL,LIM,SCL,B787,2022-01-31,Alta_Verano,2,12,5,11
FLT003205,SCL,GRU,SCL,B737,2022-04-12,Baja,2,6,4,4
FLT003206,SCL,EZE,SCL,A320,2023-02-12,Alta_Verano,2,6,7,13
FLT003207,GRU,MAD,GRU,B767,2023-02-18,Alta_Verano,2,7,7,8
FLT003208,SCL,JFK,SCL,A320,2022-12-31,Alta_Verano,2,4,5,14
FLT003209,LIM,BOG,LIM,B737,2023-03-03,Baja,2,6,3,11
FLT003210,SCL,JFK,SCL,A320,2022-03-29,Baja,2,4,4,4
FLT003211,GRU,MAD,GRU,B737,2023-01-15,Alta_Verano,2,6,4,6
FLT003212,LIM,GRU,LIM,B737,2023-01-05,Alta_Verano,2,6,3,11
FLT003213,SCL,BOG,SCL,A320,2022-11-29,Baja,2,5,5,12
FLT003214,SCL,GRU,SCL,A320,2022-06-26,Alta_Invierno,2,5,4,4
FLT003215,GRU,MAD,GRU,B767,2023-07-28,Alta_Invierno,2,7,3,3
FLT003216,SCL,JFK,SCL,A350,2023-07-04,Alta_Invierno,2,9,6,10
FLT003217,SCL,BOG,SCL,B787,2022-11-19,Baja,2,9,5,11
FLT003218,GRU,MIA,GRU,A350,2022-07-13,Alta_Invierno,2,9,3,4
FLT003219,SCL,LIM,SCL,A350,2022-01-27,Alta_Verano,2,9,4,9
FLT003220,SCL,EZE,SCL,B767,2023-08-09,Alta_Invierno,2,8,7,3
FLT003221,SCL,LIM,SCL,B737,2024-12-23,Alta_Verano,2,4,7,13
FLT003222,SCL,BOG,SCL,B737,2023-02-18,Alta_Verano,2,5,8,2
FLT003223,BOG,MIA,BOG,B787,2024-09-26,Baja,2,8,5,13
FLT003224,BOG,MAD,BOG,B767,2023-03-07,Baja,2,6,3,11
FLT003225,LIM,MIA,LIM,B787,2023-07-28,Alta_Invierno,2,8,3,3
FLT003226,SCL,MAD,SCL,B737,2022-02-14,Alta_Verano,2,5,6,3
FLT003227,LIM,MIA,LIM,A320,2022-03-09,Baja,2,4,3,3
FLT003228,SCL,EZE,SCL,A320,2024-05-10,Baja,2,5,8,10
FLT003229,LIM,BOG,LIM,B737,2023-05-02,Baja,2,4,5,14
FLT003230,LIM,GRU,LIM,A320,2023-07-24,Alta_Invierno,2,4,3,4
FLT003231,LIM,MIA,LIM,B737,2024-02-18,Alta_Verano,2,6,5,12
FLT003232,LIM,MIA,LIM,A320,2023-01-14,Alta_Verano,2,6,4,11
FLT003233,GRU,MIA,GRU,A320,2024-01-26,Alta_Verano,2,6,3,3
FLT003234,SCL,GRU,SCL,A320,2023-07-26,Alta_Invierno,2,5,6,13
FLT003235,LIM,GRU,LIM,B737,2023-01-16,Alta_Verano,2,4,6,10
FLT003236,SCL,EZE,SCL,A320,2022-01-15,Alta_Verano,2,4,3,7
FLT003237,SCL,LIM,SCL,B737,2023-08-03,Alta_Invierno,2,5,4,6
FLT003238,LIM,BOG,LIM,A320,2023-11-20,Baja,2,4,5,2
FLT003239,LIM,GRU,LIM,B737,2024-09-12,Baja,2,5,4,4
FLT003240,BOG,MAD,BOG,B787,2024-07-13,Alta_Invierno,2,10,7,13
FLT003241,LIM,BOG,LIM,B737,2022-06-05,Alta_Invierno,2,4,5,12
FLT003242,EZE,GRU,EZE,B737,2022-07-14,Alta_Invierno,2,5,3,2
FLT003243,SCL,LIM,SCL,A350,2022-11-24,Baja,2,10,4,3
FLT003244,BOG,MIA,BOG,B737,2023-08-02,Alta_Invierno,2,6,3,14
FLT003245,GRU,MIA,GRU,A350,2023-07-28,Alta_Invierno,2,11,8,8
FLT003246,SCL,EZE,SCL,B767,2022-03-09,Baja,2,6,4,8
FLT003247,LIM,BOG,LIM,B787,2023-02-24,Alta_Verano,2,8,4,4
FLT003248,LIM,MIA,LIM,A320,2023-01-02,Alta_Verano,2,6,4,12
FLT003249,SCL,MAD,SCL,A350,2024-07-15,Alta_Invierno,2,8,5,2
FLT003250,BOG,MIA,BOG,A320,2022-12-01,Alta_Verano,2,6,7,8
FLT003251,SCL,GRU,SCL,A320,2023-07-17,Alta_Invierno,2,6,7,8
FLT003252,SCL,EZE,SCL,B737,2023-07-17,Alta_Invierno,2,5,6,3
FLT003253,LIM,GRU,LIM,B737,2022-07-27,Alta_Invierno,2,5,3,5
FLT003254,LIM,MIA,LIM,A320,2023-08-23,Alta_Invierno,2,6,6,3
FLT003255,SCL,EZE,SCL,A350,2022-08-17,Alta_Invierno,2,12,6,
FLT003256,SCL,BOG,SCL,A350,2024-07-12,Alta_Invierno,2,8,5,5
FLT003257,BOG,MIA,BOG,B767,2022-06-16,Alta_Invierno,2,8,6,4
FLT003258,SCL,JFK,SCL,B767,2022-06-28,Alta_Invierno,2,8,7,4
FLT003259,BOG,MIA,BOG,A320,2022-07-27,Alta_Invierno,2,5,3,2
FLT003260,SCL,MAD,SCL,B767,2023-07-04,Alta_Invierno,2,6,6,9
FLT003261,SCL,EZE,SCL,B767,2024-08-08,Alta_Invierno,2,7,3,7
FLT003262,SCL,MAD,SCL,B737,2022-03-15,Baja,2,4,8,4
FLT003263,SCL,MIA,SCL,A350,2022-04-29,Baja,2,9,8,7
FLT003264,LIM,BOG,LIM,B787,2023-11-28,Baja,2,10,6,7
FLT003265,SCL,BOG,SCL,A320,2022-01-14,Alta_Verano,2,5,3,8
FLT003266,LIM,GRU,LIM,B737,2023-09-26,Baja,2,4,8,5
FLT003267,SCL,EZE,SCL,B787,2023-08-03,Alta_Invierno,2,9,5,7
FLT003268,LIM,BOG,LIM,A350,2022-12-09,Alta_Verano,2,12,3,14
FLT003269,LIM,MIA,LIM,B787,2024-06-24,Alta_Invierno,2,10,7,6
FLT003270,LIM,MIA,LIM,B767,2022-12-21,Alta_Verano,2,8,4,5
FLT003271,BOG,MIA,BOG,B767,2023-12-23,Alta_Verano,2,8,6,4
FLT003272,BOG,MIA,BOG,A350,2022-08-04,Alta_Invierno,2,10,6,13
FLT003273,SCL,MIA,SCL,B787,2023-10-27,Baja,2,10,7,5
FLT003274,SCL,MAD,SCL,B767,2024-05-11,Baja,2,7,6,2
FLT003275,LIM,MIA,LIM,A320,2022-10-24,Baja,2,4,4,12
FLT003276,SCL,BOG,SCL,B787,2023-01-24,Alta_Verano,2,10,3,3
FLT003277,GRU,MAD,GRU,B787,2022-07-09,Alta_Invierno,2,8,6,4
FLT003278,SCL,BOG,SCL,A320,2024-07-15,Alta_Invierno,2,4,4,12
FLT003279,GRU,MAD,GRU,A320,2022-01-02,Alta_Verano,2,4,4,6
FLT003280,SCL,MIA,SCL,B737,2022-04-27,Baja,2,6,5,2
FLT003281,LIM,GRU,LIM,B767,2024-12-03,Alta_Verano,2,8,7,10
FLT003282,LIM,MIA,LIM,B767,2022-06-23,Alta_Invierno,2,8,8,3
FLT003283,BOG,MIA,BOG,B767,2022-07-19,Alta_Invierno,2,8,8,12
FLT003284,SCL,GRU,SCL,A320,2024-06-27,Alta_Invierno,2,4,7,6
FLT003285,SCL,EZE,SCL,A320,2024-04-23,Baja,2,4,5,11
FLT003286,SCL,BOG,SCL,B737,2024-07-24,Alta_Invierno,2,5,8,3
FLT003287,SCL,BOG,SCL,B737,2024-01-14,Alta_Verano,2,6,3,7
FLT003288,SCL,MAD,SCL,B737,2022-06-29,Alta_Invierno,2,6,5,6
FLT003289,SCL,MIA,SCL,B737,2023-05-16,Baja,2,6,4,13
FLT003290,BOG,MIA,BOG,B787,2023-09-15,Baja,2,11,5,3
FLT003291,LIM,BOG,LIM,A320,2024-03-08,Baja,2,4,4,12
FLT003292,LIM,BOG,LIM,A320,2022-01-10,Alta_Verano,2,6,5,14
FLT003293,SCL,BOG,SCL,A320,2024-12-05,Alta_Verano,2,6,8,4
FLT003294,EZE,GRU,EZE,A350,2024-07-07,Alta_Invierno,2,11,3,2
FLT003295,GRU,MAD,GRU,A320,2024-07-03,Alta_Invierno,2,5,5,2
FLT003296,LIM,BOG,LIM,A320,2024-01-14,Alta_Verano,2,6,8,5
FLT003297,GRU,MAD,GRU,B737,2022-11-09,Baja,2,5,4,5
FLT003298,SCL,BOG,SCL,A350,2024-07-30,Alta_Invierno,2,12,8,3
FLT003299,SCL,EZE,SCL,B787,2023-01-15,Alta_Verano,2,10,5,7
FLT003300,SCL,BOG,SCL,B787,2024-08-10,Alta_Invierno,2,10,6,2
FLT003301,SCL,JFK,SCL,A320,2023-07-12,Alta_Invierno,2,5,7,14
FLT003302,LIM,BOG,LIM,B767,2022-08-06,Alta_Invierno,2,7,6,3
FLT003303,LIM,GRU,LIM,A350,2022-03-10,Baja,2,10,5,4
FLT003304,SCL,EZE,SCL,B737,2024-11-25,Baja,2,5,5,5
FLT003305,SCL,EZE,SCL,B737,2022-06-08,Alta_Invierno,2,5,6,13
FLT003306,SCL,JFK,SCL,B737,2024-07-12,Alta_Invierno,2,6,6,9
FLT003307,SCL,MIA,SCL,A320,2024-08-05,Alta_Invierno,2,4,3,3
FLT003308,SCL,LIM,SCL,A320,2023-08-21,Alta_Invierno,2,4,7,4
FLT003309,BOG,MAD,BOG,B767,2024-11-19,Baja,2,6,7,4
FLT003310,SCL,MAD,SCL,A320,2022-05-30,Baja,2,4,4,11
FLT003311,LIM,MIA,LIM,A320,2022-01-12,Alta_Verano,2,5,4,8
FLT003312,BOG,MIA,BOG,A320,2023-11-30,Baja,2,4,5,4
FLT003313,LIM,GRU,LIM,A320,2022-07-22,Alta_Invierno,2,4,4,12
FLT003314,SCL,BOG,SCL,B767,2024-01-06,Alta_Verano,2,6,6,10
FLT003315,GRU,MAD,GRU,B767,2024-01-24,Alta_Verano,2,6,4,5
FLT003316,GRU,MIA,GRU,A320,2023-12-20,Alta_Verano,2,6,3,12
FLT003317,GRU,MAD,GRU,A350,2022-05-26,Baja,2,12,4,14
FLT003318,GRU,MAD,GRU,B737,2023-01-08,Alta_Verano,2,6,3,13
FLT003319,BOG,MAD,BOG,A320,2022-01-15,Alta_Verano,2,5,3,3
FLT003320,LIM,GRU,LIM,A350,2022-01-30,Alta_Verano,2,9,6,10
FLT003321,GRU,MAD,GRU,B737,2023-01-31,Alta_Verano,2,4,6,
FLT003322,SCL,JFK,SCL,B767,2023-01-24,Alta_Verano,2,6,6,5
FLT003323,EZE,GRU,EZE,B737,2024-05-17,Baja,2,6,7,3
FLT003324,BOG,MIA,BOG,B767,2023-08-16,Alta_Invierno,2,6,6,2
FLT003325,GRU,MIA,GRU,B737,2024-07-26,Alta_Invierno,2,6,7,13
FLT003326,LIM,GRU,LIM,A320,2022-08-20,Alta_Invierno,2,6,5,2
FLT003327,SCL,LIM,SCL,B787,2022-11-02,Baja,2,9,7,2
FLT003328,SCL,LIM,SCL,A350,2022-07-09,Alta_Invierno,2,11,3,2
FLT003329,SCL,EZE,SCL,B767,2022-11-24,Baja,2,8,7,7
FLT003330,LIM,GRU,LIM,A320,2023-06-17,Alta_Invierno,2,4,7,3
FLT003331,BOG,MAD,BOG,A320,2024-04-01,Baja,2,5,5,8
FLT003332,SCL,LIM,SCL,B767,2024-07-20,Alta_Invierno,2,8,6,4
FLT003333,SCL,BOG,SCL,A320,2024-01-11,Alta_Verano,2,6,4,10
FLT003334,SCL,MAD,SCL,B737,2024-07-03,Alta_Invierno,2,5,4,8
FLT003335,BOG,MAD,BOG,B737,2022-01-02,Alta_Verano,2,4,7,6
FLT003336,SCL,EZE,SCL,A320,2024-01-18,Alta_Verano,2,6,8,3
FLT003337,BOG,MIA,BOG,B787,2023-01-31,Alta_Verano,2,10,4,5
FLT003338,SCL,EZE,SCL,A320,2024-10-05,Baja,2,6,8,4
FLT003339,GRU,MAD,GRU,A320,2022-01-09,Alta_Verano,2,5,4,2
FLT003340,SCL,EZE,SCL,A320,2024-02-10,Alta_Verano,2,5,5,3
FLT003341,GRU,MAD,GRU,A320,2024-09-23,Baja,2,6,4,5
FLT003342,SCL,GRU,SCL,B767,2024-01-24,Alta_Verano,2,6,8,11
FLT003343,SCL,MIA,SCL,B767,2023-09-20,Baja,2,7,6,3
FLT003344,LIM,GRU,LIM,B767,2023-07-21,Alta_Invierno,2,7,7,2
FLT003345,SCL,MAD,SCL,B737,2023-02-01,Alta_Verano,2,6,4,14
FLT003346,LIM,GRU,LIM,A320,2024-01-08,Alta_Verano,2,4,6,7
FLT003347,GRU,MAD,GRU,B787,2023-11-10,Baja,2,11,5,11
FLT003348,SCL,EZE,SCL,B737,2023-07-05,Alta_Invierno,2,6,3,4
FLT003349,LIM,GRU,LIM,B737,2022-10-15,Baja,2,5,4,9
FLT003350,LIM,GRU,LIM,B737,2024-03-30,Baja,2,6,5,13
FLT003351,SCL,BOG,SCL,A350,2022-07-29,Alta_Invierno,2,11,4,11
FLT003352,SCL,GRU,SCL,A350,2022-12-15,Alta_Verano,2,10,8,5
FLT003353,LIM,MIA,LIM,B787,2023-07-26,Alta_Invierno,2,10,8,5
FLT003354,SCL,GRU,SCL,A350,2022-03-25,Baja,2,12,3,14
FLT003355,LIM,MIA,LIM,B767,2023-08-07,Alta_Invierno,2,6,4,4
FLT003356,SCL,GRU,SCL,A320,2024-12-16,Alta_Verano,2,6,3,2
FLT003357,SCL,MIA,SCL,A320,2024-01-15,Alta_Verano,2,6,5,12
FLT003358,GRU,MIA,GRU,B767,2022-05-13,Baja,2,6,8,9
FLT003359,BOG,MIA,BOG,A320,2023-08-02,Alta_Invierno,2,5,7,3
FLT003360,SCL,JFK,SCL,A350,2024-09-02,Baja,2,9,6,2
FLT003361,SCL,MAD,SCL,A320,2022-07-31,Alta_Invierno,2,4,3,
FLT003362,SCL,MAD,SCL,B767,2022-02-15,Alta_Verano,2,8,6,3
FLT003363,SCL,BOG,SCL,B787,2023-10-04,Baja,2,8,7,7
FLT003364,GRU,MAD,GRU,B787,2024-01-27,Alta_Verano,2,11,6,3
FLT003365,GRU,MAD,GRU,B767,2022-03-07,Baja,2,6,3,4
FLT003366,LIM,BOG,LIM,B787,2022-09-02,Baja,2,8,6,13
FLT003367,SCL,LIM,SCL,A320,2024-12-25,Alta_Verano,2,5,5,11
FLT003368,BOG,MIA,BOG,A320,2023-05-14,Baja,2,6,6,8
FLT003369,LIM,GRU,LIM,B787,2023-11-28,Baja,2,9,6,12
FLT003370,SCL,GRU,SCL,B767,2022-07-20,Alta_Invierno,2,8,4,10
FLT003371,SCL,GRU,SCL,B737,2024-01-27,Alta_Verano,2,6,7,4
FLT003372,SCL,LIM,SCL,A320,2023-12-07,Alta_Verano,2,6,5,9
FLT003373,SCL,EZE,SCL,B787,2024-03-01,Baja,2,11,8,5
FLT003374,SCL,BOG,SCL,A320,2024-09-19,Baja,2,4,3,5
FLT003375,SCL,GRU,SCL,B767,2024-01-21,Alta_Verano,2,6,4,3
FLT003376,SCL,JFK,SCL,B737,2022-07-17,Alta_Invierno,2,5,7,
FLT003377,LIM,BOG,LIM,B737,2024-01-27,Alta_Verano,2,6,7,9
FLT003378,LIM,MIA,LIM,A350,2022-01-25,Alta_Verano,2,10,6,5
FLT003379,LIM,GRU,LIM,B737,2023-06-15,Alta_Invierno,2,6,3,6
FLT003380,SCL,LIM,SCL,B787,2024-12-27,Alta_Verano,2,12,5,2
FLT003381,SCL,MAD,SCL,B737,2022-11-23,Baja,2,5,3,14
FLT003382,SCL,GRU,SCL,B737,2024-10-03,Baja,2,5,6,9
FLT003383,LIM,BOG,LIM,B737,2023-09-13,Baja,2,4,5,8
FLT003384,SCL,EZE,SCL,A320,2024-04-05,Baja,2,4,7,5
FLT003385,SCL,LIM,SCL,B787,2023-07-23,Alta_Invierno,2,12,7,2
FLT003386,SCL,EZE,SCL,B787,2024-07-18,Alta_Invierno,2,8,8,7
FLT003387,LIM,MIA,LIM,B737,2023-02-14,Alta_Verano,2,6,3,7
FLT003388,SCL,EZE,SCL,A320,2022-07-20,Alta_Invierno,2,4,3,2
FLT003389,GRU,MIA,GRU,A320,2024-07-16,Alta_Invierno,2,4,6,11
FLT003390,SCL,MAD,SCL,B767,2022-06-17,Alta_Invierno,2,6,3,9
FLT003391,BOG,MIA,BOG,B737,2022-02-17,Alta_Verano,2,6,8,10
FLT003392,SCL,JFK,SCL,A320,2022-03-02,Baja,2,4,6,3
FLT003393,SCL,JFK,SCL,B787,2024-07-08,Alta_Invierno,2,11,5,3
FLT003394,LIM,GRU,LIM,B737,2022-07-06,Alta_Invierno,2,6,3,3
FLT003395,SCL,GRU,SCL,B767,2023-10-03,Baja,2,8,4,5
FLT003396,SCL,LIM,SCL,A320,2024-07-23,Alta_Invierno,2,5,4,10
FLT003397,BOG,MAD,BOG,B737,2023-07-23,Alta_Invierno,2,4,6,14
FLT003398,SCL,BOG,SCL,A320,2023-01-07,Alta_Verano,2,5,6,12
FLT003399,BOG,MIA,BOG,B767,2022-10-13,Baja,2,8,8,2
FLT003400,SCL,LIM,SCL,A320,2023-08-18,Alta_Invierno,2,5,8,5
FLT003401,LIM,GRU,LIM,B737,2022-06-12,Alta_Invierno,2,5,3,4
FLT003402,SCL,BOG,SCL,A320,2023-01-07,Alta_Verano,2,5,3,2
FLT003403,SCL,EZE,SCL,B737,2024-01-23,Alta_Verano,2,5,6,9
FLT003404,SCL,EZE,SCL,B737,2024-04-29,Baja,2,6,7,3
FLT003405,SCL,LIM,SCL,B767,2023-01-20,Alta_Verano,2,7,6,4
FLT003406,SCL,LIM,SCL,B767,2023-07-20,Alta_Invierno,2,8,3,5
FLT003407,GRU,MIA,GRU,A320,2022-01-19,Alta_Verano,2,6,8,11
FLT003408,GRU,MAD,GRU,A320,2022-10-30,Baja,2,5,3,7
FLT003409,LIM,BOG,LIM,A320,2024-07-16,Alta_Invierno,2,4,5,5
FLT003410,SCL,EZE,SCL,A320,2023-01-16,Alta_Verano,2,5,3,4
FLT003411,LIM,GRU,LIM,A320,2024-07-11,Alta_Invierno,2,5,6,2
FLT003412,SCL,JFK,SCL,B787,2022-10-17,Baja,2,9,7,10
FLT003413,LIM,MIA,LIM,B737,2022-11-10,Baja,2,5,5,11
FLT003414,SCL,BOG,SCL,B737,2024-11-30,Baja,2,5,5,4
FLT003415,SCL,LIM,SCL,B767,2023-01-12,Alta_Verano,2,6,3,5
FLT003416,LIM,GRU,LIM,A320,2022-10-04,Baja,2,6,3,10
FLT003417,SCL,MIA,SCL,B737,2023-01-24,Alta_Verano,2,4,8,13
FLT003418,LIM,BOG,LIM,A320,2024-05-05,Baja,2,4,3,3
FLT003419,SCL,GRU,SCL,B737,2022-06-30,Alta_Invierno,2,5,3,5
FLT003420,EZE,GRU,EZE,B787,2023-12-12,Alta_Verano,2,12,5,9
FLT003421,SCL,GRU,SCL,A320,2023-10-15,Baja,2,5,8,3
FLT003422,SCL,BOG,SCL,B787,2024-07-22,Alta_Invierno,2,8,8,9
FLT003423,LIM,MIA,LIM,A350,2022-07-23,Alta_Invierno,2,12,5,2
FLT003424,SCL,MIA,SCL,A320,2023-07-03,Alta_Invierno,2,4,8,14
FLT003425,SCL,MAD,SCL,B737,2023-11-16,Baja,2,5,6,13
FLT003426,SCL,JFK,SCL,A350,2022-01-01,Alta_Verano,2,8,3,13
FLT003427,SCL,BOG,SCL,A320,2024-12-06,Alta_Verano,2,4,8,8
FLT003428,LIM,BOG,LIM,B787,2024-06-20,Alta_Invierno,2,8,8,11
FLT003429,BOG,MAD,BOG,B767,2023-07-22,Alta_Invierno,2,7,6,7
FLT003430,LIM,GRU,LIM,B737,2024-02-22,Alta_Verano,2,4,3,4
FLT003431,SCL,EZE,SCL,B737,2024-12-15,Alta_Verano,2,5,8,3
FLT003432,LIM,GRU,LIM,A320,2022-12-11,Alta_Verano,2,4,6,7
FLT003433,SCL,MAD,SCL,A320,2022-07-10,Alta_Invierno,2,5,4,12
FLT003434,SCL,JFK,SCL,A350,2024-07-07,Alta_Invierno,2,12,4,11
FLT003435,BOG,MIA,BOG,B767,2024-07-04,Alta_Invierno,2,7,4,4
FLT003436,LIM,GRU,LIM,B787,2024-09-08,Baja,2,9,5,13
FLT003437,SCL,MIA,SCL,A350,2022-08-26,Alta_Invierno,2,9,3,3
FLT003438,SCL,BOG,SCL,A320,2023-09-22,Baja,2,6,3,3
FLT003439,LIM,MIA,LIM,B787,2022-07-04,Alta_Invierno,2,9,7,14
FLT003440,EZE,GRU,EZE,A320,2023-05-06,Baja,2,4,8,3
FLT003441,LIM,MIA,LIM,A320,2023-05-20,Baja,2,4,8,6
FLT003442,SCL,BOG,SCL,A350,2023-08-30,Alta_Invierno,2,9,4,5
FLT003443,SCL,GRU,SCL,A320,2023-06-09,Alta_Invierno,2,4,5,2
FLT003444,EZE,GRU,EZE,B787,2022-08-19,Alta_Invierno,2,9,8,8
FLT003445,BOG,MIA,BOG,B787,2023-12-03,Alta_Verano,2,10,3,5
FLT003446,SCL,LIM,SCL,B767,2023-09-27,Baja,2,8,3,9
FLT003447,BOG,MAD,BOG,A350,2023-01-09,Alta_Verano,2,10,3,10
FLT003448,GRU,MIA,GRU,B787,2023-10-31,Baja,2,11,6,10
FLT003449,LIM,MIA,LIM,A350,2024-01-06,Alta_Verano,2,9,3,7
FLT003450,SCL,MAD,SCL,B767,2024-08-06,Alta_Invierno,2,6,8,13
FLT003451,GRU,MAD,GRU,B787,2024-03-09,Baja,2,10,4,2
FLT003452,SCL,LIM,SCL,B767,2024-01-27,Alta_Verano,2,7,6,8
FLT003453,SCL,EZE,SCL,A320,2023-10-20,Baja,2,6,6,2
FLT003454,SCL,MIA,SCL,A320,2024-01-30,Alta_Verano,2,5,7,14
FLT003455,SCL,LIM,SCL,A320,2022-01-22,Alta_Verano,2,5,3,4
FLT003456,SCL,MIA,SCL,B737,2022-03-06,Baja,2,6,7,4
FLT003457,EZE,GRU,EZE,B787,2024-01-22,Alta_Verano,2,10,7,2
FLT003458,SCL,EZE,SCL,A320,2024-05-21,Baja,2,4,8,6
FLT003459,LIM,BOG,LIM,A320,2024-11-07,Baja,2,4,4,10
FLT003460,LIM,GRU,LIM,B787,2023-03-14,Baja,2,11,7,3
FLT003461,SCL,EZE,SCL,B737,2022-01-27,Alta_Verano,2,6,7,2
FLT003462,SCL,EZE,SCL,B787,2023-01-13,Alta_Verano,2,10,4,14
FLT003463,EZE,GRU,EZE,A320,2023-01-07,Alta_Verano,2,5,8,5
FLT003464,SCL,BOG,SCL,A320,2023-12-02,Alta_Verano,2,4,7,4
FLT003465,LIM,MIA,LIM,B737,2023-04-18,Baja,2,5,3,7
FLT003466,BOG,MIA,BOG,B737,2023-01-06,Alta_Verano,2,6,4,4
FLT003467,SCL,BOG,SCL,B767,2022-10-08,Baja,2,6,4,4
FLT003468,BOG,MAD,BOG,B737,2022-01-29,Alta_Verano,2,4,8,7
FLT003469,SCL,LIM,SCL,A320,2024-01-25,Alta_Verano,2,5,8,2
FLT003470,GRU,MIA,GRU,B787,2022-06-20,Alta_Invierno,2,11,5,2
FLT003471,LIM,MIA,LIM,A320,2022-07-01,Alta_Invierno,2,4,4,10
FLT003472,SCL,MIA,SCL,A320,2024-01-07,Alta_Verano,2,4,4,5
FLT003473,BOG,MAD,BOG,B737,2022-01-19,Alta_Verano,2,4,5,4
FLT003474,SCL,MAD,SCL,B737,2022-06-27,Alta_Invierno,2,6,6,9
FLT003475,SCL,EZE,SCL,B787,2022-07-03,Alta_Invierno,2,9,8,12
FLT003476,LIM,MIA,LIM,B787,2024-07-03,Alta_Invierno,2,12,4,14
FLT003477,SCL,LIM,SCL,A320,2024-02-03,Alta_Verano,2,4,8,3
FLT003478,LIM,BOG,LIM,B737,2023-10-09,Baja,2,5,4,3
FLT003479,SCL,MAD,SCL,B737,2023-10-27,Baja,2,5,5,5
FLT003480,SCL,BOG,SCL,B767,2024-10-08,Baja,2,7,6,14
FLT003481,SCL,MAD,SCL,B767,2024-07-21,Alta_Invierno,2,6,4,2
FLT003482,BOG,MIA,BOG,A320,2022-01-29,Alta_Verano,2,5,4,14
FLT003483,SCL,GRU,SCL,A320,2022-06-12,Alta_Invierno,2,6,7,12
FLT003484,BOG,MAD,BOG,A350,2022-06-05,Alta_Invierno,2,11,7,9
FLT003485,SCL,JFK,SCL,A320,2024-10-26,Baja,2,4,5,3
FLT003486,BOG,MIA,BOG,A350,2022-07-12,Alta_Invierno,2,8,4,6
FLT003487,SCL,BOG,SCL,B787,2022-07-07,Alta_Invierno,2,12,7,5
FLT003488,LIM,BOG,LIM,A320,2023-02-07,Alta_Verano,2,6,3,4
FLT003489,EZE,GRU,EZE,A320,2022-11-24,Baja,2,4,3,12
FLT003490,SCL,BOG,SCL,A320,2022-07-05,Alta_Invierno,2,6,6,11
FLT003491,EZE,GRU,EZE,B787,2022-09-24,Baja,2,12,8,12
FLT003492,EZE,GRU,EZE,B767,2024-08-28,Alta_Invierno,2,8,7,4
FLT003493,SCL,LIM,SCL,A320,2022-01-07,Alta_Verano,2,5,4,14
FLT003494,LIM,MIA,LIM,B737,2022-10-21,Baja,2,4,4,6
FLT003495,LIM,BOG,LIM,A320,2023-07-14,Alta_Invierno,2,5,7,5
FLT003496,GRU,MIA,GRU,B737,2023-01-25,Alta_Verano,2,4,3,12
FLT003497,SCL,BOG,SCL,B737,2023-09-05,Baja,2,5,5,5
FLT003498,LIM,MIA,LIM,B737,2022-01-25,Alta_Verano,2,5,5,4
FLT003499,SCL,BOG,SCL,B737,2023-07-10,Alta_Invierno,2,6,8,6
FLT003500,LIM,MIA,LIM,A320,2022-03-11,Baja,2,5,4,13
FLT003501,BOG,MIA,BOG,A320,2022-07-17,Alta_Invierno,2,4,3,3
FLT003502,BOG,MIA,BOG,B787,2022-11-04,Baja,2,8,8,3
FLT003503,SCL,JFK,SCL,B787,2024-08-10,Alta_Invierno,2,8,6,5
FLT003504,SCL,JFK,SCL,A320,2024-10-07,Baja,2,5,7,5
FLT003505,SCL,LIM,SCL,B767,2024-03-19,Baja,2,6,4,2
FLT003506,BOG,MAD,BOG,A320,2022-11-09,Baja,2,6,4,5
FLT003507,BOG,MAD,BOG,A320,2024-02-15,Alta_Verano,2,6,6,3
FLT003508,SCL,BOG,SCL,A320,2024-04-08,Baja,2,6,3,4
FLT003509,SCL,MIA,SCL,B737,2024-10-01,Baja,2,4,7,2
FLT003510,LIM,MIA,LIM,B787,2022-01-30,Alta_Verano,2,8,3,13
FLT003511,LIM,MIA,LIM,B767,2023-01-06,Alta_Verano,2,6,5,3
FLT003512,SCL,JFK,SCL,B737,2024-10-18,Baja,2,5,7,3
FLT003513,EZE,GRU,EZE,A320,2022-05-10,Baja,2,6,3,2
FLT003514,BOG,MIA,BOG,B767,2022-05-15,Baja,2,7,4,14
FLT003515,SCL,EZE,SCL,B787,2022-01-30,Alta_Verano,2,8,5,5
FLT003516,LIM,MIA,LIM,A320,2023-01-14,Alta_Verano,2,4,5,14
FLT003517,SCL,MIA,SCL,A320,2023-08-17,Alta_Invierno,2,4,5,14
FLT003518,LIM,MIA,LIM,A320,2023-12-08,Alta_Verano,2,6,7,5
FLT003519,SCL,GRU,SCL,A320,2023-08-30,Alta_Invierno,2,6,7,5
FLT003520,SCL,JFK,SCL,B737,2024-12-14,Alta_Verano,2,4,7,5
FLT003521,LIM,MIA,LIM,B787,2024-05-30,Baja,2,11,6,11
FLT003522,SCL,MAD,SCL,A320,2022-04-23,Baja,2,4,8,2
FLT003523,LIM,MIA,LIM,A320,2023-05-06,Baja,2,5,3,10
FLT003524,SCL,EZE,SCL,B787,2023-02-16,Alta_Verano,2,10,8,9
FLT003525,SCL,JFK,SCL,A320,2022-08-07,Alta_Invierno,2,4,5,5
FLT003526,SCL,MAD,SCL,B767,2023-10-20,Baja,2,6,4,4
FLT003527,LIM,MIA,LIM,B737,2023-10-31,Baja,2,4,8,
FLT003528,LIM,MIA,LIM,A320,2023-01-02,Alta_Verano,2,6,3,8
FLT003529,SCL,JFK,SCL,B737,2022-07-30,Alta_Invierno,2,5,4,4
FLT003530,SCL,GRU,SCL,B767,2023-03-23,Baja,2,6,6,7
FLT003531,GRU,MAD,GRU,B737,2023-07-01,Alta_Invierno,2,4,5,7
FLT003532,SCL,GRU,SCL,A350,2022-05-14,Baja,2,10,6,4
FLT003533,LIM,GRU,LIM,B787,2024-01-21,Alta_Verano,2,11,7,4
FLT003534,SCL,MAD,SCL,A320,2022-07-08,Alta_Invierno,2,4,7,8
FLT003535,SCL,MIA,SCL,B737,2024-01-12,Alta_Verano,2,6,5,11
FLT003536,SCL,MAD,SCL,A350,2023-08-29,Alta_Invierno,2,10,8,7
FLT003537,SCL,LIM,SCL,B737,2023-12-12,Alta_Verano,2,6,4,2
FLT003538,SCL,GRU,SCL,A320,2022-01-14,Alta_Verano,2,4,7,12
FLT003539,LIM,GRU,LIM,A350,2022-01-30,Alta_Verano,2,9,6,10
FLT003540,LIM,MIA,LIM,B737,2023-07-24,Alta_Invierno,2,5,8,9
FLT003541,GRU,MAD,GRU,A350,2022-05-31,Baja,2,8,5,5
FLT003542,SCL,JFK,SCL,B737,2023-05-07,Baja,2,6,3,7
FLT003543,SCL,MAD,SCL,A350,2022-12-19,Alta_Verano,2,10,8,4
FLT003544,SCL,JFK,SCL,B767,2023-07-16,Alta_Invierno,2,8,8,
FLT003545,LIM,MIA,LIM,B737,2024-01-13,Alta_Verano,2,4,5,4
FLT003546,LIM,BOG,LIM,A350,2022-10-01,Baja,2,9,7,7
FLT003547,EZE,GRU,EZE,B787,2022-07-12,Alta_Invierno,2,12,7,4
FLT003548,SCL,EZE,SCL,B737,2024-07-06,Alta_Invierno,2,6,5,7
FLT003549,GRU,MIA,GRU,B737,2022-10-26,Baja,2,5,6,5
FLT003550,LIM,GRU,LIM,A320,2022-05-02,Baja,2,5,4,13
FLT003551,EZE,GRU,EZE,A320,2022-03-10,Baja,2,5,5,11
FLT003552,GRU,MIA,GRU,B767,2022-03-02,Baja,2,7,6,4
FLT003553,EZE,GRU,EZE,B737,2023-03-07,Baja,2,5,4,3
FLT003554,BOG,MAD,BOG,A320,2023-08-19,Alta_Invierno,2,5,4,12
FLT003555,LIM,MIA,LIM,B767,2024-07-31,Alta_Invierno,2,7,3,5
FLT003556,SCL,MAD,SCL,A320,2022-07-28,Alta_Invierno,2,5,3,13
FLT003557,BOG,MAD,BOG,B767,2022-10-15,Baja,2,7,5,5
FLT003558,SCL,JFK,SCL,B787,2024-01-25,Alta_Verano,2,12,3,13
FLT003559,EZE,GRU,EZE,A320,2024-09-19,Baja,2,5,6,
FLT003560,BOG,MAD,BOG,B737,2023-09-30,Baja,2,5,8,12
FLT003561,BOG,MIA,BOG,B737,2023-01-24,Alta_Verano,2,5,7,3
FLT003562,LIM,BOG,LIM,B737,2024-01-09,Alta_Verano,2,6,4,4
FLT003563,SCL,MAD,SCL,A320,2022-01-28,Alta_Verano,2,6,6,3
FLT003564,SCL,LIM,SCL,A350,2024-03-21,Baja,2,8,4,7
FLT003565,BOG,MIA,BOG,B787,2024-09-09,Baja,2,11,5,8
FLT003566,SCL,LIM,SCL,B737,2022-12-13,Alta_Verano,2,5,6,7
FLT003567,LIM,BOG,LIM,B767,2024-11-05,Baja,2,6,5,2
FLT003568,SCL,JFK,SCL,B767,2023-06-02,Alta_Invierno,2,8,6,7
FLT003569,SCL,MIA,SCL,A350,2023-09-22,Baja,2,9,6,9
FLT003570,BOG,MIA,BOG,A320,2024-10-20,Baja,2,5,7,3
FLT003571,LIM,MIA,LIM,A320,2022-05-09,Baja,2,4,3,11
FLT003572,SCL,LIM,SCL,A320,2022-10-14,Baja,2,6,7,5
FLT003573,SCL,EZE,SCL,B737,2023-07-29,Alta_Invierno,2,4,4,13
FLT003574,LIM,GRU,LIM,B737,2022-12-09,Alta_Verano,2,4,8,3
FLT003575,BOG,MIA,BOG,B737,2024-07-02,Alta_Invierno,2,5,7,3
FLT003576,LIM,BOG,LIM,B767,2023-08-16,Alta_Invierno,2,8,5,2
FLT003577,SCL,LIM,SCL,B737,2022-07-10,Alta_Invierno,2,4,3,7
FLT003578,SCL,GRU,SCL,A320,2023-07-25,Alta_Invierno,2,5,3,
FLT003579,LIM,GRU,LIM,B787,2023-05-02,Baja,2,9,3,3
FLT003580,SCL,MAD,SCL,B737,2022-02-17,Alta_Verano,2,5,7,12
FLT003581,SCL,EZE,SCL,B737,2024-04-28,Baja,2,4,5,6
FLT003582,GRU,MIA,GRU,B767,2024-01-06,Alta_Verano,2,8,7,7
FLT003583,BOG,MAD,BOG,B737,2023-05-11,Baja,2,6,3,4
FLT003584,GRU,MIA,GRU,B737,2023-01-18,Alta_Verano,2,4,6,5
FLT003585,SCL,BOG,SCL,B787,2024-05-10,Baja,2,10,6,8
FLT003586,SCL,GRU,SCL,B737,2023-07-22,Alta_Invierno,2,6,7,6
FLT003587,GRU,MIA,GRU,B787,2024-04-16,Baja,2,9,7,11
FLT003588,EZE,GRU,EZE,B767,2023-02-19,Alta_Verano,2,6,8,8
FLT003589,SCL,EZE,SCL,B787,2022-11-30,Baja,2,12,8,10
FLT003590,GRU,MAD,GRU,B787,2023-07-09,Alta_Invierno,2,12,6,2
FLT003591,SCL,JFK,SCL,B737,2023-11-07,Baja,2,4,8,3
FLT003592,SCL,MIA,SCL,A320,2023-07-25,Alta_Invierno,2,6,3,5
FLT003593,SCL,GRU,SCL,A320,2023-01-28,Alta_Verano,2,4,8,2
FLT003594,EZE,GRU,EZE,B767,2024-05-14,Baja,2,6,3,4
FLT003595,BOG,MIA,BOG,B737,2022-02-25,Alta_Verano,2,6,6,5
FLT003596,GRU,MAD,GRU,B767,2023-05-04,Baja,2,6,5,8
FLT003597,EZE,GRU,EZE,B787,2024-10-08,Baja,2,10,8,5
FLT003598,SCL,EZE,SCL,B767,2022-01-10,Alta_Verano,2,8,8,6
FLT003599,SCL,MIA,SCL,B787,2024-01-19,Alta_Verano,2,8,6,14
FLT003600,SCL,MAD,SCL,B767,2024-08-29,Alta_Invierno,2,7,6,14
FLT003601,GRU,MAD,GRU,A320,2022-01-02,Alta_Verano,2,4,4,6
FLT003602,SCL,JFK,SCL,B737,2022-03-13,Baja,2,6,5,4
FLT003603,BOG,MIA,BOG,B767,2024-07-19,Alta_Invierno,2,8,7,3
FLT003604,BOG,MIA,BOG,B737,2023-09-04,Baja,2,6,5,8
FLT003605,SCL,LIM,SCL,A320,2022-01-22,Alta_Verano,2,4,4,2
FLT003606,SCL,JFK,SCL,B737,2023-07-17,Alta_Invierno,2,4,4,3
FLT003607,BOG,MIA,BOG,B787,2024-03-09,Baja,2,11,8,11
FLT003608,BOG,MIA,BOG,A350,2022-01-28,Alta_Verano,2,11,5,
FLT003609,SCL,GRU,SCL,B767,2022-02-27,Alta_Verano,2,7,4,13
FLT003610,SCL,MIA,SCL,A320,2023-09-06,Baja,2,6,4,12
FLT003611,LIM,MIA,LIM,A320,2022-09-18,Baja,2,5,5,12
FLT003612,LIM,GRU,LIM,B737,2024-02-02,Alta_Verano,2,4,5,5
FLT003613,SCL,MIA,SCL,A320,2023-12-14,Alta_Verano,2,4,3,7
FLT003614,LIM,BOG,LIM,A320,2023-05-25,Baja,2,4,5,2
FLT003615,SCL,EZE,SCL,A320,2023-08-11,Alta_Invierno,2,5,4,4
FLT003616,SCL,GRU,SCL,B767,2023-05-24,Baja,2,8,3,12
FLT003617,LIM,GRU,LIM,A320,2024-10-06,Baja,2,6,8,4
FLT003618,SCL,LIM,SCL,A320,2024-07-04,Alta_Invierno,2,5,5,4
FLT003619,LIM,MIA,LIM,A320,2024-07-01,Alta_Invierno,2,6,7,3
FLT003620,GRU,MAD,GRU,B767,2024-01-25,Alta_Verano,2,7,3,2
FLT003621,SCL,MIA,SCL,A320,2023-01-18,Alta_Verano,2,6,8,6
FLT003622,LIM,MIA,LIM,B737,2024-07-24,Alta_Invierno,2,5,4,2
FLT003623,LIM,BOG,LIM,B737,2023-04-11,Baja,2,5,7,4
FLT003624,BOG,MAD,BOG,B737,2022-11-11,Baja,2,6,8,6
FLT003625,SCL,MIA,SCL,A320,2023-01-10,Alta_Verano,2,6,3,8
FLT003626,SCL,EZE,SCL,B737,2023-04-15,Baja,2,5,8,12
FLT003627,SCL,MAD,SCL,B737,2024-01-06,Alta_Verano,2,5,5,7
FLT003628,LIM,BOG,LIM,A350,2024-01-13,Alta_Verano,2,10,8,2
FLT003629,EZE,GRU,EZE,A320,2023-07-24,Alta_Invierno,2,6,7,7
FLT003630,BOG,MIA,BOG,B737,2023-07-31,Alta_Invierno,2,6,3,11
FLT003631,SCL,BOG,SCL,A320,2022-01-09,Alta_Verano,2,6,3,5
FLT003632,LIM,BOG,LIM,B737,2022-06-22,Alta_Invierno,2,4,3,4
FLT003633,GRU,MIA,GRU,B737,2024-01-29,Alta_Verano,2,6,6,4
FLT003634,GRU,MAD,GRU,B737,2023-07-06,Alta_Invierno,2,5,3,2
FLT003635,LIM,GRU,LIM,B737,2023-07-10,Alta_Invierno,2,4,7,6
FLT003636,SCL,EZE,SCL,B737,2024-01-11,Alta_Verano,2,4,7,
FLT003637,BOG,MAD,BOG,A320,2023-07-19,Alta_Invierno,2,4,7,14
FLT003638,LIM,BOG,LIM,B787,2022-02-06,Alta_Verano,2,12,3,5
FLT003639,SCL,EZE,SCL,B767,2024-02-18,Alta_Verano,2,8,5,2
FLT003640,SCL,BOG,SCL,B767,2024-03-24,Baja,2,6,6,4
FLT003641,EZE,GRU,EZE,B737,2022-04-25,Baja,2,5,6,6
FLT003642,BOG,MAD,BOG,A320,2024-04-23,Baja,2,5,7,7
FLT003643,SCL,MAD,SCL,B787,2022-10-02,Baja,2,9,8,2
FLT003644,GRU,MAD,GRU,A320,2024-10-18,Baja,2,5,4,11
FLT003645,SCL,JFK,SCL,B787,2024-07-07,Alta_Invierno,2,11,4,2
FLT003646,LIM,BOG,LIM,A350,2024-01-14,Alta_Verano,2,10,3,9
FLT003647,GRU,MAD,GRU,B787,2022-02-09,Alta_Verano,2,11,4,
FLT003648,SCL,MAD,SCL,B767,2022-12-16,Alta_Verano,2,8,8,6
FLT003649,BOG,MAD,BOG,B737,2022-07-13,Alta_Invierno,2,6,3,12
FLT003650,SCL,EZE,SCL,B737,2023-01-22,Alta_Verano,2,4,6,4
FLT003651,BOG,MAD,BOG,A350,2023-07-11,Alta_Invierno,2,9,4,6
FLT003652,SCL,LIM,SCL,A320,2022-01-05,Alta_Verano,2,5,3,7
FLT003653,BOG,MIA,BOG,B767,2024-11-05,Baja,2,6,4,3
FLT003654,SCL,EZE,SCL,B787,2022-12-30,Alta_Verano,2,12,4,4
FLT003655,SCL,MIA,SCL,A320,2023-10-20,Baja,2,6,6,7
FLT003656,BOG,MIA,BOG,A320,2023-10-10,Baja,2,4,3,5
FLT003657,EZE,GRU,EZE,A320,2024-04-07,Baja,2,5,8,6
FLT003658,GRU,MAD,GRU,A320,2022-07-04,Alta_Invierno,2,6,8,3
FLT003659,GRU,MAD,GRU,A320,2022-07-09,Alta_Invierno,2,5,7,7
FLT003660,SCL,MAD,SCL,B737,2024-07-04,Alta_Invierno,2,5,7,5
FLT003661,EZE,GRU,EZE,A350,2023-08-16,Alta_Invierno,2,8,3,12
FLT003662,BOG,MAD,BOG,A320,2023-01-15,Alta_Verano,2,5,4,3
FLT003663,GRU,MIA,GRU,A320,2022-07-22,Alta_Invierno,2,6,6,2
FLT003664,LIM,MIA,LIM,A320,2022-10-29,Baja,2,6,7,5
FLT003665,LIM,GRU,LIM,A350,2024-04-30,Baja,2,11,5,14
FLT003666,SCL,GRU,SCL,B787,2022-05-26,Baja,2,9,5,3
FLT003667,SCL,LIM,SCL,A320,2023-11-27,Baja,2,5,7,14
FLT003668,BOG,MAD,BOG,B737,2023-05-29,Baja,2,6,4,2
FLT003669,GRU,MAD,GRU,B787,2024-01-21,Alta_Verano,2,8,5,6
FLT003670,LIM,GRU,LIM,B737,2023-01-17,Alta_Verano,2,5,8,5
FLT003671,GRU,MIA,GRU,A320,2023-01-17,Alta_Verano,2,5,6,12
FLT003672,SCL,BOG,SCL,B787,2023-05-21,Baja,2,8,7,2
FLT003673,LIM,GRU,LIM,A350,2022-11-09,Baja,2,8,4,5
FLT003674,LIM,GRU,LIM,B737,2023-07-27,Alta_Invierno,2,6,7,9
FLT003675,SCL,LIM,SCL,A320,2023-05-11,Baja,2,6,5,2
FLT003676,LIM,GRU,LIM,A350,2022-11-16,Baja,2,11,6,11
FLT003677,LIM,MIA,LIM,B737,2022-04-25,Baja,2,5,3,3
FLT003678,LIM,BOG,LIM,B737,2024-01-04,Alta_Verano,2,6,6,6
FLT003679,GRU,MIA,GRU,B787,2023-02-25,Alta_Verano,2,8,7,4
FLT003680,SCL,LIM,SCL,A320,2024-07-28,Alta_Invierno,2,5,8,
FLT003681,LIM,BOG,LIM,B737,2023-05-26,Baja,2,5,4,4
FLT003682,LIM,MIA,LIM,A320,2024-11-09,Baja,2,6,3,3
FLT003683,SCL,BOG,SCL,B737,2024-09-19,Baja,2,6,4,3
FLT003684,SCL,EZE,SCL,A320,2022-07-30,Alta_Invierno,2,4,7,5
FLT003685,LIM,BOG,LIM,B737,2024-01-29,Alta_Verano,2,6,6,5
FLT003686,LIM,GRU,LIM,B767,2022-10-20,Baja,2,7,7,8
FLT003687,GRU,MAD,GRU,B767,2024-09-19,Baja,2,6,5,9
FLT003688,SCL,EZE,SCL,B787,2024-07-13,Alta_Invierno,2,11,4,6
FLT003689,BOG,MIA,BOG,B737,2022-04-01,Baja,2,4,3,4
FLT003690,BOG,MIA,BOG,A320,2023-11-06,Baja,2,4,4,3
FLT003691,GRU,MIA,GRU,B767,2022-04-26,Baja,2,7,8,4
FLT003692,SCL,EZE,SCL,A320,2024-10-24,Baja,2,4,5,5
FLT003693,BOG,MIA,BOG,A320,2024-07-29,Alta_Invierno,2,6,8,2
FLT003694,LIM,BOG,LIM,B737,2024-04-19,Baja,2,6,7,5
FLT003695,SCL,GRU,SCL,A320,2024-09-22,Baja,2,5,7,3
FLT003696,LIM,BOG,LIM,B767,2022-07-15,Alta_Invierno,2,7,8,12
FLT003697,SCL,BOG,SCL,A320,2022-12-17,Alta_Verano,2,5,3,13
FLT003698,EZE,GRU,EZE,B737,2023-09-25,Baja,2,5,8,4
FLT003699,GRU,MAD,GRU,A320,2024-10-03,Baja,2,5,3,5
FLT003700,LIM,MIA,LIM,B737,2024-04-03,Baja,2,4,5,2
FLT003701,GRU,MAD,GRU,A320,2022-01-12,Alta_Verano,2,6,8,11
FLT003702,LIM,GRU,LIM,A320,2023-09-18,Baja,2,6,3,11
FLT003703,SCL,JFK,SCL,B767,2023-08-09,Alta_Invierno,2,7,4,10
FLT003704,SCL,MAD,SCL,B737,2023-09-07,Baja,2,5,8,5
FLT003705,LIM,GRU,LIM,A320,2024-05-03,Baja,2,4,6,5
FLT003706,SCL,GRU,SCL,B737,2024-03-28,Baja,2,4,5,5
FLT003707,SCL,GRU,SCL,A320,2024-01-25,Alta_Verano,2,6,7,13
FLT003708,EZE,GRU,EZE,B737,2023-07-16,Alta_Invierno,2,5,6,7
FLT003709,LIM,GRU,LIM,B787,2022-05-31,Baja,2,11,6,2
FLT003710,EZE,GRU,EZE,B737,2023-07-01,Alta_Invierno,2,6,6,5
FLT003711,SCL,MIA,SCL,B737,2024-07-24,Alta_Invierno,2,5,4,4
FLT003712,BOG,MIA,BOG,B737,2022-04-19,Baja,2,5,6,3
FLT003713,SCL,BOG,SCL,A320,2023-03-17,Baja,2,6,4,
FLT003714,BOG,MAD,BOG,A320,2024-02-20,Alta_Verano,2,5,5,2
FLT003715,SCL,JFK,SCL,B737,2023-01-19,Alta_Verano,2,6,7,5
FLT003716,EZE,GRU,EZE,B737,2023-10-29,Baja,2,5,8,3
FLT003717,LIM,GRU,LIM,B767,2023-01-17,Alta_Verano,2,8,8,9
FLT003718,LIM,MIA,LIM,A320,2023-07-20,Alta_Invierno,2,5,6,8
FLT003719,LIM,MIA,LIM,A320,2024-02-01,Alta_Verano,2,4,8,11
FLT003720,SCL,MAD,SCL,A320,2023-10-06,Baja,2,5,7,3
FLT003721,GRU,MIA,GRU,B767,2023-06-11,Alta_Invierno,2,7,5,6
FLT003722,SCL,MIA,SCL,A350,2022-10-04,Baja,2,8,7,7
FLT003723,BOG,MIA,BOG,B787,2023-02-20,Alta_Verano,2,8,6,2
FLT003724,SCL,BOG,SCL,B737,2023-04-27,Baja,2,6,3,5
FLT003725,GRU,MAD,GRU,B787,2022-01-30,Alta_Verano,2,11,8,5
FLT003726,BOG,MIA,BOG,A350,2022-04-03,Baja,2,10,3,2
FLT003727,SCL,EZE,SCL,B767,2022-01-14,Alta_Verano,2,6,6,5
FLT003728,SCL,BOG,SCL,B787,2024-01-31,Alta_Verano,2,12,5,7
FLT003729,GRU,MIA,GRU,B737,2022-11-28,Baja,2,6,7,5
FLT003730,LIM,GRU,LIM,A320,2022-03-19,Baja,2,5,3,12
FLT003731,GRU,MIA,GRU,B787,2023-12-12,Alta_Verano,2,9,4,14
FLT003732,SCL,JFK,SCL,B737,2022-07-25,Alta_Invierno,2,4,8,5
FLT003733,SCL,EZE,SCL,B787,2024-08-30,Alta_Invierno,2,12,3,2
FLT003734,LIM,GRU,LIM,A320,2023-11-02,Baja,2,4,5,7
FLT003735,GRU,MAD,GRU,A320,2022-10-29,Baja,2,6,5,9
FLT003736,SCL,JFK,SCL,B767,2023-07-18,Alta_Invierno,2,8,8,4
FLT003737,SCL,JFK,SCL,A320,2024-10-29,Baja,2,6,6,12
FLT003738,SCL,LIM,SCL,B737,2023-07-16,Alta_Invierno,2,4,7,3
FLT003739,LIM,GRU,LIM,B787,2024-04-07,Baja,2,11,5,6
FLT003740,GRU,MIA,GRU,B767,2024-04-29,Baja,2,8,8,8
FLT003741,SCL,JFK,SCL,B737,2023-07-07,Alta_Invierno,2,4,4,5
FLT003742,SCL,MIA,SCL,B767,2024-03-19,Baja,2,7,4,5
FLT003743,SCL,GRU,SCL,A320,2022-02-28,Alta_Verano,2,5,3,3
FLT003744,LIM,BOG,LIM,B767,2022-05-02,Baja,2,6,5,9
FLT003745,BOG,MAD,BOG,B787,2023-01-30,Alta_Verano,2,12,7,6
FLT003746,SCL,BOG,SCL,A320,2022-09-13,Baja,2,6,3,11
FLT003747,SCL,EZE,SCL,B737,2022-04-30,Baja,2,5,7,2
FLT003748,SCL,JFK,SCL,B737,2022-01-31,Alta_Verano,2,4,8,13
FLT003749,SCL,JFK,SCL,A350,2023-10-18,Baja,2,8,8,4
FLT003750,EZE,GRU,EZE,B767,2022-08-31,Alta_Invierno,2,8,6,6
FLT003751,SCL,GRU,SCL,A350,2023-04-09,Baja,2,8,8,10
FLT003752,SCL,JFK,SCL,B737,2022-03-09,Baja,2,5,8,4
FLT003753,SCL,GRU,SCL,A320,2024-02-01,Alta_Verano,2,5,4,8
FLT003754,LIM,GRU,LIM,B767,2024-01-02,Alta_Verano,2,6,8,5
FLT003755,LIM,GRU,LIM,B737,2024-07-07,Alta_Invierno,2,4,7,8
FLT003756,SCL,LIM,SCL,B787,2023-01-13,Alta_Verano,2,12,5,3
FLT003757,EZE,GRU,EZE,B787,2024-11-27,Baja,2,12,8,9
FLT003758,SCL,MIA,SCL,B787,2022-02-27,Alta_Verano,2,8,6,2
FLT003759,SCL,JFK,SCL,B787,2023-01-01,Alta_Verano,2,8,6,5
FLT003760,SCL,BOG,SCL,B787,2024-03-14,Baja,2,11,8,5
FLT003761,SCL,EZE,SCL,B787,2022-08-04,Alta_Invierno,2,11,3,13
FLT003762,GRU,MIA,GRU,A350,2022-06-08,Alta_Invierno,2,8,7,3
FLT003763,EZE,GRU,EZE,B767,2022-01-14,Alta_Verano,2,7,6,3
FLT003764,SCL,GRU,SCL,B767,2024-07-30,Alta_Invierno,2,7,5,5
FLT003765,SCL,EZE,SCL,B737,2022-11-08,Baja,2,5,6,9
FLT003766,GRU,MAD,GRU,B737,2022-10-03,Baja,2,4,4,13
FLT003767,SCL,EZE,SCL,A320,2024-11-24,Baja,2,5,8,2
FLT003768,SCL,JFK,SCL,B737,2024-01-22,Alta_Verano,2,5,4,14
FLT003769,SCL,MAD,SCL,A320,2023-05-12,Baja,2,4,7,4
FLT003770,SCL,MAD,SCL,A320,2022-08-31,Alta_Invierno,2,6,4,5
FLT003771,LIM,MIA,LIM,B737,2024-01-19,Alta_Verano,2,5,8,3
FLT003772,BOG,MAD,BOG,B737,2024-02-03,Alta_Verano,2,4,8,2
FLT003773,GRU,MAD,GRU,B737,2024-03-04,Baja,2,6,5,3
FLT003774,LIM,BOG,LIM,B787,2023-05-29,Baja,2,8,3,7
FLT003775,SCL,BOG,SCL,B737,2024-12-10,Alta_Verano,2,6,5,6
FLT003776,GRU,MIA,GRU,A320,2024-03-01,Baja,2,4,7,14
FLT003777,SCL,BOG,SCL,B787,2024-01-27,Alta_Verano,2,8,6,4
FLT003778,LIM,GRU,LIM,A350,2022-01-05,Alta_Verano,2,9,5,14
FLT003779,LIM,MIA,LIM,A320,2024-01-22,Alta_Verano,2,4,8,13
FLT003780,LIM,GRU,LIM,B787,2023-10-11,Baja,2,9,4,2
FLT003781,EZE,GRU,EZE,B767,2023-11-02,Baja,2,6,6,5
FLT003782,GRU,MAD,GRU,B737,2024-01-21,Alta_Verano,2,5,5,3
FLT003783,SCL,EZE,SCL,B737,2022-01-11,Alta_Verano,2,5,4,7
FLT003784,SCL,BOG,SCL,B737,2024-07-10,Alta_Invierno,2,5,4,8
FLT003785,SCL,GRU,SCL,A350,2022-08-03,Alta_Invierno,2,10,6,12
FLT003786,GRU,MAD,GRU,B737,2022-01-31,Alta_Verano,2,4,4,
FLT003787,SCL,MIA,SCL,A350,2024-09-09,Baja,2,10,3,3
FLT003788,LIM,MIA,LIM,A350,2022-02-26,Alta_Verano,2,9,6,10
FLT003789,GRU,MIA,GRU,B767,2023-10-02,Baja,2,7,8,12
FLT003790,BOG,MAD,BOG,A320,2022-01-03,Alta_Verano,2,5,4,13
FLT003791,SCL,MAD,SCL,B787,2024-06-19,Alta_Invierno,2,8,3,3
FLT003792,SCL,MIA,SCL,B737,2024-01-03,Alta_Verano,2,5,4,7
FLT003793,EZE,GRU,EZE,A320,2023-05-04,Baja,2,5,4,3
FLT003794,SCL,EZE,SCL,B737,2024-08-21,Alta_Invierno,2,6,6,13
FLT003795,BOG,MIA,BOG,B787,2022-01-21,Alta_Verano,2,11,5,11
FLT003796,BOG,MAD,BOG,B787,2022-07-30,Alta_Invierno,2,11,8,6
FLT003797,LIM,GRU,LIM,B737,2023-10-31,Baja,2,5,4,5
FLT003798,EZE,GRU,EZE,B787,2023-08-29,Alta_Invierno,2,9,5,4
FLT003799,SCL,EZE,SCL,B787,2023-01-25,Alta_Verano,2,8,5,5
FLT003800,LIM,BOG,LIM,A320,2022-07-19,Alta_Invierno,2,6,4,4
FLT003801,BOG,MAD,BOG,A320,2023-10-25,Baja,2,5,4,5
FLT003802,BOG,MAD,BOG,B737,2024-08-31,Alta_Invierno,2,6,5,14
FLT003803,BOG,MIA,BOG,B787,2024-07-29,Alta_Invierno,2,11,3,7
FLT003804,BOG,MAD,BOG,B737,2024-10-15,Baja,2,4,5,2
FLT003805,SCL,BOG,SCL,B767,2022-07-11,Alta_Invierno,2,6,3,3
FLT003806,SCL,MAD,SCL,B737,2022-01-12,Alta_Verano,2,5,7,5
FLT003807,SCL,JFK,SCL,B787,2022-01-30,Alta_Verano,2,10,8,3
FLT003808,GRU,MAD,GRU,A320,2022-05-16,Baja,2,6,4,2
FLT003809,SCL,LIM,SCL,B737,2024-03-11,Baja,2,4,4,3
FLT003810,SCL,GRU,SCL,B737,2024-01-05,Alta_Verano,2,4,3,3
FLT003811,GRU,MAD,GRU,B737,2024-07-05,Alta_Invierno,2,4,6,3
FLT003812,SCL,MIA,SCL,A350,2024-01-25,Alta_Verano,2,12,5,10
FLT003813,LIM,MIA,LIM,A320,2024-11-24,Baja,2,5,4,5
FLT003814,SCL,EZE,SCL,A320,2024-11-15,Baja,2,6,7,7
FLT003815,LIM,BOG,LIM,A350,2022-07-12,Alta_Invierno,2,11,5,5
FLT003816,LIM,MIA,LIM,A320,2022-01-02,Alta_Verano,2,4,7,10
FLT003817,LIM,MIA,LIM,B787,2022-05-07,Baja,2,10,6,3
FLT003818,SCL,MAD,SCL,B737,2023-05-05,Baja,2,4,5,3
FLT003819,GRU,MAD,GRU,A320,2022-01-24,Alta_Verano,2,6,6,
FLT003820,GRU,MAD,GRU,A320,2023-04-28,Baja,2,5,5,9
FLT003821,BOG,MIA,BOG,A320,2022-02-23,Alta_Verano,2,6,8,2
FLT003822,SCL,LIM,SCL,A350,2024-01-16,Alta_Verano,2,11,7,12
FLT003823,SCL,MIA,SCL,B737,2023-10-30,Baja,2,4,3,5
FLT003824,SCL,BOG,SCL,A320,2023-12-18,Alta_Verano,2,4,3,11
FLT003825,SCL,GRU,SCL,B737,2022-01-07,Alta_Verano,2,4,3,8
FLT003826,SCL,MAD,SCL,B787,2024-11-19,Baja,2,10,3,2
FLT003827,LIM,GRU,LIM,A320,2022-02-11,Alta_Verano,2,4,3,9
FLT003828,SCL,GRU,SCL,B787,2022-09-16,Baja,2,8,6,6
FLT003829,EZE,GRU,EZE,B787,2022-07-05,Alta_Invierno,2,12,4,2
FLT003830,LIM,MIA,LIM,B737,2022-10-11,Baja,2,5,4,12
FLT003831,BOG,MIA,BOG,B787,2024-12-03,Alta_Verano,2,10,5,7
FLT003832,EZE,GRU,EZE,A320,2022-06-10,Alta_Invierno,2,5,3,5
FLT003833,SCL,MAD,SCL,B737,2022-07-23,Alta_Invierno,2,5,8,4
FLT003834,SCL,GRU,SCL,B737,2023-04-04,Baja,2,5,6,13
FLT003835,LIM,MIA,LIM,B737,2023-01-12,Alta_Verano,2,4,5,9
FLT003836,LIM,MIA,LIM,B767,2024-07-09,Alta_Invierno,2,7,8,5
FLT003837,SCL,LIM,SCL,B767,2022-07-06,Alta_Invierno,2,8,8,3
FLT003838,BOG,MAD,BOG,B767,2023-01-09,Alta_Verano,2,6,3,
FLT003839,SCL,GRU,SCL,A320,2023-07-30,Alta_Invierno,2,6,6,5
FLT003840,BOG,MIA,BOG,B737,2024-02-25,Alta_Verano,2,4,6,5
FLT003841,LIM,BOG,LIM,B737,2023-01-28,Alta_Verano,2,4,4,4
FLT003842,SCL,GRU,SCL,B737,2022-07-30,Alta_Invierno,2,5,8,5
FLT003843,SCL,EZE,SCL,A320,2023-01-30,Alta_Verano,2,6,4,6
FLT003844,SCL,GRU,SCL,A320,2023-02-04,Alta_Verano,2,4,8,3
FLT003845,SCL,MIA,SCL,B737,2023-07-16,Alta_Invierno,2,4,7,2
FLT003846,BOG,MIA,BOG,A350,2022-02-09,Alta_Verano,2,9,6,2
FLT003847,EZE,GRU,EZE,B767,2022-12-03,Alta_Verano,2,6,4,8
FLT003848,SCL,LIM,SCL,A320,2024-08-03,Alta_Invierno,2,4,4,4
FLT003849,SCL,MIA,SCL,B737,2024-07-07,Alta_Invierno,2,5,8,14
FLT003850,BOG,MIA,BOG,A320,2024-07-19,Alta_Invierno,2,4,5,2
FLT003851,BOG,MAD,BOG,A320,2022-07-30,Alta_Invierno,2,6,4,5
FLT003852,LIM,GRU,LIM,A320,2022-07-22,Alta_Invierno,2,5,7,3
FLT003853,GRU,MAD,GRU,B767,2023-08-15,Alta_Invierno,2,8,8,11
FLT003854,LIM,BOG,LIM,B767,2022-02-02,Alta_Verano,2,8,6,2
FLT003855,LIM,GRU,LIM,A320,2022-03-08,Baja,2,6,6,10
FLT003856,EZE,GRU,EZE,A320,2022-09-25,Baja,2,4,4,13
FLT003857,SCL,MIA,SCL,B767,2024-02-18,Alta_Verano,2,8,7,10
FLT003858,SCL,BOG,SCL,B737,2023-01-24,Alta_Verano,2,6,3,6
FLT003859,SCL,MIA,SCL,B737,2023-10-10,Baja,2,4,4,2
FLT003860,SCL,MIA,SCL,A320,2023-09-28,Baja,2,6,8,5
FLT003861,LIM,MIA,LIM,B767,2023-02-15,Alta_Verano,2,6,8,5
FLT003862,BOG,MIA,BOG,A320,2023-11-08,Baja,2,5,8,7
FLT003863,GRU,MIA,GRU,A320,2022-07-07,Alta_Invierno,2,4,5,3
FLT003864,SCL,EZE,SCL,B737,2023-01-08,Alta_Verano,2,6,3,14
FLT003865,BOG,MIA,BOG,A320,2023-01-30,Alta_Verano,2,6,3,2
FLT003866,SCL,GRU,SCL,B787,2024-07-25,Alta_Invierno,2,8,3,11
FLT003867,GRU,MAD,GRU,A350,2022-01-07,Alta_Verano,2,10,5,6
FLT003868,SCL,JFK,SCL,A320,2023-10-23,Baja,2,6,5,11
FLT003869,SCL,BOG,SCL,A320,2024-09-03,Baja,2,4,4,3
FLT003870,GRU,MAD,GRU,A320,2022-10-18,Baja,2,6,6,4
FLT003871,SCL,GRU,SCL,B767,2024-09-05,Baja,2,7,4,3
FLT003872,EZE,GRU,EZE,B767,2024-01-29,Alta_Verano,2,6,5,11
FLT003873,EZE,GRU,EZE,B737,2022-11-07,Baja,2,6,8,5
FLT003874,SCL,MAD,SCL,A320,2022-11-01,Baja,2,6,4,5
FLT003875,SCL,MAD,SCL,B737,2023-12-26,Alta_Verano,2,6,5,5
FLT003876,SCL,LIM,SCL,A320,2022-01-29,Alta_Verano,2,6,3,10
FLT003877,SCL,MIA,SCL,B737,2023-11-02,Baja,2,6,7,5
FLT003878,GRU,MIA,GRU,B737,2023-08-21,Alta_Invierno,2,5,7,4
FLT003879,SCL,MIA,SCL,B737,2023-09-07,Baja,2,4,6,4
FLT003880,GRU,MAD,GRU,B737,2022-12-04,Alta_Verano,2,6,5,3
FLT003881,LIM,GRU,LIM,B767,2023-07-21,Alta_Invierno,2,6,6,8
FLT003882,SCL,EZE,SCL,A320,2023-06-20,Alta_Invierno,2,5,4,5
FLT003883,SCL,GRU,SCL,B767,2022-01-10,Alta_Verano,2,8,3,10
FLT003884,GRU,MIA,GRU,A320,2023-01-16,Alta_Verano,2,6,5,4
FLT003885,SCL,MIA,SCL,A320,2022-08-24,Alta_Invierno,2,4,5,11
FLT003886,SCL,JFK,SCL,A320,2024-07-28,Alta_Invierno,2,5,8,4
FLT003887,SCL,GRU,SCL,B787,2023-12-21,Alta_Verano,2,11,8,13
FLT003888,SCL,MAD,SCL,B787,2024-06-08,Alta_Invierno,2,9,6,3
FLT003889,SCL,BOG,SCL,A320,2023-04-09,Baja,2,5,4,4
FLT003890,BOG,MIA,BOG,B767,2024-07-02,Alta_Invierno,2,8,6,13
FLT003891,LIM,MIA,LIM,B767,2022-01-31,Alta_Verano,2,8,6,7
FLT003892,SCL,BOG,SCL,B737,2022-05-02,Baja,2,4,7,8
FLT003893,BOG,MAD,BOG,B787,2022-01-29,Alta_Verano,2,10,4,6
FLT003894,LIM,MIA,LIM,B737,2023-01-24,Alta_Verano,2,5,8,11
FLT003895,SCL,LIM,SCL,A320,2023-06-29,Alta_Invierno,2,5,5,8
FLT003896,SCL,GRU,SCL,A320,2024-11-15,Baja,2,6,8,4
FLT003897,SCL,EZE,SCL,B767,2023-08-13,Alta_Invierno,2,8,3,4
FLT003898,EZE,GRU,EZE,A320,2024-03-06,Baja,2,5,4,4
FLT003899,BOG,MAD,BOG,A320,2023-12-31,Alta_Verano,2,5,3,3
FLT003900,GRU,MAD,GRU,A320,2023-01-27,Alta_Verano,2,4,6,2
FLT003901,SCL,JFK,SCL,B737,2022-04-19,Baja,2,6,7,3
FLT003902,SCL,JFK,SCL,B767,2024-10-13,Baja,2,6,7,2
FLT003903,GRU,MIA,GRU,B787,2022-08-29,Alta_Invierno,2,10,6,4
FLT003904,LIM,GRU,LIM,A320,2023-11-30,Baja,2,4,7,2
FLT003905,LIM,MIA,LIM,A350,2024-08-24,Alta_Invierno,2,9,6,4
FLT003906,BOG,MIA,BOG,A350,2023-05-10,Baja,2,9,4,8
FLT003907,EZE,GRU,EZE,A320,2024-07-24,Alta_Invierno,2,5,7,3
FLT003908,LIM,GRU,LIM,B787,2022-01-02,Alta_Verano,2,12,4,10
FLT003909,SCL,LIM,SCL,B737,2024-05-17,Baja,2,6,8,5
FLT003910,SCL,BOG,SCL,B787,2024-01-25,Alta_Verano,2,8,7,3
FLT003911,BOG,MAD,BOG,B767,2024-10-28,Baja,2,8,5,2
FLT003912,SCL,LIM,SCL,B767,2023-04-24,Baja,2,7,6,4
FLT003913,LIM,BOG,LIM,A320,2024-03-23,Baja,2,5,3,
FLT003914,SCL,GRU,SCL,B767,2022-06-02,Alta_Invierno,2,6,4,8
FLT003915,LIM,BOG,LIM,A320,2022-01-25,Alta_Verano,2,5,8,6
FLT003916,SCL,JFK,SCL,B767,2024-03-13,Baja,2,7,4,6
FLT003917,LIM,BOG,LIM,B787,2022-07-07,Alta_Invierno,2,9,7,5
FLT003918,SCL,JFK,SCL,A320,2023-02-22,Alta_Verano,2,5,7,2
FLT003919,SCL,MAD,SCL,B767,2024-07-07,Alta_Invierno,2,8,8,8
FLT003920,EZE,GRU,EZE,B737,2023-01-31,Alta_Verano,2,4,7,10
FLT003921,LIM,GRU,LIM,B767,2023-11-19,Baja,2,8,5,3
FLT003922,BOG,MIA,BOG,B787,2023-10-07,Baja,2,10,6,11
FLT003923,LIM,GRU,LIM,A320,2022-08-31,Alta_Invierno,2,6,8,2
FLT003924,GRU,MAD,GRU,A320,2022-12-09,Alta_Verano,2,4,4,12
FLT003925,GRU,MAD,GRU,B737,2024-01-31,Alta_Verano,2,6,7,3
FLT003926,SCL,MIA,SCL,B767,2022-04-17,Baja,2,6,6,4
FLT003927,LIM,GRU,LIM,B737,2024-05-25,Baja,2,6,5,11
FLT003928,LIM,BOG,LIM,A320,2024-01-16,Alta_Verano,2,4,4,4
FLT003929,SCL,GRU,SCL,A320,2022-07-17,Alta_Invierno,2,6,6,4
FLT003930,SCL,EZE,SCL,B737,2024-08-24,Alta_Invierno,2,6,5,4
FLT003931,BOG,MAD,BOG,B767,2024-07-01,Alta_Invierno,2,7,8,6
FLT003932,BOG,MIA,BOG,B787,2022-10-03,Baja,2,12,3,4
FLT003933,BOG,MIA,BOG,A350,2023-07-03,Alta_Invierno,2,8,7,13
FLT003934,SCL,LIM,SCL,A320,2023-08-01,Alta_Invierno,2,6,6,5
FLT003935,SCL,JFK,SCL,B737,2023-01-09,Alta_Verano,2,4,5,3
FLT003936,BOG,MIA,BOG,B737,2022-02-18,Alta_Verano,2,6,8,3
FLT003937,LIM,MIA,LIM,A350,2022-07-14,Alta_Invierno,2,10,4,12
FLT003938,SCL,LIM,SCL,A320,2024-10-19,Baja,2,6,8,3
FLT003939,SCL,BOG,SCL,B737,2023-09-11,Baja,2,6,6,4
FLT003940,GRU,MAD,GRU,A350,2022-07-23,Alta_Invierno,2,9,4,3
FLT003941,BOG,MAD,BOG,B737,2022-05-18,Baja,2,6,5,11
FLT003942,GRU,MIA,GRU,B737,2022-08-29,Alta_Invierno,2,5,7,8
FLT003943,SCL,MIA,SCL,B787,2023-02-05,Alta_Verano,2,12,5,5
FLT003944,SCL,JFK,SCL,B737,2024-03-14,Baja,2,4,3,12
FLT003945,SCL,GRU,SCL,A350,2023-03-07,Baja,2,9,8,5
FLT003946,LIM,MIA,LIM,A350,2022-08-26,Alta_Invierno,2,9,3,14
FLT003947,SCL,MIA,SCL,B737,2024-10-17,Baja,2,4,6,3
FLT003948,SCL,MAD,SCL,A320,2024-07-24,Alta_Invierno,2,4,7,14
FLT003949,SCL,BOG,SCL,B767,2023-10-16,Baja,2,7,4,13
FLT003950,SCL,BOG,SCL,B787,2022-11-23,Baja,2,9,8,5
FLT003951,SCL,BOG,SCL,A320,2022-11-15,Baja,2,5,4,2
FLT003952,BOG,MIA,BOG,B787,2024-05-12,Baja,2,8,4,14
FLT003953,SCL,GRU,SCL,B787,2022-05-29,Baja,2,11,7,5
FLT003954,LIM,MIA,LIM,A350,2022-12-07,Alta_Verano,2,9,5,5
FLT003955,SCL,LIM,SCL,B767,2023-11-22,Baja,2,7,8,4
FLT003956,SCL,LIM,SCL,B767,2022-11-17,Baja,2,7,7,4
FLT003957,SCL,GRU,SCL,B737,2023-01-16,Alta_Verano,2,5,5,13
FLT003958,SCL,GRU,SCL,A320,2022-01-14,Alta_Verano,2,6,3,4
FLT003959,LIM,BOG,LIM,B737,2024-09-23,Baja,2,4,3,3
FLT003960,GRU,MAD,GRU,B737,2022-07-23,Alta_Invierno,2,5,7,13
FLT003961,SCL,BOG,SCL,B737,2022-04-09,Baja,2,6,3,3
FLT003962,GRU,MAD,GRU,A350,2024-05-22,Baja,2,10,5,2
FLT003963,GRU,MAD,GRU,B767,2022-12-10,Alta_Verano,2,8,4,11
FLT003964,LIM,GRU,LIM,B767,2024-02-07,Alta_Verano,2,8,7,13
FLT003965,SCL,JFK,SCL,B787,2022-01-16,Alta_Verano,2,11,7,11
FLT003966,EZE,GRU,EZE,A350,2023-02-03,Alta_Verano,2,9,6,5
FLT003967,EZE,GRU,EZE,A320,2023-07-17,Alta_Invierno,2,5,3,6
FLT003968,GRU,MAD,GRU,A320,2023-03-05,Baja,2,4,6,3
FLT003969,LIM,BOG,LIM,B767,2023-01-06,Alta_Verano,2,8,3,3
FLT003970,SCL,MIA,SCL,A320,2024-07-10,Alta_Invierno,2,4,7,2
FLT003971,BOG,MAD,BOG,A350,2024-01-26,Alta_Verano,2,12,8,3
FLT003972,BOG,MAD,BOG,B737,2023-01-23,Alta_Verano,2,6,7,3
FLT003973,GRU,MAD,GRU,A320,2022-11-23,Baja,2,4,4,10
FLT003974,EZE,GRU,EZE,B767,2022-06-27,Alta_Invierno,2,8,3,8
FLT003975,LIM,MIA,LIM,B767,2024-07-22,Alta_Invierno,2,6,4,10
FLT003976,LIM,GRU,LIM,B787,2022-02-03,Alta_Verano,2,12,5,2
FLT003977,SCL,MAD,SCL,B737,2023-01-06,Alta_Verano,2,4,7,5
FLT003978,SCL,JFK,SCL,B787,2024-09-24,Baja,2,9,7,11
FLT003979,GRU,MIA,GRU,B737,2024-05-24,Baja,2,4,3,7
FLT003980,EZE,GRU,EZE,B737,2023-12-25,Alta_Verano,2,5,7,5
FLT003981,LIM,GRU,LIM,A320,2022-05-19,Baja,2,5,7,10
FLT003982,SCL,GRU,SCL,B737,2023-09-25,Baja,2,6,6,2
FLT003983,BOG,MIA,BOG,A350,2022-12-26,Alta_Verano,2,11,3,8
FLT003984,GRU,MIA,GRU,A320,2023-07-14,Alta_Invierno,2,6,8,5
FLT003985,SCL,JFK,SCL,B767,2022-05-04,Baja,2,8,7,12
FLT003986,BOG,MIA,BOG,A350,2023-01-23,Alta_Verano,2,12,3,14
FLT003987,BOG,MIA,BOG,B737,2023-04-05,Baja,2,5,4,3
FLT003988,BOG,MAD,BOG,B737,2024-06-27,Alta_Invierno,2,5,5,4
FLT003989,LIM,MIA,LIM,A320,2022-02-23,Alta_Verano,2,4,4,6
FLT003990,LIM,MIA,LIM,A320,2022-10-18,Baja,2,6,3,7
FLT003991,SCL,BOG,SCL,A320,2022-04-10,Baja,2,6,3,9
FLT003992,EZE,GRU,EZE,B787,2023-05-05,Baja,2,12,5,11
FLT003993,LIM,MIA,LIM,B737,2024-12-27,Alta_Verano,2,5,6,12
FLT003994,GRU,MAD,GRU,A320,2023-11-30,Baja,2,4,7,10
FLT003995,SCL,MAD,SCL,A320,2024-01-08,Alta_Verano,2,5,6,9
FLT003996,SCL,MAD,SCL,A320,2024-06-25,Alta_Invierno,2,6,6,8
FLT003997,SCL,EZE,SCL,A350,2024-01-13,Alta_Verano,2,12,4,5
FLT003998,GRU,MAD,GRU,A350,2023-02-23,Alta_Verano,2,8,6,
FLT003999,GRU,MAD,GRU,A350,2024-02-25,Alta_Verano,2,10,4,14
FLT004000,SCL,LIM,SCL,B737,2023-07-21,Alta_Invierno,2,6,7,2
FLT004001,BOG,MIA,BOG,A350,2022-07-20,Alta_Invierno,2,11,8,3
FLT004002,SCL,MAD,SCL,A320,2024-04-09,Baja,2,6,7,2
FLT004003,SCL,MIA,SCL,A350,2023-08-27,Alta_Invierno,2,8,6,4
FLT004004,SCL,GRU,SCL,A320,2024-07-19,Alta_Invierno,2,6,4,3
FLT004005,LIM,BOG,LIM,B737,2024-01-04,Alta_Verano,2,6,3,10
FLT004006,SCL,EZE,SCL,B737,2022-11-19,Baja,2,4,5,5
FLT004007,SCL,MIA,SCL,B737,2024-01-25,Alta_Verano,2,4,3,3
FLT004008,SCL,BOG,SCL,A350,2024-08-18,Alta_Invierno,2,9,7,9
FLT004009,BOG,MIA,BOG,B737,2024-01-11,Alta_Verano,2,4,8,10
FLT004010,LIM,BOG,LIM,B787,2022-05-15,Baja,2,12,7,10
FLT004011,SCL,LIM,SCL,A320,2023-11-15,Baja,2,5,5,8
FLT004012,EZE,GRU,EZE,B787,2022-03-26,Baja,2,9,3,13
FLT004013,LIM,GRU,LIM,B737,2023-10-17,Baja,2,4,8,10
FLT004014,SCL,MAD,SCL,A320,2023-03-20,Baja,2,4,8,9
FLT004015,GRU,MAD,GRU,B767,2022-03-12,Baja,2,7,6,13
FLT004016,EZE,GRU,EZE,B737,2022-08-20,Alta_Invierno,2,6,7,8
FLT004017,LIM,MIA,LIM,A350,2022-07-06,Alta_Invierno,2,8,8,5
FLT004018,SCL,LIM,SCL,A320,2024-10-31,Baja,2,6,8,5
FLT004019,LIM,MIA,LIM,B737,2022-10-14,Baja,2,4,5,10
FLT004020,SCL,EZE,SCL,B767,2022-01-12,Alta_Verano,2,6,4,7
FLT004021,GRU,MIA,GRU,B737,2023-10-14,Baja,2,6,7,13
FLT004022,SCL,EZE,SCL,A320,2024-06-13,Alta_Invierno,2,4,3,5
FLT004023,SCL,JFK,SCL,B767,2022-08-27,Alta_Invierno,2,7,7,4
FLT004024,SCL,LIM,SCL,A320,2023-07-05,Alta_Invierno,2,4,3,7
FLT004025,EZE,GRU,EZE,B737,2023-09-24,Baja,2,5,4,14
FLT004026,LIM,MIA,LIM,A320,2024-06-25,Alta_Invierno,2,5,4,10
FLT004027,SCL,JFK,SCL,A350,2023-03-14,Baja,2,9,4,2
FLT004028,SCL,EZE,SCL,B767,2022-05-27,Baja,2,6,8,7
FLT004029,GRU,MIA,GRU,B737,2023-12-31,Alta_Verano,2,5,8,4
FLT004030,SCL,JFK,SCL,B737,2023-04-29,Baja,2,6,4,5
FLT004031,SCL,MIA,SCL,B737,2023-01-01,Alta_Verano,2,6,3,4
FLT004032,SCL,GRU,SCL,A350,2023-11-19,Baja,2,9,8,14
FLT004033,BOG,MAD,BOG,B767,2022-06-06,Alta_Invierno,2,8,8,4
FLT004034,LIM,BOG,LIM,A320,2023-08-26,Alta_Invierno,2,4,6,3
FLT004035,LIM,BOG,LIM,B737,2024-06-04,Alta_Invierno,2,4,8,6
FLT004036,SCL,MAD,SCL,A320,2023-07-31,Alta_Invierno,2,6,8,4
FLT004037,SCL,BOG,SCL,B737,2023-07-08,Alta_Invierno,2,6,3,6
FLT004038,LIM,GRU,LIM,B737,2023-01-29,Alta_Verano,2,5,6,11
FLT004039,LIM,GRU,LIM,B737,2022-10-18,Baja,2,4,3,2
FLT004040,SCL,JFK,SCL,B737,2023-08-06,Alta_Invierno,2,5,7,3
FLT004041,BOG,MIA,BOG,B737,2023-10-31,Baja,2,5,5,
FLT004042,BOG,MIA,BOG,B787,2024-12-05,Alta_Verano,2,9,3,8
FLT004043,SCL,MIA,SCL,A320,2022-01-31,Alta_Verano,2,6,6,3
FLT004044,SCL,GRU,SCL,B787,2024-10-19,Baja,2,12,3,10
FLT004045,LIM,GRU,LIM,B787,2024-06-16,Alta_Invierno,2,9,8,3
FLT004046,BOG,MAD,BOG,B737,2022-10-07,Baja,2,4,4,12
FLT004047,EZE,GRU,EZE,B737,2024-07-01,Alta_Invierno,2,6,7,5
FLT004048,GRU,MAD,GRU,B767,2024-02-14,Alta_Verano,2,8,5,7
FLT004049,SCL,MIA,SCL,B767,2022-01-08,Alta_Verano,2,8,5,2
FLT004050,SCL,GRU,SCL,A350,2024-05-17,Baja,2,8,7,5
FLT004051,SCL,LIM,SCL,B787,2023-03-19,Baja,2,8,5,13
FLT004052,SCL,LIM,SCL,A320,2024-12-19,Alta_Verano,2,4,5,7
FLT004053,GRU,MIA,GRU,A320,2023-07-28,Alta_Invierno,2,6,3,13
FLT004054,LIM,GRU,LIM,A350,2023-07-21,Alta_Invierno,2,9,7,13
FLT004055,BOG,MIA,BOG,B737,2023-10-05,Baja,2,5,6,3
FLT004056,GRU,MIA,GRU,B737,2024-09-01,Baja,2,5,3,13
FLT004057,GRU,MAD,GRU,B787,2024-08-05,Alta_Invierno,2,11,8,10
FLT004058,GRU,MIA,GRU,B737,2024-08-26,Alta_Invierno,2,4,7,14
FLT004059,LIM,BOG,LIM,B737,2024-06-04,Alta_Invierno,2,6,5,
FLT004060,SCL,MAD,SCL,B767,2024-09-08,Baja,2,6,6,2
FLT004061,SCL,MAD,SCL,B737,2023-03-21,Baja,2,4,5,14
FLT004062,GRU,MAD,GRU,B767,2022-11-04,Baja,2,6,6,11
FLT004063,EZE,GRU,EZE,B787,2024-12-05,Alta_Verano,2,12,4,8
FLT004064,SCL,LIM,SCL,B737,2023-01-04,Alta_Verano,2,6,4,10
FLT004065,SCL,GRU,SCL,B737,2024-11-03,Baja,2,5,7,2
FLT004066,SCL,LIM,SCL,B767,2022-04-11,Baja,2,7,8,14
FLT004067,SCL,GRU,SCL,B787,2023-10-30,Baja,2,11,7,14
FLT004068,SCL,EZE,SCL,A320,2024-01-05,Alta_Verano,2,5,6,13
FLT004069,EZE,GRU,EZE,B737,2024-07-12,Alta_Invierno,2,6,5,2
FLT004070,GRU,MIA,GRU,B737,2024-08-10,Alta_Invierno,2,4,7,2
FLT004071,SCL,MAD,SCL,A320,2022-08-09,Alta_Invierno,2,6,5,
FLT004072,EZE,GRU,EZE,B737,2023-06-19,Alta_Invierno,2,4,7,2
FLT004073,SCL,BOG,SCL,B737,2022-12-10,Alta_Verano,2,4,6,6
FLT004074,SCL,JFK,SCL,B767,2022-01-21,Alta_Verano,2,8,3,2
FLT004075,LIM,GRU,LIM,B737,2022-01-21,Alta_Verano,2,5,3,11
FLT004076,SCL,JFK,SCL,A320,2023-10-13,Baja,2,5,5,6
FLT004077,LIM,GRU,LIM,B767,2022-01-08,Alta_Verano,2,7,4,3
FLT004078,BOG,MIA,BOG,B787,2023-01-27,Alta_Verano,2,12,7,5
FLT004079,GRU,MAD,GRU,B737,2024-06-30,Alta_Invierno,2,4,7,14
FLT004080,SCL,JFK,SCL,B767,2023-12-09,Alta_Verano,2,7,6,3
FLT004081,GRU,MAD,GRU,B737,2023-05-16,Baja,2,6,3,12
FLT004082,LIM,GRU,LIM,B737,2024-08-22,Alta_Invierno,2,5,5,5
FLT004083,LIM,BOG,LIM,B737,2022-09-16,Baja,2,6,6,3
FLT004084,SCL,MAD,SCL,B787,2024-07-19,Alta_Invierno,2,12,5,9
FLT004085,LIM,MIA,LIM,B737,2024-10-19,Baja,2,4,6,5
FLT004086,SCL,MAD,SCL,B737,2022-12-02,Alta_Verano,2,4,3,6
FLT004087,LIM,GRU,LIM,B737,2022-02-11,Alta_Verano,2,6,8,7
FLT004088,GRU,MAD,GRU,A350,2022-07-16,Alta_Invierno,2,9,8,8
FLT004089,EZE,GRU,EZE,B737,2022-04-11,Baja,2,6,7,12
FLT004090,SCL,GRU,SCL,A350,2024-07-07,Alta_Invierno,2,12,7,13
FLT004091,SCL,GRU,SCL,B767,2024-08-27,Alta_Invierno,2,8,6,3
FLT004092,SCL,MIA,SCL,A320,2024-06-17,Alta_Invierno,2,6,8,8
FLT004093,SCL,GRU,SCL,B737,2022-09-07,Baja,2,4,6,5
FLT004094,SCL,GRU,SCL,A320,2022-01-12,Alta_Verano,2,5,6,2
FLT004095,LIM,MIA,LIM,B787,2023-06-18,Alta_Invierno,2,8,5,7
FLT004096,SCL,EZE,SCL,A350,2023-10-03,Baja,2,12,3,8
FLT004097,SCL,BOG,SCL,B737,2023-03-06,Baja,2,5,4,5
FLT004098,SCL,LIM,SCL,B767,2024-05-11,Baja,2,6,7,11
FLT004099,LIM,MIA,LIM,B737,2022-10-07,Baja,2,4,8,2
FLT004100,LIM,MIA,LIM,A320,2023-02-27,Alta_Verano,2,6,3,10
FLT004101,LIM,GRU,LIM,A350,2023-01-29,Alta_Verano,2,9,6,5
FLT004102,BOG,MIA,BOG,B737,2022-01-24,Alta_Verano,2,4,7,5
FLT004103,LIM,GRU,LIM,A320,2022-02-20,Alta_Verano,2,6,6,2
FLT004104,SCL,BOG,SCL,A320,2024-06-04,Alta_Invierno,2,5,5,7
FLT004105,EZE,GRU,EZE,A320,2024-01-11,Alta_Verano,2,5,5,9
FLT004106,LIM,GRU,LIM,A320,2023-06-23,Alta_Invierno,2,5,6,14
FLT004107,BOG,MAD,BOG,B737,2023-10-30,Baja,2,6,5,7
FLT004108,SCL,MIA,SCL,B737,2023-10-02,Baja,2,4,6,5
FLT004109,BOG,MAD,BOG,B767,2023-02-07,Alta_Verano,2,8,8,9
FLT004110,GRU,MAD,GRU,B737,2024-12-22,Alta_Verano,2,5,3,14
FLT004111,GRU,MAD,GRU,B767,2022-01-20,Alta_Verano,2,7,3,3
FLT004112,SCL,JFK,SCL,B737,2022-09-20,Baja,2,4,8,10
FLT004113,LIM,BOG,LIM,B767,2023-01-30,Alta_Verano,2,8,4,12
FLT004114,LIM,MIA,LIM,A320,2023-01-18,Alta_Verano,2,4,8,13
FLT004115,BOG,MAD,BOG,B737,2024-09-02,Baja,2,4,5,2
FLT004116,GRU,MAD,GRU,A320,2023-11-18,Baja,2,6,3,3
FLT004117,GRU,MAD,GRU,A320,2022-01-25,Alta_Verano,2,5,7,5
FLT004118,SCL,BOG,SCL,B737,2024-04-24,Baja,2,6,4,4
FLT004119,LIM,MIA,LIM,B737,2023-07-28,Alta_Invierno,2,6,6,5
FLT004120,SCL,EZE,SCL,B737,2023-09-10,Baja,2,6,4,9
FLT004121,SCL,MAD,SCL,A320,2022-05-04,Baja,2,6,6,6
FLT004122,BOG,MAD,BOG,A320,2024-01-04,Alta_Verano,2,6,7,7
FLT004123,SCL,EZE,SCL,B787,2022-12-11,Alta_Verano,2,11,8,3
FLT004124,GRU,MIA,GRU,B787,2023-07-01,Alta_Invierno,2,12,8,10
FLT004125,GRU,MIA,GRU,B737,2023-01-07,Alta_Verano,2,5,6,3
FLT004126,SCL,MAD,SCL,A320,2024-05-20,Baja,2,6,8,11
FLT004127,SCL,LIM,SCL,B737,2022-01-13,Alta_Verano,2,6,6,13
FLT004128,LIM,GRU,LIM,A320,2022-10-20,Baja,2,4,7,12
FLT004129,SCL,BOG,SCL,A350,2022-08-08,Alta_Invierno,2,9,6,4
FLT004130,BOG,MIA,BOG,B767,2022-09-30,Baja,2,7,8,13
FLT004131,GRU,MAD,GRU,A320,2024-07-21,Alta_Invierno,2,5,4,7
FLT004132,SCL,MAD,SCL,A320,2023-01-26,Alta_Verano,2,4,7,2
FLT004133,SCL,MIA,SCL,B737,2024-01-10,Alta_Verano,2,6,5,
FLT004134,BOG,MIA,BOG,A320,2024-01-18,Alta_Verano,2,4,7,4
FLT004135,SCL,GRU,SCL,A320,2022-07-12,Alta_Invierno,2,4,8,7
FLT004136,SCL,MAD,SCL,B767,2023-05-02,Baja,2,6,7,14
FLT004137,BOG,MIA,BOG,A350,2023-08-08,Alta_Invierno,2,8,5,3
FLT004138,SCL,GRU,SCL,B737,2023-01-28,Alta_Verano,2,6,3,4
FLT004139,SCL,BOG,SCL,B767,2024-08-25,Alta_Invierno,2,6,4,14
FLT004140,SCL,MIA,SCL,A320,2022-09-13,Baja,2,4,6,10
FLT004141,SCL,GRU,SCL,A320,2024-11-13,Baja,2,5,5,9
FLT004142,SCL,JFK,SCL,A320,2024-03-14,Baja,2,4,4,9
FLT004143,SCL,LIM,SCL,B767,2024-06-02,Alta_Invierno,2,7,5,4
FLT004144,LIM,BOG,LIM,B767,2022-04-28,Baja,2,7,6,5
FLT004145,GRU,MIA,GRU,A320,2024-10-26,Baja,2,4,4,3
FLT004146,GRU,MIA,GRU,B737,2024-07-18,Alta_Invierno,2,6,5,2
FLT004147,SCL,MAD,SCL,B737,2022-11-15,Baja,2,6,7,2
FLT004148,SCL,GRU,SCL,B787,2024-06-27,Alta_Invierno,2,8,4,9
FLT004149,EZE,GRU,EZE,A320,2023-04-14,Baja,2,6,3,6
FLT004150,SCL,MAD,SCL,A320,2022-01-19,Alta_Verano,2,4,8,11
FLT004151,SCL,GRU,SCL,B787,2022-10-26,Baja,2,10,6,4
FLT004152,SCL,MIA,SCL,B767,2024-01-02,Alta_Verano,2,8,4,4
FLT004153,SCL,MIA,SCL,B787,2024-03-08,Baja,2,10,4,2
FLT004154,LIM,MIA,LIM,B767,2023-09-21,Baja,2,8,6,7
FLT004155,SCL,JFK,SCL,A320,2024-07-08,Alta_Invierno,2,5,7,5
FLT004156,SCL,JFK,SCL,B737,2024-06-29,Alta_Invierno,2,4,3,14
FLT004157,SCL,GRU,SCL,B737,2022-10-20,Baja,2,5,5,12
FLT004158,SCL,MIA,SCL,B737,2023-01-09,Alta_Verano,2,6,7,10
FLT004159,LIM,BOG,LIM,B737,2022-01-19,Alta_Verano,2,4,6,3
FLT004160,SCL,JFK,SCL,A320,2023-04-11,Baja,2,6,3,2
FLT004161,SCL,MIA,SCL,A350,2023-01-23,Alta_Verano,2,10,4,5
FLT004162,LIM,MIA,LIM,B737,2023-11-21,Baja,2,4,8,4
FLT004163,BOG,MIA,BOG,B737,2022-04-25,Baja,2,6,4,9
FLT004164,EZE,GRU,EZE,B737,2023-02-05,Alta_Verano,2,5,5,3
FLT004165,LIM,BOG,LIM,A320,2024-06-12,Alta_Invierno,2,5,4,13
FLT004166,BOG,MAD,BOG,B737,2024-12-31,Alta_Verano,2,4,7,5
FLT004167,EZE,GRU,EZE,B767,2023-09-17,Baja,2,8,6,3
FLT004168,LIM,MIA,LIM,A320,2023-08-07,Alta_Invierno,2,4,8,5
FLT004169,BOG,MAD,BOG,B737,2023-01-27,Alta_Verano,2,5,6,8
FLT004170,GRU,MIA,GRU,B737,2023-12-26,Alta_Verano,2,5,5,5
FLT004171,SCL,LIM,SCL,A320,2024-10-16,Baja,2,4,7,2
FLT004172,EZE,GRU,EZE,B767,2023-10-06,Baja,2,6,5,9
FLT004173,BOG,MAD,BOG,A320,2022-07-27,Alta_Invierno,2,4,8,2
FLT004174,SCL,MIA,SCL,A320,2023-04-05,Baja,2,4,7,3
FLT004175,SCL,MIA,SCL,A320,2023-12-31,Alta_Verano,2,4,6,3
FLT004176,GRU,MIA,GRU,A320,2024-10-03,Baja,2,5,3,4
FLT004177,LIM,MIA,LIM,A320,2024-07-16,Alta_Invierno,2,4,3,2
FLT004178,LIM,MIA,LIM,B767,2022-08-28,Alta_Invierno,2,8,8,10
FLT004179,SCL,MAD,SCL,B767,2023-04-06,Baja,2,7,6,5
FLT004180,LIM,BOG,LIM,B737,2023-07-30,Alta_Invierno,2,4,5,6
FLT004181,SCL,JFK,SCL,B787,2024-01-28,Alta_Verano,2,8,4,4
FLT004182,GRU,MAD,GRU,A320,2024-03-27,Baja,2,6,8,3
FLT004183,EZE,GRU,EZE,B737,2023-04-30,Baja,2,4,7,5
FLT004184,SCL,EZE,SCL,A320,2022-07-09,Alta_Invierno,2,5,3,13
FLT004185,SCL,LIM,SCL,A320,2024-05-05,Baja,2,6,6,4
FLT004186,LIM,BOG,LIM,B737,2024-05-01,Baja,2,4,4,13
FLT004187,LIM,BOG,LIM,A320,2023-01-13,Alta_Verano,2,4,3,
FLT004188,SCL,EZE,SCL,A350,2024-04-14,Baja,2,11,5,8
FLT004189,LIM,GRU,LIM,B787,2022-01-09,Alta_Verano,2,9,3,5
FLT004190,LIM,GRU,LIM,A320,2022-01-16,Alta_Verano,2,4,4,5
FLT004191,SCL,MAD,SCL,B737,2022-07-10,Alta_Invierno,2,4,4,12
FLT004192,BOG,MAD,BOG,B767,2022-07-13,Alta_Invierno,2,7,8,6
FLT004193,SCL,JFK,SCL,B767,2023-05-14,Baja,2,7,4,3
FLT004194,SCL,GRU,SCL,B767,2024-07-14,Alta_Invierno,2,6,7,5
FLT004195,LIM,GRU,LIM,B737,2023-07-16,Alta_Invierno,2,5,5,3
FLT004196,LIM,BOG,LIM,B767,2022-03-20,Baja,2,6,6,4
FLT004197,SCL,LIM,SCL,A350,2024-07-14,Alta_Invierno,2,10,4,5
FLT004198,GRU,MIA,GRU,B787,2023-12-02,Alta_Verano,2,9,8,7
FLT004199,SCL,JFK,SCL,A320,2023-01-27,Alta_Verano,2,5,5,12
FLT004200,SCL,BOG,SCL,B787,2023-07-05,Alta_Invierno,2,12,3,5
FLT004201,SCL,BOG,SCL,A320,2023-03-12,Baja,2,4,7,10
FLT004202,LIM,GRU,LIM,A320,2022-07-07,Alta_Invierno,2,4,7,14
FLT004203,GRU,MAD,GRU,A320,2023-07-02,Alta_Invierno,2,6,3,3
FLT004204,LIM,MIA,LIM,A320,2022-01-27,Alta_Verano,2,4,5,12
FLT004205,SCL,JFK,SCL,B787,2024-12-09,Alta_Verano,2,11,7,4
FLT004206,LIM,GRU,LIM,B737,2022-03-02,Baja,2,4,7,3
FLT004207,LIM,MIA,LIM,A320,2023-12-15,Alta_Verano,2,4,5,12
FLT004208,SCL,JFK,SCL,B737,2024-07-04,Alta_Invierno,2,4,4,6
FLT004209,SCL,MIA,SCL,B737,2024-07-27,Alta_Invierno,2,5,4,5
FLT004210,BOG,MIA,BOG,B737,2023-10-13,Baja,2,5,8,8
FLT004211,SCL,JFK,SCL,B787,2022-04-05,Baja,2,9,8,11
FLT004212,SCL,MAD,SCL,A320,2023-02-16,Alta_Verano,2,6,4,7
FLT004213,SCL,MAD,SCL,B787,2023-08-05,Alta_Invierno,2,10,6,4
FLT004214,EZE,GRU,EZE,B787,2023-11-17,Baja,2,10,8,10
FLT004215,EZE,GRU,EZE,A320,2022-11-06,Baja,2,4,4,8
FLT004216,LIM,BOG,LIM,B737,2024-01-04,Alta_Verano,2,4,6,12
FLT004217,EZE,GRU,EZE,B737,2023-06-27,Alta_Invierno,2,6,6,11
FLT004218,LIM,MIA,LIM,B737,2022-02-09,Alta_Verano,2,5,4,4
FLT004219,SCL,BOG,SCL,B737,2023-08-23,Alta_Invierno,2,6,4,3
FLT004220,SCL,MIA,SCL,B767,2022-10-15,Baja,2,7,6,13
FLT004221,GRU,MAD,GRU,A320,2024-05-02,Baja,2,4,7,5
FLT004222,SCL,EZE,SCL,B737,2024-11-12,Baja,2,5,4,11
FLT004223,LIM,BOG,LIM,A350,2023-07-02,Alta_Invierno,2,8,6,5
FLT004224,BOG,MIA,BOG,B737,2022-04-10,Baja,2,6,6,2
FLT004225,BOG,MIA,BOG,B787,2024-05-19,Baja,2,9,3,10
FLT004226,SCL,BOG,SCL,B787,2022-04-10,Baja,2,8,6,2
FLT004227,EZE,GRU,EZE,B737,2022-12-09,Alta_Verano,2,5,7,7
FLT004228,LIM,GRU,LIM,B737,2023-07-03,Alta_Invierno,2,5,7,10
FLT004229,LIM,BOG,LIM,B737,2023-06-05,Alta_Invierno,2,5,4,8
FLT004230,SCL,LIM,SCL,A320,2022-01-29,Alta_Verano,2,6,8,12
FLT004231,LIM,GRU,LIM,A320,2022-03-08,Baja,2,6,6,14
FLT004232,LIM,BOG,LIM,B787,2022-05-30,Baja,2,8,4,9
FLT004233,GRU,MIA,GRU,B787,2024-06-16,Alta_Invierno,2,9,8,5
FLT004234,GRU,MIA,GRU,B787,2024-04-13,Baja,2,10,7,11
FLT004235,BOG,MAD,BOG,B737,2022-01-15,Alta_Verano,2,4,5,8
FLT004236,LIM,BOG,LIM,A320,2023-12-03,Alta_Verano,2,5,6,2
FLT004237,BOG,MAD,BOG,B787,2023-03-12,Baja,2,9,5,12
FLT004238,LIM,MIA,LIM,B737,2024-10-07,Baja,2,4,6,4
FLT004239,BOG,MAD,BOG,B737,2023-09-21,Baja,2,5,3,8
FLT004240,SCL,BOG,SCL,B787,2022-12-21,Alta_Verano,2,11,4,4
FLT004241,SCL,LIM,SCL,B767,2023-01-24,Alta_Verano,2,8,5,13
FLT004242,SCL,GRU,SCL,B787,2024-09-08,Baja,2,11,5,5
FLT004243,SCL,BOG,SCL,B737,2024-06-25,Alta_Invierno,2,4,7,12
FLT004244,EZE,GRU,EZE,A320,2024-06-27,Alta_Invierno,2,6,5,13
FLT004245,BOG,MIA,BOG,B737,2023-10-24,Baja,2,6,4,11
FLT004246,LIM,MIA,LIM,B737,2022-02-03,Alta_Verano,2,4,8,4
FLT004247,SCL,GRU,SCL,B787,2024-03-17,Baja,2,12,7,3
FLT004248,LIM,BOG,LIM,B787,2024-02-05,Alta_Verano,2,10,8,8
FLT004249,SCL,MIA,SCL,B787,2023-05-29,Baja,2,12,5,8
FLT004250,BOG,MIA,BOG,B787,2024-02-09,Alta_Verano,2,8,3,
FLT004251,SCL,GRU,SCL,B787,2024-02-15,Alta_Verano,2,9,7,4
FLT004252,SCL,LIM,SCL,A320,2022-01-01,Alta_Verano,2,4,4,5
FLT004253,BOG,MAD,BOG,B737,2023-11-16,Baja,2,5,3,9
FLT004254,BOG,MIA,BOG,B787,2022-07-05,Alta_Invierno,2,9,6,3
FLT004255,EZE,GRU,EZE,A320,2023-06-30,Alta_Invierno,2,4,6,3
FLT004256,SCL,MAD,SCL,B787,2023-02-02,Alta_Verano,2,12,5,5
FLT004257,EZE,GRU,EZE,B737,2023-01-02,Alta_Verano,2,5,5,
FLT004258,SCL,JFK,SCL,B767,2022-07-02,Alta_Invierno,2,7,3,5
FLT004259,LIM,MIA,LIM,A320,2024-05-05,Baja,2,6,5,8
FLT004260,GRU,MIA,GRU,A320,2023-11-24,Baja,2,6,6,3
FLT004261,SCL,BOG,SCL,A350,2024-04-20,Baja,2,11,4,3
FLT004262,GRU,MIA,GRU,A320,2023-01-28,Alta_Verano,2,6,3,2
FLT004263,LIM,MIA,LIM,A350,2022-01-04,Alta_Verano,2,11,5,3
FLT004264,SCL,MAD,SCL,B737,2022-07-21,Alta_Invierno,2,4,6,4
FLT004265,BOG,MIA,BOG,A320,2023-01-02,Alta_Verano,2,6,8,4
FLT004266,SCL,JFK,SCL,A320,2023-02-13,Alta_Verano,2,4,4,2
FLT004267,EZE,GRU,EZE,A320,2022-07-07,Alta_Invierno,2,5,7,8
FLT004268,BOG,MIA,BOG,A350,2024-05-10,Baja,2,8,8,2
FLT004269,SCL,GRU,SCL,A350,2023-10-01,Baja,2,8,8,9
FLT004270,SCL,BOG,SCL,A320,2024-06-30,Alta_Invierno,2,5,6,5
FLT004271,GRU,MIA,GRU,A320,2022-09-17,Baja,2,4,5,4
FLT004272,SCL,GRU,SCL,B787,2022-05-16,Baja,2,9,6,5
FLT004273,SCL,BOG,SCL,B787,2024-09-26,Baja,2,11,4,5
FLT004274,BOG,MIA,BOG,B767,2023-07-13,Alta_Invierno,2,6,6,2
FLT004275,BOG,MIA,BOG,B767,2022-12-05,Alta_Verano,2,8,3,4
FLT004276,SCL,MAD,SCL,B767,2022-07-24,Alta_Invierno,2,6,5,9
FLT004277,LIM,BOG,LIM,B737,2022-12-26,Alta_Verano,2,4,3,3
FLT004278,GRU,MIA,GRU,A320,2022-01-01,Alta_Verano,2,5,8,10
FLT004279,GRU,MAD,GRU,B737,2022-10-16,Baja,2,6,3,
FLT004280,SCL,MIA,SCL,B787,2024-09-13,Baja,2,10,4,6
FLT004281,BOG,MIA,BOG,A320,2022-12-08,Alta_Verano,2,5,5,6
FLT004282,BOG,MIA,BOG,B737,2024-09-02,Baja,2,5,3,2
FLT004283,LIM,BOG,LIM,B767,2023-01-06,Alta_Verano,2,6,7,6
FLT004284,SCL,GRU,SCL,B787,2024-09-11,Baja,2,10,8,2
FLT004285,SCL,JFK,SCL,A320,2024-08-21,Alta_Invierno,2,5,4,3
FLT004286,GRU,MAD,GRU,B767,2023-07-25,Alta_Invierno,2,8,8,10
FLT004287,LIM,BOG,LIM,B787,2022-05-08,Baja,2,11,8,7
FLT004288,LIM,GRU,LIM,B737,2022-01-23,Alta_Verano,2,4,5,9
FLT004289,SCL,JFK,SCL,B787,2024-01-19,Alta_Verano,2,10,7,6
FLT004290,SCL,MIA,SCL,A350,2024-12-26,Alta_Verano,2,11,6,5
FLT004291,BOG,MIA,BOG,B767,2023-04-04,Baja,2,8,4,2
FLT004292,SCL,JFK,SCL,B767,2022-05-12,Baja,2,6,6,12
FLT004293,BOG,MIA,BOG,A320,2022-02-05,Alta_Verano,2,6,3,11
FLT004294,SCL,MIA,SCL,B737,2023-08-03,Alta_Invierno,2,6,7,3
FLT004295,SCL,JFK,SCL,A320,2022-07-01,Alta_Invierno,2,5,5,3
FLT004296,SCL,JFK,SCL,A350,2023-01-31,Alta_Verano,2,10,8,14
FLT004297,SCL,BOG,SCL,A350,2022-05-19,Baja,2,11,7,2
FLT004298,SCL,BOG,SCL,A320,2022-07-19,Alta_Invierno,2,6,4,12
FLT004299,SCL,MIA,SCL,B767,2022-08-25,Alta_Invierno,2,6,6,12
FLT004300,SCL,MAD,SCL,A320,2022-01-21,Alta_Verano,2,4,5,
FLT004301,SCL,GRU,SCL,A320,2024-02-10,Alta_Verano,2,4,5,10
FLT004302,EZE,GRU,EZE,A320,2023-01-16,Alta_Verano,2,5,4,4
FLT004303,SCL,LIM,SCL,B737,2023-07-30,Alta_Invierno,2,4,7,3
FLT004304,SCL,BOG,SCL,A320,2023-07-24,Alta_Invierno,2,5,3,14
FLT004305,EZE,GRU,EZE,A320,2024-01-12,Alta_Verano,2,4,8,5
FLT004306,BOG,MIA,BOG,A320,2022-09-01,Baja,2,5,3,2
FLT004307,SCL,MIA,SCL,A350,2022-12-16,Alta_Verano,2,9,7,10
FLT004308,SCL,JFK,SCL,B787,2022-01-12,Alta_Verano,2,11,4,5
FLT004309,EZE,GRU,EZE,B787,2024-07-26,Alta_Invierno,2,11,7,13
FLT004310,SCL,BOG,SCL,A320,2023-04-10,Baja,2,4,8,7
FLT004311,EZE,GRU,EZE,A320,2023-03-22,Baja,2,4,7,4
FLT004312,SCL,JFK,SCL,A320,2022-01-05,Alta_Verano,2,5,5,7
FLT004313,SCL,GRU,SCL,B737,2024-12-03,Alta_Verano,2,4,4,10
FLT004314,SCL,JFK,SCL,B767,2023-01-11,Alta_Verano,2,6,5,10
FLT004315,BOG,MIA,BOG,B787,2024-07-08,Alta_Invierno,2,8,4,4
FLT004316,GRU,MAD,GRU,B737,2024-07-31,Alta_Invierno,2,5,3,7
FLT004317,SCL,EZE,SCL,B737,2022-08-20,Alta_Invierno,2,5,3,5
FLT004318,SCL,GRU,SCL,B787,2024-01-08,Alta_Verano,2,10,8,3
FLT004319,LIM,GRU,LIM,A320,2024-06-09,Alta_Invierno,2,5,8,8
FLT004320,EZE,GRU,EZE,A320,2024-10-24,Baja,2,6,6,4
FLT004321,SCL,EZE,SCL,A320,2022-02-06,Alta_Verano,2,4,4,5
FLT004322,SCL,EZE,SCL,B737,2022-01-26,Alta_Verano,2,6,3,3
FLT004323,SCL,GRU,SCL,A320,2024-09-26,Baja,2,4,5,10
FLT004324,SCL,LIM,SCL,B767,2023-04-18,Baja,2,8,5,9
FLT004325,SCL,LIM,SCL,B737,2024-01-16,Alta_Verano,2,6,6,2
FLT004326,EZE,GRU,EZE,A320,2022-07-10,Alta_Invierno,2,6,7,5
FLT004327,SCL,MAD,SCL,A350,2024-04-29,Baja,2,12,6,4
FLT004328,SCL,MAD,SCL,B787,2022-05-25,Baja,2,11,8,
FLT004329,GRU,MAD,GRU,A320,2023-05-25,Baja,2,6,6,4
FLT004330,LIM,BOG,LIM,B737,2023-04-01,Baja,2,6,6,13
FLT004331,SCL,MIA,SCL,A320,2023-01-30,Alta_Verano,2,6,6,12
FLT004332,BOG,MAD,BOG,B737,2024-07-22,Alta_Invierno,2,4,7,13
FLT004333,GRU,MAD,GRU,B787,2023-12-11,Alta_Verano,2,12,3,4
FLT004334,SCL,MAD,SCL,A350,2022-06-22,Alta_Invierno,2,9,4,2
FLT004335,LIM,BOG,LIM,B787,2023-08-30,Alta_Invierno,2,8,7,5
FLT004336,BOG,MAD,BOG,B787,2022-07-17,Alta_Invierno,2,10,8,5
FLT004337,SCL,JFK,SCL,A320,2023-11-23,Baja,2,5,5,13
FLT004338,SCL,GRU,SCL,B787,2022-01-12,Alta_Verano,2,9,4,3
FLT004339,GRU,MAD,GRU,B787,2022-10-23,Baja,2,11,3,3
FLT004340,SCL,MAD,SCL,B737,2023-04-10,Baja,2,5,5,9
FLT004341,LIM,BOG,LIM,A350,2023-07-09,Alta_Invierno,2,10,4,12
FLT004342,SCL,JFK,SCL,B787,2022-01-18,Alta_Verano,2,8,6,5
FLT004343,LIM,BOG,LIM,B787,2024-10-23,Baja,2,8,6,12
FLT004344,SCL,BOG,SCL,A350,2023-01-13,Alta_Verano,2,12,6,4
FLT004345,LIM,BOG,LIM,B737,2024-11-07,Baja,2,4,7,10
FLT004346,LIM,MIA,LIM,B737,2024-04-04,Baja,2,5,3,10
FLT004347,SCL,EZE,SCL,B737,2023-07-05,Alta_Invierno,2,4,4,13
FLT004348,LIM,GRU,LIM,B737,2024-10-11,Baja,2,4,7,12
FLT004349,SCL,MAD,SCL,B787,2022-07-29,Alta_Invierno,2,8,7,5
FLT004350,EZE,GRU,EZE,A320,2024-12-30,Alta_Verano,2,6,7,3
FLT004351,LIM,BOG,LIM,A320,2022-11-12,Baja,2,4,8,4
FLT004352,LIM,MIA,LIM,B767,2023-01-26,Alta_Verano,2,7,4,8
FLT004353,SCL,MAD,SCL,A350,2022-07-27,Alta_Invierno,2,9,4,4
FLT004354,GRU,MIA,GRU,A350,2023-10-09,Baja,2,9,5,3
FLT004355,SCL,JFK,SCL,B767,2023-11-28,Baja,2,7,4,3
FLT004356,SCL,GRU,SCL,A320,2024-01-31,Alta_Verano,2,4,7,4
FLT004357,SCL,MIA,SCL,B767,2023-11-23,Baja,2,8,3,2
FLT004358,BOG,MIA,BOG,B787,2023-01-31,Alta_Verano,2,9,7,6
FLT004359,GRU,MAD,GRU,A320,2023-01-03,Alta_Verano,2,4,5,2
FLT004360,GRU,MAD,GRU,B787,2024-05-29,Baja,2,12,6,14
FLT004361,SCL,BOG,SCL,B767,2023-07-15,Alta_Invierno,2,8,7,3
FLT004362,SCL,MAD,SCL,B737,2024-06-11,Alta_Invierno,2,6,5,5
FLT004363,BOG,MAD,BOG,A320,2023-01-23,Alta_Verano,2,5,6,3
FLT004364,SCL,BOG,SCL,B787,2024-01-17,Alta_Verano,2,12,7,2
FLT004365,GRU,MAD,GRU,B787,2023-09-12,Baja,2,11,4,2
FLT004366,SCL,EZE,SCL,A350,2022-03-10,Baja,2,9,6,5
FLT004367,GRU,MAD,GRU,B767,2024-03-13,Baja,2,7,7,5
FLT004368,LIM,GRU,LIM,B737,2022-03-16,Baja,2,5,8,14
FLT004369,EZE,GRU,EZE,B787,2022-07-17,Alta_Invierno,2,9,5,8
FLT004370,GRU,MIA,GRU,A320,2022-12-01,Alta_Verano,2,5,4,4
FLT004371,SCL,JFK,SCL,A350,2024-05-23,Baja,2,11,7,9
FLT004372,SCL,MAD,SCL,B737,2024-07-29,Alta_Invierno,2,6,3,3
FLT004373,GRU,MIA,GRU,B737,2024-09-12,Baja,2,6,6,14
FLT004374,LIM,MIA,LIM,A320,2024-06-21,Alta_Invierno,2,5,5,2
FLT004375,SCL,LIM,SCL,B737,2022-02-12,Alta_Verano,2,5,5,9
FLT004376,SCL,EZE,SCL,A350,2022-03-03,Baja,2,8,5,
FLT004377,GRU,MAD,GRU,B737,2024-01-31,Alta_Verano,2,5,4,5
FLT004378,BOG,MAD,BOG,A320,2023-04-18,Baja,2,6,3,6
FLT004379,GRU,MIA,GRU,A320,2024-07-10,Alta_Invierno,2,5,7,13
FLT004380,SCL,EZE,SCL,B737,2023-07-08,Alta_Invierno,2,5,7,8
FLT004381,LIM,MIA,LIM,A320,2023-10-17,Baja,2,5,3,8
FLT004382,SCL,GRU,SCL,B767,2023-01-04,Alta_Verano,2,7,6,5
FLT004383,BOG,MAD,BOG,B737,2024-07-21,Alta_Invierno,2,5,5,14
FLT004384,SCL,BOG,SCL,A320,2023-07-21,Alta_Invierno,2,5,8,5
FLT004385,BOG,MIA,BOG,B737,2024-05-18,Baja,2,5,8,6
FLT004386,SCL,JFK,SCL,A320,2023-12-10,Alta_Verano,2,6,3,11
FLT004387,LIM,MIA,LIM,A320,2022-07-13,Alta_Invierno,2,6,7,8
FLT004388,SCL,LIM,SCL,B737,2024-07-27,Alta_Invierno,2,6,8,13
FLT004389,SCL,BOG,SCL,B737,2022-04-20,Baja,2,4,4,2
FLT004390,SCL,GRU,SCL,B787,2022-09-04,Baja,2,11,8,4
FLT004391,BOG,MIA,BOG,A350,2024-07-09,Alta_Invierno,2,11,7,14
FLT004392,EZE,GRU,EZE,A320,2024-08-13,Alta_Invierno,2,4,3,4
FLT004393,LIM,GRU,LIM,B787,2024-12-25,Alta_Verano,2,8,7,6
FLT004394,SCL,LIM,SCL,B767,2024-12-15,Alta_Verano,2,7,3,3
FLT004395,GRU,MAD,GRU,B787,2022-07-26,Alta_Invierno,2,9,7,2
FLT004396,SCL,BOG,SCL,A350,2023-11-19,Baja,2,9,8,3
FLT004397,SCL,MIA,SCL,B737,2024-07-13,Alta_Invierno,2,4,4,2
FLT004398,SCL,MIA,SCL,B767,2022-07-19,Alta_Invierno,2,8,3,3
FLT004399,GRU,MIA,GRU,B737,2022-07-01,Alta_Invierno,2,4,7,6
FLT004400,EZE,GRU,EZE,B767,2023-07-11,Alta_Invierno,2,7,5,9
FLT004401,SCL,GRU,SCL,A320,2024-07-12,Alta_Invierno,2,5,3,4
FLT004402,LIM,MIA,LIM,A320,2023-01-24,Alta_Verano,2,6,3,4
FLT004403,LIM,BOG,LIM,A320,2023-07-20,Alta_Invierno,2,6,5,8
FLT004404,LIM,GRU,LIM,A320,2022-02-27,Alta_Verano,2,5,4,2
FLT004405,EZE,GRU,EZE,B737,2022-10-24,Baja,2,5,7,11
FLT004406,SCL,EZE,SCL,B737,2022-07-18,Alta_Invierno,2,6,6,8
FLT004407,SCL,MAD,SCL,A350,2023-07-05,Alta_Invierno,2,9,3,5
FLT004408,SCL,LIM,SCL,A350,2024-04-19,Baja,2,12,6,5
FLT004409,SCL,GRU,SCL,A350,2022-01-22,Alta_Verano,2,11,4,14
FLT004410,LIM,MIA,LIM,A320,2024-04-03,Baja,2,6,6,2
FLT004411,EZE,GRU,EZE,B787,2022-05-09,Baja,2,10,6,4
FLT004412,SCL,LIM,SCL,A320,2024-06-23,Alta_Invierno,2,4,7,7
FLT004413,BOG,MIA,BOG,B787,2024-07-06,Alta_Invierno,2,11,5,12
FLT004414,EZE,GRU,EZE,A320,2022-01-14,Alta_Verano,2,5,5,2
FLT004415,LIM,GRU,LIM,B737,2022-01-24,Alta_Verano,2,6,7,3
FLT004416,BOG,MIA,BOG,B787,2023-01-19,Alta_Verano,2,11,6,12
FLT004417,SCL,EZE,SCL,B737,2022-11-15,Baja,2,4,3,5
FLT004418,SCL,LIM,SCL,B787,2024-10-05,Baja,2,8,3,6
FLT004419,SCL,MAD,SCL,B767,2022-07-12,Alta_Invierno,2,7,8,11
FLT004420,BOG,MIA,BOG,A320,2024-03-27,Baja,2,6,3,6
FLT004421,GRU,MAD,GRU,B767,2023-07-03,Alta_Invierno,2,8,8,2
FLT004422,SCL,MAD,SCL,B737,2024-01-10,Alta_Verano,2,6,5,11
FLT004423,EZE,GRU,EZE,B787,2022-12-06,Alta_Verano,2,8,8,8
FLT004424,EZE,GRU,EZE,A320,2022-05-04,Baja,2,4,4,11
FLT004425,EZE,GRU,EZE,A320,2024-07-14,Alta_Invierno,2,6,7,5
FLT004426,SCL,MAD,SCL,A320,2022-04-20,Baja,2,4,3,12
FLT004427,GRU,MAD,GRU,B767,2022-11-21,Baja,2,8,3,9
FLT004428,BOG,MAD,BOG,A320,2023-06-10,Alta_Invierno,2,4,6,4
FLT004429,GRU,MIA,GRU,B787,2022-07-26,Alta_Invierno,2,8,7,8
FLT004430,SCL,MIA,SCL,A350,2023-07-11,Alta_Invierno,2,10,3,5
FLT004431,SCL,GRU,SCL,B737,2024-05-24,Baja,2,4,3,3
FLT004432,SCL,GRU,SCL,A350,2023-06-16,Alta_Invierno,2,11,6,4
FLT004433,LIM,MIA,LIM,B767,2023-07-18,Alta_Invierno,2,6,4,4
FLT004434,EZE,GRU,EZE,A350,2023-03-19,Baja,2,11,4,3
FLT004435,SCL,BOG,SCL,B787,2022-10-03,Baja,2,10,5,13
FLT004436,SCL,LIM,SCL,B767,2023-02-20,Alta_Verano,2,8,5,6
FLT004437,EZE,GRU,EZE,A320,2023-07-19,Alta_Invierno,2,6,5,13
FLT004438,SCL,LIM,SCL,B737,2024-01-13,Alta_Verano,2,4,6,3
FLT004439,BOG,MIA,BOG,B737,2024-12-19,Alta_Verano,2,5,6,2
FLT004440,SCL,GRU,SCL,A320,2023-10-16,Baja,2,5,4,5
FLT004441,SCL,LIM,SCL,B737,2022-12-19,Alta_Verano,2,6,5,14
FLT004442,SCL,MIA,SCL,B787,2023-01-24,Alta_Verano,2,12,5,4
FLT004443,BOG,MAD,BOG,B767,2024-08-26,Alta_Invierno,2,8,3,12
FLT004444,GRU,MAD,GRU,B787,2024-01-04,Alta_Verano,2,12,3,3
FLT004445,SCL,EZE,SCL,B787,2022-07-24,Alta_Invierno,2,9,4,12
FLT004446,LIM,GRU,LIM,A320,2024-10-19,Baja,2,6,3,5
FLT004447,GRU,MIA,GRU,B737,2023-07-22,Alta_Invierno,2,5,7,6
FLT004448,SCL,BOG,SCL,B737,2022-05-19,Baja,2,4,7,11
FLT004449,SCL,GRU,SCL,A320,2024-06-11,Alta_Invierno,2,4,4,4
FLT004450,LIM,BOG,LIM,B767,2023-07-12,Alta_Invierno,2,6,7,2
FLT004451,BOG,MIA,BOG,A350,2022-07-23,Alta_Invierno,2,10,6,4
FLT004452,SCL,MIA,SCL,B767,2024-07-31,Alta_Invierno,2,8,4,11
FLT004453,LIM,GRU,LIM,A320,2024-03-20,Baja,2,4,3,7
FLT004454,SCL,JFK,SCL,B767,2023-01-12,Alta_Verano,2,8,7,13
FLT004455,BOG,MIA,BOG,A320,2024-02-02,Alta_Verano,2,4,8,4
FLT004456,LIM,MIA,LIM,A320,2023-09-12,Baja,2,6,8,2
FLT004457,SCL,LIM,SCL,B767,2023-01-14,Alta_Verano,2,8,5,9
FLT004458,SCL,MIA,SCL,B737,2023-01-02,Alta_Verano,2,4,8,7
FLT004459,BOG,MIA,BOG,B737,2024-04-11,Baja,2,4,7,4
FLT004460,LIM,BOG,LIM,B737,2024-02-15,Alta_Verano,2,6,7,6
FLT004461,SCL,JFK,SCL,A350,2024-10-30,Baja,2,9,7,5
FLT004462,SCL,MAD,SCL,B767,2022-02-15,Alta_Verano,2,6,7,8
FLT004463,SCL,GRU,SCL,A350,2024-01-16,Alta_Verano,2,11,3,4
FLT004464,EZE,GRU,EZE,B737,2023-03-04,Baja,2,4,4,13
FLT004465,GRU,MIA,GRU,A320,2023-07-13,Alta_Invierno,2,4,7,2
FLT004466,LIM,MIA,LIM,A350,2024-09-20,Baja,2,11,4,12
FLT004467,EZE,GRU,EZE,B737,2023-07-17,Alta_Invierno,2,5,6,2
FLT004468,LIM,MIA,LIM,B767,2024-07-31,Alta_Invierno,2,6,7,8
FLT004469,SCL,LIM,SCL,A320,2022-10-21,Baja,2,5,7,10
FLT004470,EZE,GRU,EZE,A320,2024-02-08,Alta_Verano,2,4,7,5
FLT004471,LIM,GRU,LIM,B767,2022-07-29,Alta_Invierno,2,7,4,5
FLT004472,BOG,MIA,BOG,A320,2024-07-25,Alta_Invierno,2,5,4,3
FLT004473,BOG,MIA,BOG,B767,2024-03-15,Baja,2,8,7,7
FLT004474,LIM,BOG,LIM,A320,2024-05-19,Baja,2,6,3,4
FLT004475,LIM,GRU,LIM,A320,2022-01-04,Alta_Verano,2,6,6,4
FLT004476,LIM,BOG,LIM,B767,2022-01-17,Alta_Verano,2,7,5,5
FLT004477,GRU,MIA,GRU,B767,2024-01-12,Alta_Verano,2,7,5,10
FLT004478,SCL,EZE,SCL,B737,2022-10-21,Baja,2,4,7,4
FLT004479,BOG,MIA,BOG,A320,2024-07-12,Alta_Invierno,2,6,4,3
FLT004480,GRU,MIA,GRU,A320,2022-12-20,Alta_Verano,2,4,8,14
FLT004481,LIM,MIA,LIM,B787,2023-01-30,Alta_Verano,2,8,5,9
FLT004482,SCL,JFK,SCL,B737,2024-08-17,Alta_Invierno,2,4,6,14
FLT004483,SCL,GRU,SCL,A320,2023-08-14,Alta_Invierno,2,6,3,11
FLT004484,LIM,GRU,LIM,A350,2024-02-29,Alta_Verano,2,11,5,4
FLT004485,SCL,JFK,SCL,B767,2023-07-08,Alta_Invierno,2,6,8,5
FLT004486,SCL,JFK,SCL,B767,2022-01-18,Alta_Verano,2,8,7,5
FLT004487,GRU,MAD,GRU,A320,2023-06-05,Alta_Invierno,2,5,7,3
FLT004488,SCL,BOG,SCL,B787,2023-01-01,Alta_Verano,2,11,7,4
FLT004489,SCL,MAD,SCL,A320,2023-07-30,Alta_Invierno,2,5,7,5
FLT004490,BOG,MAD,BOG,B767,2023-07-30,Alta_Invierno,2,6,3,5
FLT004491,LIM,GRU,LIM,A350,2022-11-23,Baja,2,10,4,6
FLT004492,BOG,MAD,BOG,B787,2024-07-30,Alta_Invierno,2,11,3,14
FLT004493,SCL,EZE,SCL,B737,2024-05-25,Baja,2,4,4,4
FLT004494,SCL,MIA,SCL,B787,2024-02-23,Alta_Verano,2,8,7,14
FLT004495,GRU,MAD,GRU,B767,2023-06-14,Alta_Invierno,2,6,4,3
FLT004496,BOG,MIA,BOG,A320,2022-03-19,Baja,2,4,8,5
FLT004497,SCL,LIM,SCL,B737,2022-12-31,Alta_Verano,2,4,7,4
FLT004498,BOG,MIA,BOG,B767,2023-01-22,Alta_Verano,2,7,5,8
FLT004499,BOG,MIA,BOG,A320,2022-10-30,Baja,2,4,5,4
FLT004500,BOG,MIA,BOG,A320,2024-09-20,Baja,2,5,3,8
FLT004501,SCL,JFK,SCL,A320,2024-01-22,Alta_Verano,2,4,3,6
FLT004502,LIM,MIA,LIM,A350,2022-03-28,Baja,2,11,6,6
FLT004503,LIM,GRU,LIM,A350,2023-01-05,Alta_Verano,2,12,4,5
FLT004504,SCL,MAD,SCL,A350,2024-07-19,Alta_Invierno,2,9,5,3
FLT004505,SCL,GRU,SCL,B737,2022-10-29,Baja,2,6,3,12
FLT004506,LIM,GRU,LIM,A320,2022-12-31,Alta_Verano,2,5,5,12
FLT004507,SCL,MIA,SCL,A320,2023-09-23,Baja,2,6,3,2
FLT004508,SCL,GRU,SCL,B767,2022-08-22,Alta_Invierno,2,8,6,5
FLT004509,BOG,MAD,BOG,B767,2022-07-16,Alta_Invierno,2,6,3,
FLT004510,BOG,MAD,BOG,A320,2024-11-02,Baja,2,4,3,11
FLT004511,SCL,JFK,SCL,A320,2023-07-16,Alta_Invierno,2,5,7,11
FLT004512,GRU,MAD,GRU,B737,2024-01-05,Alta_Verano,2,4,8,5
FLT004513,SCL,LIM,SCL,B737,2022-03-04,Baja,2,6,3,5
FLT004514,LIM,MIA,LIM,A320,2024-10-01,Baja,2,6,4,5
FLT004515,SCL,JFK,SCL,B787,2024-11-07,Baja,2,9,5,11
FLT004516,LIM,BOG,LIM,A320,2024-10-13,Baja,2,6,6,6
FLT004517,GRU,MIA,GRU,A350,2022-08-24,Alta_Invierno,2,12,8,
FLT004518,LIM,GRU,LIM,B787,2022-01-18,Alta_Verano,2,10,8,2
FLT004519,SCL,LIM,SCL,B737,2022-08-23,Alta_Invierno,2,6,3,4
FLT004520,SCL,LIM,SCL,B787,2023-12-10,Alta_Verano,2,8,5,8
FLT004521,BOG,MIA,BOG,B737,2023-10-08,Baja,2,5,7,9
FLT004522,GRU,MAD,GRU,B767,2024-08-28,Alta_Invierno,2,6,7,4
FLT004523,SCL,BOG,SCL,B767,2022-10-09,Baja,2,7,3,4
FLT004524,BOG,MIA,BOG,B787,2023-09-17,Baja,2,11,8,3
FLT004525,LIM,BOG,LIM,B737,2023-07-08,Alta_Invierno,2,5,4,14
FLT004526,LIM,GRU,LIM,B767,2023-09-20,Baja,2,7,8,4
FLT004527,SCL,GRU,SCL,B737,2022-09-30,Baja,2,4,7,3
FLT004528,SCL,MAD,SCL,B767,2022-11-28,Baja,2,7,8,6
FLT004529,SCL,JFK,SCL,B737,2024-03-09,Baja,2,4,3,10
FLT004530,SCL,JFK,SCL,B767,2022-01-11,Alta_Verano,2,7,7,3
FLT004531,SCL,GRU,SCL,B737,2024-01-06,Alta_Verano,2,4,4,4
FLT004532,SCL,MAD,SCL,B737,2024-01-14,Alta_Verano,2,4,3,4
FLT004533,SCL,GRU,SCL,B767,2023-07-03,Alta_Invierno,2,7,3,10
FLT004534,EZE,GRU,EZE,B737,2022-05-02,Baja,2,6,7,10
FLT004535,EZE,GRU,EZE,B737,2023-07-13,Alta_Invierno,2,6,7,3
FLT004536,BOG,MAD,BOG,A350,2022-12-26,Alta_Verano,2,9,4,3
FLT004537,EZE,GRU,EZE,B737,2022-07-13,Alta_Invierno,2,5,4,4
FLT004538,BOG,MIA,BOG,A350,2022-02-19,Alta_Verano,2,10,6,12
FLT004539,LIM,GRU,LIM,A350,2024-07-24,Alta_Invierno,2,11,7,3
FLT004540,GRU,MIA,GRU,B787,2023-07-08,Alta_Invierno,2,8,5,6
FLT004541,SCL,MAD,SCL,B737,2022-12-03,Alta_Verano,2,4,7,5
FLT004542,SCL,BOG,SCL,B737,2023-08-17,Alta_Invierno,2,4,4,4
FLT004543,EZE,GRU,EZE,A320,2022-07-02,Alta_Invierno,2,5,5,7
FLT004544,BOG,MIA,BOG,A350,2022-07-20,Alta_Invierno,2,10,6,4
FLT004545,GRU,MIA,GRU,A320,2024-01-26,Alta_Verano,2,4,7,7
FLT004546,SCL,BOG,SCL,A320,2024-07-29,Alta_Invierno,2,6,4,8
FLT004547,EZE,GRU,EZE,B767,2024-08-22,Alta_Invierno,2,6,3,5
FLT004548,SCL,EZE,SCL,A320,2024-07-21,Alta_Invierno,2,5,4,8
FLT004549,LIM,MIA,LIM,B737,2023-04-23,Baja,2,6,3,4
FLT004550,GRU,MIA,GRU,B737,2023-07-25,Alta_Invierno,2,4,8,2
FLT004551,SCL,GRU,SCL,A320,2022-01-24,Alta_Verano,2,4,7,11
FLT004552,GRU,MAD,GRU,A320,2023-07-11,Alta_Invierno,2,4,8,10
FLT004553,GRU,MIA,GRU,A320,2022-01-09,Alta_Verano,2,4,3,9
FLT004554,SCL,GRU,SCL,B787,2023-05-14,Baja,2,11,8,13
FLT004555,GRU,MAD,GRU,A320,2024-12-30,Alta_Verano,2,5,4,7
FLT004556,SCL,MIA,SCL,B737,2023-12-28,Alta_Verano,2,4,4,3
FLT004557,SCL,MAD,SCL,B737,2022-03-07,Baja,2,4,6,11
FLT004558,GRU,MAD,GRU,B737,2023-07-08,Alta_Invierno,2,6,8,2
FLT004559,GRU,MAD,GRU,B737,2022-07-18,Alta_Invierno,2,6,4,4
FLT004560,SCL,MIA,SCL,A320,2023-06-05,Alta_Invierno,2,6,8,5
FLT004561,BOG,MAD,BOG,B767,2024-05-28,Baja,2,6,3,3
FLT004562,SCL,LIM,SCL,B737,2022-06-04,Alta_Invierno,2,5,7,
FLT004563,GRU,MAD,GRU,B737,2024-03-10,Baja,2,6,5,3
FLT004564,SCL,EZE,SCL,B767,2022-01-11,Alta_Verano,2,6,7,7
FLT004565,EZE,GRU,EZE,A320,2023-10-06,Baja,2,6,6,14
FLT004566,GRU,MAD,GRU,B787,2022-12-30,Alta_Verano,2,9,4,3
FLT004567,EZE,GRU,EZE,B787,2022-01-14,Alta_Verano,2,8,3,10
FLT004568,GRU,MAD,GRU,B787,2024-09-14,Baja,2,12,8,7
FLT004569,LIM,MIA,LIM,B737,2023-01-30,Alta_Verano,2,6,7,4
FLT004570,SCL,BOG,SCL,B737,2023-11-18,Baja,2,5,7,10
FLT004571,SCL,JFK,SCL,B767,2024-07-07,Alta_Invierno,2,8,6,2
FLT004572,SCL,MIA,SCL,A320,2022-06-19,Alta_Invierno,2,6,4,9
FLT004573,SCL,EZE,SCL,A320,2022-08-07,Alta_Invierno,2,6,8,3
FLT004574,GRU,MAD,GRU,B767,2022-01-26,Alta_Verano,2,6,7,6
FLT004575,LIM,GRU,LIM,B767,2022-04-08,Baja,2,7,4,3
FLT004576,SCL,MAD,SCL,B737,2022-11-26,Baja,2,6,7,14
FLT004577,BOG,MAD,BOG,B737,2024-04-16,Baja,2,4,3,3
FLT004578,LIM,BOG,LIM,B737,2023-01-25,Alta_Verano,2,4,5,5
FLT004579,LIM,GRU,LIM,A320,2024-07-08,Alta_Invierno,2,4,3,3
FLT004580,SCL,MAD,SCL,A320,2022-05-27,Baja,2,4,8,2
FLT004581,EZE,GRU,EZE,A320,2023-06-08,Alta_Invierno,2,6,8,4
FLT004582,BOG,MIA,BOG,B767,2023-10-19,Baja,2,6,6,13
FLT004583,GRU,MAD,GRU,B787,2023-01-24,Alta_Verano,2,12,7,5
FLT004584,BOG,MAD,BOG,A350,2024-05-24,Baja,2,9,6,5
FLT004585,EZE,GRU,EZE,A320,2022-03-16,Baja,2,6,5,3
FLT004586,LIM,BOG,LIM,B767,2023-03-11,Baja,2,6,3,9
FLT004587,LIM,GRU,LIM,B767,2023-09-26,Baja,2,7,7,2
FLT004588,BOG,MAD,BOG,B787,2024-12-19,Alta_Verano,2,11,8,5
FLT004589,BOG,MIA,BOG,B767,2022-01-28,Alta_Verano,2,6,7,
FLT004590,GRU,MIA,GRU,B737,2022-10-31,Baja,2,4,6,3
FLT004591,SCL,MAD,SCL,A320,2024-11-24,Baja,2,6,3,5
FLT004592,SCL,BOG,SCL,A320,2023-07-16,Alta_Invierno,2,4,3,3
FLT004593,SCL,MAD,SCL,A320,2024-06-01,Alta_Invierno,2,5,8,3
FLT004594,BOG,MAD,BOG,B767,2024-12-09,Alta_Verano,2,8,5,10
FLT004595,SCL,EZE,SCL,A320,2024-07-05,Alta_Invierno,2,6,4,5
FLT004596,SCL,JFK,SCL,B737,2024-10-20,Baja,2,5,3,11
FLT004597,BOG,MIA,BOG,B767,2024-06-24,Alta_Invierno,2,6,8,10
FLT004598,GRU,MIA,GRU,B787,2024-07-11,Alta_Invierno,2,9,5,3
FLT004599,SCL,GRU,SCL,A320,2024-07-17,Alta_Invierno,2,4,7,2
FLT004600,LIM,BOG,LIM,B787,2023-06-27,Alta_Invierno,2,10,5,12
FLT004601,LIM,BOG,LIM,A320,2024-07-17,Alta_Invierno,2,4,3,3
FLT004602,LIM,GRU,LIM,A320,2024-01-17,Alta_Verano,2,6,8,12
FLT004603,SCL,LIM,SCL,A320,2024-03-17,Baja,2,4,8,
FLT004604,SCL,EZE,SCL,A320,2024-12-22,Alta_Verano,2,6,8,4
FLT004605,SCL,LIM,SCL,A320,2023-03-04,Baja,2,5,6,3
FLT004606,SCL,LIM,SCL,A320,2022-01-16,Alta_Verano,2,5,5,2
FLT004607,LIM,GRU,LIM,A320,2022-11-21,Baja,2,5,3,
FLT004608,BOG,MAD,BOG,B767,2024-05-10,Baja,2,8,3,14
FLT004609,SCL,JFK,SCL,B767,2024-10-03,Baja,2,7,5,7
FLT004610,LIM,MIA,LIM,A320,2023-01-03,Alta_Verano,2,5,5,2
FLT004611,LIM,GRU,LIM,B787,2022-02-23,Alta_Verano,2,11,6,3
FLT004612,LIM,GRU,LIM,B787,2023-11-26,Baja,2,9,7,14
FLT004613,GRU,MAD,GRU,B737,2023-11-20,Baja,2,5,3,8
FLT004614,GRU,MIA,GRU,B767,2023-08-28,Alta_Invierno,2,8,7,2
FLT004615,SCL,LIM,SCL,B767,2023-11-19,Baja,2,7,5,7
FLT004616,EZE,GRU,EZE,A320,2022-05-22,Baja,2,6,6,
FLT004617,SCL,JFK,SCL,B787,2022-07-21,Alta_Invierno,2,10,6,12
FLT004618,SCL,MIA,SCL,B737,2024-07-15,Alta_Invierno,2,6,3,8
FLT004619,SCL,BOG,SCL,B737,2023-05-23,Baja,2,5,7,5
FLT004620,LIM,GRU,LIM,B767,2022-06-06,Alta_Invierno,2,6,5,3
FLT004621,EZE,GRU,EZE,A350,2024-09-25,Baja,2,9,7,3
FLT004622,GRU,MIA,GRU,B737,2024-08-25,Alta_Invierno,2,6,5,
FLT004623,LIM,MIA,LIM,B767,2023-05-27,Baja,2,8,6,5
FLT004624,SCL,BOG,SCL,B787,2024-03-16,Baja,2,8,3,14
FLT004625,LIM,GRU,LIM,A320,2023-01-17,Alta_Verano,2,6,6,6
FLT004626,LIM,GRU,LIM,B767,2023-07-29,Alta_Invierno,2,8,7,7
FLT004627,LIM,GRU,LIM,A320,2022-02-13,Alta_Verano,2,4,8,10
FLT004628,GRU,MAD,GRU,A320,2024-06-29,Alta_Invierno,2,4,5,4
FLT004629,SCL,MAD,SCL,B737,2023-02-11,Alta_Verano,2,6,4,10
FLT004630,GRU,MAD,GRU,B787,2024-07-18,Alta_Invierno,2,11,6,5
FLT004631,GRU,MIA,GRU,B737,2024-10-29,Baja,2,5,3,4
FLT004632,LIM,GRU,LIM,B737,2023-01-01,Alta_Verano,2,4,6,13
FLT004633,LIM,BOG,LIM,A320,2024-02-14,Alta_Verano,2,5,5,4
FLT004634,SCL,JFK,SCL,A320,2023-01-07,Alta_Verano,2,4,6,5
FLT004635,SCL,EZE,SCL,A350,2023-01-10,Alta_Verano,2,8,8,
FLT004636,BOG,MIA,BOG,B787,2022-01-01,Alta_Verano,2,9,4,2
FLT004637,SCL,EZE,SCL,B737,2023-01-11,Alta_Verano,2,6,4,3
FLT004638,SCL,GRU,SCL,B787,2024-10-28,Baja,2,9,6,5
FLT004639,GRU,MIA,GRU,B787,2024-01-01,Alta_Verano,2,10,3,3
FLT004640,SCL,GRU,SCL,A320,2023-03-04,Baja,2,6,6,2
FLT004641,LIM,BOG,LIM,A350,2023-01-19,Alta_Verano,2,11,6,6
FLT004642,SCL,GRU,SCL,A320,2023-07-18,Alta_Invierno,2,4,6,2
FLT004643,SCL,BOG,SCL,A350,2024-05-21,Baja,2,12,8,4
FLT004644,SCL,GRU,SCL,B737,2024-05-20,Baja,2,4,8,3
FLT004645,SCL,JFK,SCL,B787,2022-12-12,Alta_Verano,2,8,3,5
FLT004646,EZE,GRU,EZE,B787,2023-12-19,Alta_Verano,2,11,3,2
FLT004647,EZE,GRU,EZE,A320,2023-04-09,Baja,2,5,4,5
FLT004648,SCL,GRU,SCL,A320,2023-03-03,Baja,2,5,4,7
FLT004649,LIM,MIA,LIM,B767,2023-03-05,Baja,2,8,6,6
FLT004650,SCL,MAD,SCL,A320,2024-05-20,Baja,2,6,8,5
FLT004651,LIM,BOG,LIM,B787,2023-01-08,Alta_Verano,2,12,5,6
FLT004652,EZE,GRU,EZE,B787,2023-08-25,Alta_Invierno,2,12,3,12
FLT004653,EZE,GRU,EZE,A350,2022-07-31,Alta_Invierno,2,11,3,3
FLT004654,SCL,BOG,SCL,B737,2022-09-19,Baja,2,5,4,12
FLT004655,SCL,BOG,SCL,A320,2023-02-23,Alta_Verano,2,4,7,9
FLT004656,SCL,LIM,SCL,B787,2024-01-17,Alta_Verano,2,8,3,6
FLT004657,BOG,MAD,BOG,A320,2024-07-14,Alta_Invierno,2,6,5,10
FLT004658,BOG,MAD,BOG,B787,2022-07-30,Alta_Invierno,2,11,5,2
FLT004659,SCL,GRU,SCL,A320,2024-11-24,Baja,2,4,8,2
FLT004660,LIM,MIA,LIM,A320,2024-07-22,Alta_Invierno,2,4,3,
FLT004661,SCL,MIA,SCL,B767,2022-06-02,Alta_Invierno,2,6,6,5
FLT004662,LIM,GRU,LIM,A320,2024-08-27,Alta_Invierno,2,6,6,3
FLT004663,SCL,BOG,SCL,A320,2023-01-10,Alta_Verano,2,6,3,14
FLT004664,SCL,GRU,SCL,A320,2024-10-11,Baja,2,4,3,9
FLT004665,SCL,EZE,SCL,B767,2023-07-21,Alta_Invierno,2,6,8,5
FLT004666,LIM,BOG,LIM,B737,2023-12-12,Alta_Verano,2,4,6,9
FLT004667,EZE,GRU,EZE,A350,2023-01-10,Alta_Verano,2,9,8,2
FLT004668,SCL,MIA,SCL,A350,2024-11-14,Baja,2,12,6,7
FLT004669,BOG,MIA,BOG,A320,2024-01-19,Alta_Verano,2,5,5,5
FLT004670,LIM,BOG,LIM,B767,2023-07-16,Alta_Invierno,2,6,5,3
FLT004671,GRU,MAD,GRU,B737,2022-05-31,Baja,2,6,3,9
FLT004672,LIM,BOG,LIM,A320,2022-08-19,Alta_Invierno,2,6,5,9
FLT004673,BOG,MAD,BOG,B737,2023-03-20,Baja,2,4,7,2
FLT004674,SCL,MAD,SCL,A320,2024-04-08,Baja,2,4,4,13
FLT004675,SCL,GRU,SCL,A320,2022-12-09,Alta_Verano,2,6,4,5
FLT004676,EZE,GRU,EZE,B737,2022-07-27,Alta_Invierno,2,6,4,
FLT004677,SCL,EZE,SCL,B767,2024-01-24,Alta_Verano,2,7,6,10
FLT004678,SCL,EZE,SCL,A320,2022-07-02,Alta_Invierno,2,5,5,3
FLT004679,BOG,MIA,BOG,B767,2022-07-17,Alta_Invierno,2,7,7,5
FLT004680,EZE,GRU,EZE,B737,2024-05-17,Baja,2,5,8,12
FLT004681,BOG,MAD,BOG,A320,2024-02-07,Alta_Verano,2,6,6,2
FLT004682,EZE,GRU,EZE,B737,2023-03-04,Baja,2,6,7,12
FLT004683,GRU,MAD,GRU,A320,2022-10-16,Baja,2,6,6,7
FLT004684,SCL,EZE,SCL,B767,2022-04-16,Baja,2,7,6,5
FLT004685,EZE,GRU,EZE,B737,2024-05-02,Baja,2,4,8,3
FLT004686,BOG,MAD,BOG,B767,2023-05-05,Baja,2,6,6,5
FLT004687,SCL,BOG,SCL,A320,2023-03-20,Baja,2,4,5,5
FLT004688,BOG,MAD,BOG,B787,2023-08-01,Alta_Invierno,2,9,8,9
FLT004689,SCL,LIM,SCL,B737,2024-06-12,Alta_Invierno,2,5,4,2
FLT004690,LIM,MIA,LIM,A350,2022-01-28,Alta_Verano,2,10,7,11
FLT004691,LIM,BOG,LIM,B737,2024-01-14,Alta_Verano,2,4,6,12
FLT004692,SCL,GRU,SCL,B737,2022-11-09,Baja,2,6,4,3
FLT004693,BOG,MAD,BOG,A350,2022-03-07,Baja,2,12,4,4
FLT004694,BOG,MIA,BOG,A320,2024-01-26,Alta_Verano,2,5,6,5
FLT004695,SCL,BOG,SCL,B737,2022-07-23,Alta_Invierno,2,5,6,5
FLT004696,LIM,MIA,LIM,A320,2023-12-27,Alta_Verano,2,6,4,3
FLT004697,GRU,MAD,GRU,B787,2023-04-12,Baja,2,8,7,4
FLT004698,SCL,BOG,SCL,B737,2022-07-20,Alta_Invierno,2,4,8,3
FLT004699,SCL,MAD,SCL,A320,2024-01-26,Alta_Verano,2,5,3,14
FLT004700,LIM,BOG,LIM,B737,2023-08-30,Alta_Invierno,2,5,7,3
FLT004701,SCL,BOG,SCL,B737,2024-08-03,Alta_Invierno,2,5,7,8
FLT004702,SCL,MAD,SCL,B737,2022-09-15,Baja,2,6,3,10
FLT004703,LIM,MIA,LIM,A320,2022-02-05,Alta_Verano,2,6,8,7
FLT004704,EZE,GRU,EZE,B737,2023-12-23,Alta_Verano,2,5,6,7
FLT004705,SCL,GRU,SCL,B767,2024-05-21,Baja,2,6,5,7
FLT004706,LIM,BOG,LIM,A320,2024-10-24,Baja,2,5,7,2
FLT004707,LIM,GRU,LIM,A350,2022-02-06,Alta_Verano,2,9,3,4
FLT004708,SCL,JFK,SCL,A350,2024-01-02,Alta_Verano,2,9,6,6
FLT004709,SCL,JFK,SCL,B767,2024-05-01,Baja,2,8,4,5
FLT004710,SCL,JFK,SCL,A320,2023-12-04,Alta_Verano,2,5,4,13
FLT004711,SCL,EZE,SCL,A350,2024-01-18,Alta_Verano,2,9,4,7
FLT004712,LIM,GRU,LIM,B767,2023-04-07,Baja,2,8,4,5
FLT004713,BOG,MAD,BOG,B737,2023-01-16,Alta_Verano,2,5,4,
FLT004714,SCL,BOG,SCL,A350,2023-07-03,Alta_Invierno,2,8,8,2
FLT004715,BOG,MIA,BOG,B767,2024-03-26,Baja,2,7,4,5
FLT004716,SCL,MAD,SCL,B787,2024-09-04,Baja,2,8,5,9
FLT004717,LIM,MIA,LIM,B787,2022-01-04,Alta_Verano,2,8,8,3
FLT004718,LIM,MIA,LIM,B737,2023-12-19,Alta_Verano,2,4,7,4
FLT004719,SCL,MIA,SCL,A350,2023-08-09,Alta_Invierno,2,8,7,13
FLT004720,SCL,MIA,SCL,B787,2022-07-27,Alta_Invierno,2,12,6,10
FLT004721,LIM,GRU,LIM,A320,2024-08-18,Alta_Invierno,2,5,7,9
FLT004722,SCL,EZE,SCL,A320,2022-04-29,Baja,2,4,8,5
FLT004723,BOG,MIA,BOG,B767,2023-07-09,Alta_Invierno,2,6,7,12
FLT004724,SCL,GRU,SCL,A320,2022-11-18,Baja,2,4,4,11
FLT004725,BOG,MAD,BOG,B737,2024-08-26,Alta_Invierno,2,4,4,5
FLT004726,EZE,GRU,EZE,B737,2022-06-12,Alta_Invierno,2,5,5,2
FLT004727,SCL,MIA,SCL,B737,2023-01-12,Alta_Verano,2,5,8,9
FLT004728,GRU,MAD,GRU,B737,2022-01-11,Alta_Verano,2,6,5,13
FLT004729,LIM,BOG,LIM,B737,2023-07-11,Alta_Invierno,2,4,5,3
FLT004730,SCL,EZE,SCL,A320,2023-01-30,Alta_Verano,2,5,5,5
FLT004731,SCL,MAD,SCL,A320,2023-01-15,Alta_Verano,2,4,6,5
FLT004732,SCL,EZE,SCL,B737,2024-01-01,Alta_Verano,2,6,5,7
FLT004733,GRU,MIA,GRU,A320,2023-07-15,Alta_Invierno,2,5,7,5
FLT004734,SCL,GRU,SCL,A350,2022-08-16,Alta_Invierno,2,9,3,4
FLT004735,SCL,JFK,SCL,B767,2022-05-09,Baja,2,6,8,11
FLT004736,GRU,MIA,GRU,A350,2023-01-15,Alta_Verano,2,12,3,5
FLT004737,GRU,MIA,GRU,B787,2022-07-19,Alta_Invierno,2,10,8,5
FLT004738,SCL,JFK,SCL,B767,2023-07-27,Alta_Invierno,2,7,8,2
FLT004739,GRU,MIA,GRU,A320,2022-01-07,Alta_Verano,2,6,3,3
FLT004740,SCL,GRU,SCL,A350,2023-07-27,Alta_Invierno,2,9,7,7
FLT004741,BOG,MIA,BOG,A320,2022-01-06,Alta_Verano,2,4,8,3
FLT004742,SCL,MIA,SCL,A320,2023-03-07,Baja,2,5,8,5
FLT004743,SCL,EZE,SCL,A350,2022-09-05,Baja,2,11,3,8
FLT004744,SCL,BOG,SCL,A320,2024-07-26,Alta_Invierno,2,4,5,8
FLT004745,SCL,LIM,SCL,B737,2022-12-22,Alta_Verano,2,5,8,4
FLT004746,SCL,MAD,SCL,A320,2024-07-18,Alta_Invierno,2,6,4,5
FLT004747,LIM,MIA,LIM,B767,2024-02-20,Alta_Verano,2,8,7,9
FLT004748,LIM,GRU,LIM,A320,2024-03-09,Baja,2,5,8,5
FLT004749,SCL,MIA,SCL,B787,2022-11-14,Baja,2,9,6,13
FLT004750,SCL,MAD,SCL,A320,2023-03-04,Baja,2,5,8,3
FLT004751,SCL,GRU,SCL,A320,2024-08-29,Alta_Invierno,2,4,6,6
FLT004752,LIM,BOG,LIM,B737,2024-03-18,Baja,2,4,8,6
FLT004753,EZE,GRU,EZE,B737,2023-01-09,Alta_Verano,2,5,7,6
FLT004754,GRU,MAD,GRU,A320,2024-12-13,Alta_Verano,2,5,7,
FLT004755,BOG,MIA,BOG,B787,2024-11-01,Baja,2,10,4,4
FLT004756,SCL,GRU,SCL,B737,2023-07-18,Alta_Invierno,2,5,5,4
FLT004757,SCL,MAD,SCL,B737,2022-07-22,Alta_Invierno,2,5,5,3
FLT004758,BOG,MIA,BOG,B737,2024-11-06,Baja,2,4,6,8
FLT004759,SCL,MIA,SCL,B737,2022-03-03,Baja,2,4,3,10
FLT004760,LIM,GRU,LIM,B737,2022-01-02,Alta_Verano,2,5,8,11
FLT004761,SCL,JFK,SCL,B767,2024-08-05,Alta_Invierno,2,8,6,7
FLT004762,SCL,JFK,SCL,A320,2024-03-02,Baja,2,4,6,10
FLT004763,LIM,GRU,LIM,B787,2023-04-06,Baja,2,12,3,3
FLT004764,SCL,GRU,SCL,B737,2022-01-02,Alta_Verano,2,6,8,5
FLT004765,SCL,BOG,SCL,B737,2023-07-09,Alta_Invierno,2,6,8,13
FLT004766,SCL,EZE,SCL,B767,2024-09-28,Baja,2,8,4,3
FLT004767,SCL,MIA,SCL,B787,2022-07-27,Alta_Invierno,2,12,3,8
FLT004768,LIM,GRU,LIM,A320,2024-07-20,Alta_Invierno,2,4,3,11
FLT004769,SCL,LIM,SCL,B737,2024-07-02,Alta_Invierno,2,4,8,9
FLT004770,EZE,GRU,EZE,A320,2023-08-21,Alta_Invierno,2,6,6,2
FLT004771,SCL,BOG,SCL,B737,2022-07-29,Alta_Invierno,2,5,8,11
FLT004772,SCL,GRU,SCL,B737,2023-07-15,Alta_Invierno,2,4,6,4
FLT004773,BOG,MAD,BOG,B787,2023-01-10,Alta_Verano,2,8,8,12
FLT004774,SCL,EZE,SCL,A320,2023-07-08,Alta_Invierno,2,5,8,
FLT004775,SCL,MIA,SCL,B737,2023-12-01,Alta_Verano,2,6,4,4
FLT004776,LIM,MIA,LIM,A320,2024-11-15,Baja,2,5,3,4
FLT004777,GRU,MAD,GRU,A320,2022-01-02,Alta_Verano,2,4,3,13
FLT004778,SCL,BOG,SCL,A320,2023-01-28,Alta_Verano,2,4,5,2
FLT004779,LIM,GRU,LIM,B737,2022-05-22,Baja,2,6,4,6
FLT004780,LIM,BOG,LIM,A350,2023-12-28,Alta_Verano,2,9,6,10
FLT004781,SCL,JFK,SCL,A320,2024-02-13,Alta_Verano,2,4,5,4
FLT004782,LIM,GRU,LIM,B737,2024-06-16,Alta_Invierno,2,4,6,10
FLT004783,GRU,MIA,GRU,B767,2022-05-19,Baja,2,7,5,3
FLT004784,LIM,MIA,LIM,B737,2022-04-08,Baja,2,4,5,5
FLT004785,SCL,EZE,SCL,A350,2022-05-28,Baja,2,8,7,12
FLT004786,BOG,MAD,BOG,B737,2024-12-08,Alta_Verano,2,4,7,5
FLT004787,SCL,BOG,SCL,A350,2024-07-25,Alta_Invierno,2,11,8,7
FLT004788,GRU,MAD,GRU,A320,2022-07-14,Alta_Invierno,2,6,5,5
FLT004789,BOG,MAD,BOG,B787,2022-10-23,Baja,2,12,5,5
FLT004790,LIM,BOG,LIM,A320,2022-08-06,Alta_Invierno,2,5,3,4
FLT004791,BOG,MIA,BOG,B737,2023-09-30,Baja,2,6,4,4
FLT004792,SCL,GRU,SCL,A320,2024-06-12,Alta_Invierno,2,4,3,5
FLT004793,BOG,MIA,BOG,A320,2024-12-19,Alta_Verano,2,6,3,10
FLT004794,SCL,MIA,SCL,A320,2024-12-11,Alta_Verano,2,5,4,4
FLT004795,SCL,JFK,SCL,B737,2022-10-19,Baja,2,4,4,
FLT004796,SCL,BOG,SCL,A320,2024-07-02,Alta_Invierno,2,5,6,4
FLT004797,EZE,GRU,EZE,B767,2022-07-03,Alta_Invierno,2,7,7,3
FLT004798,LIM,BOG,LIM,B767,2023-01-03,Alta_Verano,2,8,4,4
FLT004799,SCL,JFK,SCL,B787,2024-02-26,Alta_Verano,2,8,5,3
FLT004800,BOG,MIA,BOG,A320,2024-05-28,Baja,2,4,6,2
FLT004801,SCL,MIA,SCL,A320,2022-02-14,Alta_Verano,2,4,3,14
FLT004802,LIM,BOG,LIM,A320,2022-02-01,Alta_Verano,2,5,6,2
FLT004803,SCL,EZE,SCL,A320,2022-01-16,Alta_Verano,2,4,8,9
FLT004804,LIM,GRU,LIM,B737,2022-12-24,Alta_Verano,2,5,8,13
FLT004805,BOG,MAD,BOG,B787,2022-07-26,Alta_Invierno,2,12,3,6
FLT004806,GRU,MIA,GRU,B767,2023-02-28,Alta_Verano,2,7,5,3
FLT004807,GRU,MIA,GRU,B737,2022-04-06,Baja,2,6,8,14
FLT004808,BOG,MIA,BOG,B737,2023-01-04,Alta_Verano,2,6,6,9
FLT004809,LIM,BOG,LIM,B737,2023-12-21,Alta_Verano,2,5,4,
FLT004810,SCL,LIM,SCL,A320,2024-05-28,Baja,2,6,8,7
FLT004811,SCL,LIM,SCL,A350,2023-01-25,Alta_Verano,2,12,3,10
FLT004812,SCL,GRU,SCL,B767,2023-12-24,Alta_Verano,2,8,6,8
FLT004813,LIM,MIA,LIM,B737,2023-07-02,Alta_Invierno,2,4,3,11
FLT004814,SCL,JFK,SCL,B737,2023-10-17,Baja,2,4,4,5
FLT004815,SCL,EZE,SCL,B787,2024-08-04,Alta_Invierno,2,10,6,6
FLT004816,GRU,MAD,GRU,B767,2023-01-27,Alta_Verano,2,8,4,13
FLT004817,SCL,MAD,SCL,B767,2024-05-31,Baja,2,7,4,6
FLT004818,SCL,MIA,SCL,B737,2023-12-14,Alta_Verano,2,6,3,13
FLT004819,SCL,BOG,SCL,A350,2023-07-15,Alta_Invierno,2,11,6,14
FLT004820,SCL,MAD,SCL,B737,2024-01-03,Alta_Verano,2,5,8,8
FLT004821,SCL,MAD,SCL,A350,2023-08-11,Alta_Invierno,2,11,5,4
FLT004822,SCL,LIM,SCL,B767,2023-02-26,Alta_Verano,2,8,7,10
FLT004823,BOG,MIA,BOG,B767,2024-09-20,Baja,2,8,4,12
FLT004824,LIM,BOG,LIM,B767,2024-01-25,Alta_Verano,2,8,7,5
FLT004825,BOG,MAD,BOG,A320,2024-01-11,Alta_Verano,2,5,5,3
FLT004826,SCL,GRU,SCL,B737,2024-12-20,Alta_Verano,2,6,5,2
FLT004827,BOG,MAD,BOG,B767,2024-03-03,Baja,2,7,5,9
FLT004828,LIM,MIA,LIM,A320,2024-01-19,Alta_Verano,2,4,8,14
FLT004829,SCL,LIM,SCL,B787,2023-07-19,Alta_Invierno,2,10,7,13
FLT004830,EZE,GRU,EZE,B737,2024-07-31,Alta_Invierno,2,5,5,6
FLT004831,SCL,MAD,SCL,B787,2024-07-06,Alta_Invierno,2,8,6,4
FLT004832,LIM,BOG,LIM,A320,2022-07-15,Alta_Invierno,2,4,8,14
FLT004833,SCL,MIA,SCL,B767,2024-10-16,Baja,2,7,7,5
FLT004834,BOG,MIA,BOG,B737,2023-04-03,Baja,2,4,3,4
FLT004835,SCL,MIA,SCL,B787,2023-08-17,Alta_Invierno,2,9,4,9
FLT004836,LIM,GRU,LIM,A320,2022-11-25,Baja,2,4,6,2
FLT004837,GRU,MIA,GRU,B737,2022-07-08,Alta_Invierno,2,5,5,12
FLT004838,SCL,LIM,SCL,B787,2024-01-31,Alta_Verano,2,12,6,4
FLT004839,SCL,BOG,SCL,A320,2022-03-23,Baja,2,5,4,4
FLT004840,SCL,MIA,SCL,B737,2022-01-22,Alta_Verano,2,4,7,12
FLT004841,GRU,MIA,GRU,A320,2023-06-21,Alta_Invierno,2,6,3,7
FLT004842,LIM,MIA,LIM,A320,2024-01-31,Alta_Verano,2,5,6,13
FLT004843,LIM,BOG,LIM,A320,2022-05-03,Baja,2,4,4,3
FLT004844,SCL,MAD,SCL,B767,2023-07-07,Alta_Invierno,2,6,4,2
FLT004845,SCL,EZE,SCL,B787,2022-03-24,Baja,2,8,3,7
FLT004846,SCL,GRU,SCL,A320,2022-03-05,Baja,2,4,4,13
FLT004847,LIM,BOG,LIM,A320,2024-11-11,Baja,2,5,7,12
FLT004848,SCL,MIA,SCL,A320,2022-05-05,Baja,2,4,8,12
FLT004849,SCL,EZE,SCL,B767,2023-07-10,Alta_Invierno,2,6,7,3
FLT004850,SCL,JFK,SCL,B787,2023-12-18,Alta_Verano,2,8,3,5
FLT004851,SCL,BOG,SCL,B737,2022-08-31,Alta_Invierno,2,5,6,5
FLT004852,LIM,GRU,LIM,B787,2022-10-22,Baja,2,10,3,3
FLT004853,LIM,BOG,LIM,B737,2024-11-16,Baja,2,4,6,5
FLT004854,GRU,MIA,GRU,B737,2023-10-01,Baja,2,5,5,
FLT004855,LIM,MIA,LIM,A350,2022-10-24,Baja,2,10,3,2
FLT004856,SCL,MAD,SCL,B787,2024-11-29,Baja,2,9,3,4
FLT004857,GRU,MAD,GRU,B767,2022-11-26,Baja,2,6,7,13
FLT004858,LIM,GRU,LIM,B767,2022-01-02,Alta_Verano,2,6,4,2
FLT004859,SCL,EZE,SCL,B787,2022-12-31,Alta_Verano,2,8,5,5
FLT004860,SCL,GRU,SCL,B737,2022-12-27,Alta_Verano,2,6,7,13
FLT004861,GRU,MAD,GRU,B787,2024-08-23,Alta_Invierno,2,8,4,9
FLT004862,SCL,JFK,SCL,A350,2022-05-03,Baja,2,12,7,10
FLT004863,EZE,GRU,EZE,B737,2022-10-12,Baja,2,6,5,4
FLT004864,LIM,BOG,LIM,A350,2023-01-05,Alta_Verano,2,11,6,8
FLT004865,SCL,JFK,SCL,A320,2022-07-24,Alta_Invierno,2,6,6,5
FLT004866,GRU,MIA,GRU,B787,2022-07-20,Alta_Invierno,2,12,6,2
FLT004867,SCL,MIA,SCL,B737,2022-06-15,Alta_Invierno,2,6,3,8
FLT004868,SCL,JFK,SCL,A350,2024-07-10,Alta_Invierno,2,12,8,3
FLT004869,GRU,MAD,GRU,B737,2023-10-23,Baja,2,5,5,7
FLT004870,GRU,MAD,GRU,B767,2023-04-02,Baja,2,8,8,4
FLT004871,GRU,MIA,GRU,A320,2022-08-29,Alta_Invierno,2,4,8,5
FLT004872,SCL,EZE,SCL,B787,2023-07-02,Alta_Invierno,2,10,5,12
FLT004873,SCL,MIA,SCL,B787,2023-01-02,Alta_Verano,2,9,5,13
FLT004874,BOG,MAD,BOG,A350,2023-01-16,Alta_Verano,2,11,3,7
FLT004875,BOG,MAD,BOG,B787,2023-01-11,Alta_Verano,2,12,5,4
FLT004876,GRU,MAD,GRU,A320,2022-04-29,Baja,2,6,6,6
FLT004877,SCL,LIM,SCL,B737,2023-06-15,Alta_Invierno,2,4,6,5
FLT004878,SCL,GRU,SCL,A320,2022-07-14,Alta_Invierno,2,5,4,2
FLT004879,LIM,BOG,LIM,A320,2024-01-13,Alta_Verano,2,6,6,12
FLT004880,SCL,LIM,SCL,A320,2023-11-11,Baja,2,5,4,12
FLT004881,GRU,MIA,GRU,A320,2022-12-13,Alta_Verano,2,5,7,2
FLT004882,SCL,LIM,SCL,A350,2022-07-26,Alta_Invierno,2,10,6,9
FLT004883,SCL,BOG,SCL,B737,2023-09-20,Baja,2,5,6,2
FLT004884,GRU,MIA,GRU,B787,2023-07-22,Alta_Invierno,2,11,5,14
FLT004885,SCL,LIM,SCL,B787,2023-02-24,Alta_Verano,2,8,8,3
FLT004886,LIM,MIA,LIM,A320,2022-04-06,Baja,2,4,6,4
FLT004887,EZE,GRU,EZE,A320,2024-01-17,Alta_Verano,2,6,6,12
FLT004888,SCL,LIM,SCL,B787,2024-07-04,Alta_Invierno,2,8,8,10
FLT004889,SCL,BOG,SCL,A320,2022-05-21,Baja,2,6,4,3
FLT004890,GRU,MAD,GRU,A320,2024-10-25,Baja,2,5,5,3
FLT004891,LIM,MIA,LIM,B787,2022-12-02,Alta_Verano,2,12,8,13
FLT004892,SCL,MIA,SCL,B767,2024-09-07,Baja,2,8,5,9
FLT004893,GRU,MAD,GRU,A320,2022-12-13,Alta_Verano,2,6,4,5
FLT004894,SCL,MIA,SCL,A320,2023-07-07,Alta_Invierno,2,4,4,9
FLT004895,SCL,GRU,SCL,A320,2023-01-31,Alta_Verano,2,5,6,6
FLT004896,SCL,MAD,SCL,B767,2023-01-30,Alta_Verano,2,8,8,3
FLT004897,SCL,JFK,SCL,A320,2022-07-09,Alta_Invierno,2,4,5,5
FLT004898,LIM,GRU,LIM,B737,2022-02-17,Alta_Verano,2,5,8,4
FLT004899,BOG,MAD,BOG,B737,2022-03-13,Baja,2,4,6,10
FLT004900,LIM,BOG,LIM,B767,2024-01-17,Alta_Verano,2,8,3,13
FLT004901,GRU,MIA,GRU,B767,2024-08-01,Alta_Invierno,2,8,5,6
FLT004902,LIM,BOG,LIM,B787,2023-07-16,Alta_Invierno,2,9,5,8
FLT004903,SCL,BOG,SCL,B737,2022-07-10,Alta_Invierno,2,6,6,2
FLT004904,EZE,GRU,EZE,B737,2024-03-02,Baja,2,6,7,4
FLT004905,LIM,MIA,LIM,B737,2023-11-05,Baja,2,6,4,13
FLT004906,LIM,BOG,LIM,A320,2022-04-18,Baja,2,5,3,5
FLT004907,SCL,EZE,SCL,B737,2022-02-17,Alta_Verano,2,5,7,6
FLT004908,BOG,MAD,BOG,B737,2023-11-04,Baja,2,5,3,8
FLT004909,BOG,MAD,BOG,B737,2022-01-04,Alta_Verano,2,5,6,2
FLT004910,LIM,GRU,LIM,B787,2023-01-13,Alta_Verano,2,12,7,5
FLT004911,SCL,GRU,SCL,B767,2024-05-15,Baja,2,8,7,14
FLT004912,LIM,MIA,LIM,A320,2022-01-03,Alta_Verano,2,4,5,4
FLT004913,SCL,MIA,SCL,B737,2022-01-28,Alta_Verano,2,4,6,2
FLT004914,SCL,MIA,SCL,B787,2023-07-22,Alta_Invierno,2,8,7,5
FLT004915,GRU,MAD,GRU,B737,2022-01-23,Alta_Verano,2,6,7,5
FLT004916,SCL,JFK,SCL,B787,2023-01-18,Alta_Verano,2,11,6,10
FLT004917,BOG,MIA,BOG,B737,2024-02-02,Alta_Verano,2,6,7,5
FLT004918,SCL,EZE,SCL,A320,2022-08-19,Alta_Invierno,2,4,4,5
FLT004919,SCL,LIM,SCL,B737,2023-07-08,Alta_Invierno,2,5,8,2
FLT004920,SCL,MAD,SCL,A320,2022-07-01,Alta_Invierno,2,6,6,9
FLT004921,GRU,MAD,GRU,B737,2022-02-01,Alta_Verano,2,4,3,12
FLT004922,BOG,MAD,BOG,A320,2022-09-02,Baja,2,6,4,14
FLT004923,SCL,MIA,SCL,B737,2024-02-09,Alta_Verano,2,4,5,2
FLT004924,SCL,LIM,SCL,B737,2022-02-13,Alta_Verano,2,6,3,2
FLT004925,LIM,BOG,LIM,B737,2022-05-10,Baja,2,4,3,12
FLT004926,BOG,MIA,BOG,A320,2024-01-15,Alta_Verano,2,6,3,14
FLT004927,BOG,MAD,BOG,B737,2022-06-15,Alta_Invierno,2,6,4,12
FLT004928,SCL,MAD,SCL,B767,2023-05-05,Baja,2,6,5,12
FLT004929,BOG,MAD,BOG,B787,2022-05-19,Baja,2,11,3,2
FLT004930,LIM,GRU,LIM,A350,2024-05-28,Baja,2,10,6,13
FLT004931,LIM,GRU,LIM,B767,2023-12-18,Alta_Verano,2,6,4,13
FLT004932,GRU,MIA,GRU,B737,2022-07-31,Alta_Invierno,2,4,5,
FLT004933,BOG,MAD,BOG,B787,2024-07-23,Alta_Invierno,2,11,4,5
FLT004934,SCL,BOG,SCL,A320,2023-12-15,Alta_Verano,2,6,4,13
FLT004935,GRU,MIA,GRU,B737,2023-01-01,Alta_Verano,2,6,6,8
FLT004936,GRU,MAD,GRU,A320,2024-06-22,Alta_Invierno,2,5,4,5
FLT004937,LIM,GRU,LIM,A320,2023-02-06,Alta_Verano,2,4,5,4
FLT004938,LIM,BOG,LIM,A320,2022-01-22,Alta_Verano,2,6,4,4
FLT004939,GRU,MAD,GRU,B767,2022-09-26,Baja,2,7,5,5
FLT004940,GRU,MAD,GRU,A320,2022-07-12,Alta_Invierno,2,6,5,7
FLT004941,BOG,MAD,BOG,B737,2024-06-29,Alta_Invierno,2,5,7,9
FLT004942,BOG,MAD,BOG,B787,2022-07-04,Alta_Invierno,2,8,5,4
FLT004943,GRU,MAD,GRU,B787,2022-05-25,Baja,2,9,7,7
FLT004944,LIM,MIA,LIM,A350,2024-02-04,Alta_Verano,2,10,7,2
FLT004945,SCL,LIM,SCL,B737,2024-01-29,Alta_Verano,2,6,3,13
FLT004946,LIM,GRU,LIM,B787,2022-01-03,Alta_Verano,2,9,7,3
FLT004947,EZE,GRU,EZE,B767,2023-02-14,Alta_Verano,2,8,3,5
FLT004948,SCL,GRU,SCL,A320,2024-07-21,Alta_Invierno,2,6,7,11
FLT004949,GRU,MIA,GRU,B767,2023-07-17,Alta_Invierno,2,7,5,2
FLT004950,SCL,JFK,SCL,A350,2024-01-06,Alta_Verano,2,8,8,4
FLT004951,SCL,GRU,SCL,B737,2024-03-12,Baja,2,5,8,3
FLT004952,BOG,MAD,BOG,B787,2023-09-25,Baja,2,8,7,4
FLT004953,SCL,JFK,SCL,A320,2022-06-03,Alta_Invierno,2,4,3,5
FLT004954,GRU,MIA,GRU,B787,2023-06-28,Alta_Invierno,2,10,6,5
FLT004955,BOG,MIA,BOG,A320,2023-06-09,Alta_Invierno,2,4,8,3
FLT004956,LIM,MIA,LIM,B737,2024-01-23,Alta_Verano,2,6,7,4
FLT004957,SCL,BOG,SCL,B767,2022-10-04,Baja,2,6,5,3
FLT004958,SCL,EZE,SCL,B767,2024-07-02,Alta_Invierno,2,8,6,5
FLT004959,LIM,GRU,LIM,A320,2023-01-18,Alta_Verano,2,5,7,14
FLT004960,SCL,LIM,SCL,A320,2023-06-05,Alta_Invierno,2,5,7,5
FLT004961,LIM,GRU,LIM,A320,2022-01-25,Alta_Verano,2,6,4,7
FLT004962,GRU,MAD,GRU,A320,2024-03-12,Baja,2,6,3,5
FLT004963,LIM,GRU,LIM,A320,2022-05-27,Baja,2,5,5,11
FLT004964,SCL,MAD,SCL,B737,2022-02-18,Alta_Verano,2,6,6,3
FLT004965,GRU,MIA,GRU,A350,2023-07-03,Alta_Invierno,2,11,5,6
FLT004966,SCL,MAD,SCL,B737,2023-01-21,Alta_Verano,2,4,3,3
FLT004967,SCL,GRU,SCL,B767,2022-05-28,Baja,2,8,8,7
FLT004968,SCL,MAD,SCL,B787,2022-01-15,Alta_Verano,2,11,6,5
FLT004969,SCL,GRU,SCL,B737,2023-01-24,Alta_Verano,2,4,7,2
FLT004970,SCL,JFK,SCL,A320,2024-07-16,Alta_Invierno,2,4,5,2
FLT004971,SCL,EZE,SCL,A320,2024-02-28,Alta_Verano,2,4,7,12
FLT004972,LIM,GRU,LIM,A350,2024-03-15,Baja,2,10,7,5
FLT004973,EZE,GRU,EZE,A320,2023-07-23,Alta_Invierno,2,6,7,3
FLT004974,SCL,MAD,SCL,A320,2023-01-26,Alta_Verano,2,5,5,5
FLT004975,LIM,GRU,LIM,A320,2024-01-17,Alta_Verano,2,4,5,2
FLT004976,LIM,GRU,LIM,B787,2022-06-09,Alta_Invierno,2,9,7,5
FLT004977,LIM,MIA,LIM,A320,2024-07-30,Alta_Invierno,2,6,4,6
FLT004978,SCL,MIA,SCL,A320,2024-01-25,Alta_Verano,2,5,4,8
FLT004979,SCL,MAD,SCL,A320,2023-07-11,Alta_Invierno,2,6,7,10
FLT004980,GRU,MIA,GRU,B787,2023-02-27,Alta_Verano,2,10,3,11
FLT004981,LIM,MIA,LIM,B787,2024-08-29,Alta_Invierno,2,9,7,5
FLT004982,SCL,BOG,SCL,A350,2024-05-01,Baja,2,11,7,3
FLT004983,GRU,MIA,GRU,A320,2024-09-12,Baja,2,4,8,2
FLT004984,SCL,MIA,SCL,A320,2024-05-18,Baja,2,4,7,7
FLT004985,BOG,MAD,BOG,B737,2024-08-07,Alta_Invierno,2,5,4,7
FLT004986,GRU,MIA,GRU,B767,2023-01-07,Alta_Verano,2,6,4,9
FLT004987,SCL,MAD,SCL,A350,2024-05-31,Baja,2,12,8,13
FLT004988,LIM,BOG,LIM,A320,2023-07-09,Alta_Invierno,2,6,3,2
FLT004989,SCL,BOG,SCL,B737,2024-07-06,Alta_Invierno,2,4,6,11
FLT004990,EZE,GRU,EZE,B767,2022-08-30,Alta_Invierno,2,7,3,
FLT004991,LIM,GRU,LIM,A350,2023-04-25,Baja,2,9,4,11
FLT004992,SCL,MIA,SCL,B737,2024-05-03,Baja,2,4,8,13
FLT004993,GRU,MIA,GRU,A320,2023-05-01,Baja,2,5,4,10
FLT004994,SCL,BOG,SCL,A320,2022-10-03,Baja,2,4,6,4
FLT004995,LIM,MIA,LIM,A320,2023-10-02,Baja,2,4,4,13
FLT004996,LIM,BOG,LIM,A320,2024-09-05,Baja,2,6,4,
FLT004997,SCL,GRU,SCL,B737,2022-07-25,Alta_Invierno,2,6,3,3
FLT004998,SCL,MAD,SCL,B737,2024-07-29,Alta_Invierno,2,6,6,5
FLT004999,GRU,MAD,GRU,A320,2023-01-13,Alta_Verano,2,4,8,
FLT005000,SCL,JFK,SCL,B787,2024-07-06,Alta_Invierno,2,11,8,4
FLT005001,BOG,MIA,BOG,B767,2022-10-02,Baja,2,7,6,9
FLT005002,GRU,MIA,GRU,B737,2023-12-07,Alta_Verano,2,4,6,11
FLT005003,SCL,GRU,SCL,B767,2024-06-13,Alta_Invierno,2,7,4,2
FLT005004,SCL,BOG,SCL,B787,2022-08-12,Alta_Invierno,2,12,4,2
FLT005005,SCL,GRU,SCL,B787,2024-03-23,Baja,2,12,4,4
FLT005006,SCL,MIA,SCL,B787,2024-10-08,Baja,2,12,7,2
FLT005007,GRU,MIA,GRU,A320,2024-06-02,Alta_Invierno,2,5,8,4
FLT005008,SCL,MAD,SCL,A320,2023-07-09,Alta_Invierno,2,6,6,2
FLT005009,SCL,BOG,SCL,B787,2024-07-12,Alta_Invierno,2,10,8,10
FLT005010,GRU,MIA,GRU,B737,2024-01-21,Alta_Verano,2,4,6,5
FLT005011,LIM,BOG,LIM,A350,2024-03-21,Baja,2,9,6,7
FLT005012,SCL,MAD,SCL,B737,2024-10-17,Baja,2,6,5,9
FLT005013,SCL,GRU,SCL,B737,2024-04-08,Baja,2,4,5,12
FLT005014,SCL,EZE,SCL,B737,2024-09-17,Baja,2,4,3,6
FLT005015,SCL,GRU,SCL,A350,2023-02-09,Alta_Verano,2,10,7,12
FLT005016,SCL,BOG,SCL,B737,2023-03-29,Baja,2,6,7,6
FLT005017,GRU,MIA,GRU,A320,2023-08-07,Alta_Invierno,2,5,7,6
FLT005018,GRU,MIA,GRU,B787,2023-02-24,Alta_Verano,2,8,4,13
FLT005019,SCL,MAD,SCL,B737,2024-01-01,Alta_Verano,2,4,5,3
FLT005020,GRU,MAD,GRU,B737,2023-01-06,Alta_Verano,2,4,3,9
FLT005021,LIM,MIA,LIM,B787,2022-03-18,Baja,2,9,5,7
FLT005022,GRU,MIA,GRU,B737,2023-11-03,Baja,2,5,6,3
FLT005023,LIM,MIA,LIM,B767,2023-10-08,Baja,2,7,6,2
FLT005024,SCL,BOG,SCL,B737,2023-02-17,Alta_Verano,2,5,6,13
FLT005025,SCL,BOG,SCL,B737,2023-10-27,Baja,2,6,5,3
FLT005026,EZE,GRU,EZE,B737,2024-09-02,Baja,2,4,4,13
FLT005027,GRU,MAD,GRU,B737,2024-11-12,Baja,2,4,6,2
FLT005028,EZE,GRU,EZE,B737,2023-01-23,Alta_Verano,2,6,4,3
FLT005029,GRU,MAD,GRU,A320,2023-10-30,Baja,2,4,7,8
FLT005030,SCL,JFK,SCL,B767,2023-02-04,Alta_Verano,2,8,8,5
FLT005031,BOG,MIA,BOG,A320,2024-07-03,Alta_Invierno,2,6,8,13
FLT005032,SCL,GRU,SCL,A320,2024-12-21,Alta_Verano,2,6,7,13
FLT005033,BOG,MAD,BOG,B737,2022-05-11,Baja,2,6,5,10
FLT005034,BOG,MAD,BOG,A320,2022-10-18,Baja,2,5,3,2
FLT005035,SCL,MIA,SCL,A320,2023-01-29,Alta_Verano,2,4,8,3
FLT005036,LIM,GRU,LIM,B787,2023-01-24,Alta_Verano,2,8,6,3
FLT005037,SCL,LIM,SCL,B737,2022-01-18,Alta_Verano,2,5,8,2
FLT005038,SCL,GRU,SCL,B737,2023-09-12,Baja,2,5,6,6
FLT005039,SCL,JFK,SCL,B737,2024-04-23,Baja,2,4,7,14
FLT005040,GRU,MIA,GRU,A320,2022-01-16,Alta_Verano,2,6,8,11
FLT005041,SCL,BOG,SCL,B737,2023-04-12,Baja,2,6,3,5
FLT005042,GRU,MIA,GRU,A320,2022-01-09,Alta_Verano,2,6,6,2
FLT005043,EZE,GRU,EZE,A320,2024-06-15,Alta_Invierno,2,4,5,4
FLT005044,SCL,MIA,SCL,A320,2023-11-12,Baja,2,5,6,5
FLT005045,SCL,JFK,SCL,A320,2024-07-02,Alta_Invierno,2,5,7,3
FLT005046,LIM,GRU,LIM,B737,2023-11-17,Baja,2,4,6,5
FLT005047,SCL,MIA,SCL,B737,2022-01-17,Alta_Verano,2,4,7,5
FLT005048,EZE,GRU,EZE,B737,2024-02-21,Alta_Verano,2,6,8,4
FLT005049,LIM,BOG,LIM,B767,2022-08-12,Alta_Invierno,2,7,6,9
FLT005050,BOG,MIA,BOG,A320,2022-05-02,Baja,2,6,5,5
FLT005051,BOG,MIA,BOG,B737,2024-07-09,Alta_Invierno,2,5,8,2
FLT005052,SCL,GRU,SCL,A350,2023-11-27,Baja,2,10,6,5
FLT005053,SCL,GRU,SCL,B737,2022-12-11,Alta_Verano,2,4,7,8
FLT005054,SCL,JFK,SCL,A350,2023-07-21,Alta_Invierno,2,10,5,4
FLT005055,SCL,LIM,SCL,A320,2023-03-30,Baja,2,6,4,4
FLT005056,SCL,GRU,SCL,B767,2022-12-10,Alta_Verano,2,7,8,4
FLT005057,SCL,MIA,SCL,B737,2023-01-30,Alta_Verano,2,6,5,5
FLT005058,BOG,MIA,BOG,A320,2023-06-24,Alta_Invierno,2,6,7,9
FLT005059,LIM,MIA,LIM,A350,2024-07-11,Alta_Invierno,2,8,5,12
FLT005060,GRU,MAD,GRU,A350,2024-07-29,Alta_Invierno,2,9,8,4
FLT005061,SCL,GRU,SCL,A320,2023-07-15,Alta_Invierno,2,5,8,2
FLT005062,SCL,EZE,SCL,A320,2022-07-27,Alta_Invierno,2,4,5,4
FLT005063,LIM,MIA,LIM,A320,2023-09-23,Baja,2,6,5,5
FLT005064,SCL,MAD,SCL,A320,2022-05-25,Baja,2,5,6,5
FLT005065,SCL,GRU,SCL,B767,2023-09-12,Baja,2,6,8,11
FLT005066,SCL,LIM,SCL,B737,2024-09-19,Baja,2,6,7,13
FLT005067,SCL,EZE,SCL,B737,2024-03-03,Baja,2,4,6,5
FLT005068,GRU,MIA,GRU,B787,2023-07-23,Alta_Invierno,2,10,4,3
FLT005069,GRU,MAD,GRU,B787,2024-06-16,Alta_Invierno,2,8,8,10
FLT005070,LIM,GRU,LIM,B767,2024-07-16,Alta_Invierno,2,7,7,2
FLT005071,SCL,JFK,SCL,A320,2023-01-02,Alta_Verano,2,4,3,5
FLT005072,BOG,MAD,BOG,B767,2023-03-19,Baja,2,6,8,2
FLT005073,SCL,LIM,SCL,B767,2024-12-30,Alta_Verano,2,6,4,13
FLT005074,SCL,JFK,SCL,B787,2022-12-04,Alta_Verano,2,12,4,7
FLT005075,LIM,GRU,LIM,B787,2023-12-29,Alta_Verano,2,8,5,4
FLT005076,SCL,MIA,SCL,B767,2024-10-26,Baja,2,6,6,5
FLT005077,SCL,LIM,SCL,A320,2024-01-07,Alta_Verano,2,4,4,11
FLT005078,GRU,MIA,GRU,A320,2024-05-12,Baja,2,6,5,9
FLT005079,GRU,MAD,GRU,B767,2022-01-11,Alta_Verano,2,7,7,
FLT005080,LIM,MIA,LIM,A320,2024-12-31,Alta_Verano,2,5,5,8
FLT005081,SCL,BOG,SCL,B737,2022-07-21,Alta_Invierno,2,5,6,6
FLT005082,BOG,MAD,BOG,B787,2024-07-20,Alta_Invierno,2,9,5,
FLT005083,LIM,BOG,LIM,A350,2023-07-05,Alta_Invierno,2,9,6,4
FLT005084,SCL,EZE,SCL,A320,2024-07-01,Alta_Invierno,2,4,8,7
FLT005085,GRU,MIA,GRU,B787,2024-04-09,Baja,2,8,5,4
FLT005086,BOG,MAD,BOG,A320,2024-01-09,Alta_Verano,2,4,8,13
FLT005087,SCL,JFK,SCL,B787,2023-11-08,Baja,2,10,3,5
FLT005088,SCL,MAD,SCL,B767,2024-07-20,Alta_Invierno,2,7,3,8
FLT005089,GRU,MAD,GRU,A320,2023-05-26,Baja,2,6,7,12
FLT005090,GRU,MIA,GRU,B737,2023-09-22,Baja,2,5,7,10
FLT005091,BOG,MAD,BOG,B787,2022-01-08,Alta_Verano,2,9,6,11
FLT005092,SCL,JFK,SCL,B737,2022-12-03,Alta_Verano,2,4,4,11
FLT005093,SCL,JFK,SCL,A320,2023-06-15,Alta_Invierno,2,6,8,10
FLT005094,BOG,MIA,BOG,B767,2022-08-04,Alta_Invierno,2,8,8,
FLT005095,SCL,BOG,SCL,B767,2023-01-17,Alta_Verano,2,7,4,7
FLT005096,LIM,BOG,LIM,A320,2024-07-10,Alta_Invierno,2,4,5,3
FLT005097,SCL,EZE,SCL,A320,2023-09-03,Baja,2,4,6,4
FLT005098,LIM,MIA,LIM,B767,2023-09-30,Baja,2,7,7,9
FLT005099,SCL,MAD,SCL,B767,2022-07-01,Alta_Invierno,2,8,6,5
FLT005100,SCL,BOG,SCL,A350,2023-07-23,Alta_Invierno,2,9,7,3
FLT005101,LIM,BOG,LIM,A320,2024-09-25,Baja,2,6,6,11
FLT005102,LIM,MIA,LIM,B737,2024-10-24,Baja,2,4,7,4
FLT005103,SCL,EZE,SCL,B737,2024-02-28,Alta_Verano,2,4,5,4
FLT005104,EZE,GRU,EZE,B787,2022-09-17,Baja,2,10,5,5
FLT005105,SCL,MAD,SCL,B737,2024-03-11,Baja,2,5,4,9
FLT005106,SCL,MAD,SCL,A350,2024-10-12,Baja,2,10,7,7
FLT005107,GRU,MIA,GRU,B767,2023-07-01,Alta_Invierno,2,7,7,2
FLT005108,GRU,MIA,GRU,B787,2023-07-30,Alta_Invierno,2,11,5,8
FLT005109,LIM,GRU,LIM,B787,2023-12-12,Alta_Verano,2,11,3,12
FLT005110,BOG,MIA,BOG,A350,2022-03-17,Baja,2,12,6,3
FLT005111,LIM,BOG,LIM,B767,2023-11-18,Baja,2,6,7,9
FLT005112,LIM,MIA,LIM,B737,2023-01-10,Alta_Verano,2,4,4,
FLT005113,SCL,MIA,SCL,B767,2024-07-27,Alta_Invierno,2,6,7,13
FLT005114,BOG,MIA,BOG,A320,2024-11-13,Baja,2,6,7,4
FLT005115,SCL,EZE,SCL,B737,2024-12-05,Alta_Verano,2,6,4,5
FLT005116,EZE,GRU,EZE,A320,2022-01-13,Alta_Verano,2,6,6,7
FLT005117,SCL,GRU,SCL,A320,2022-08-22,Alta_Invierno,2,6,7,3
FLT005118,SCL,MAD,SCL,B737,2024-07-13,Alta_Invierno,2,4,8,6
FLT005119,SCL,MAD,SCL,B787,2023-07-02,Alta_Invierno,2,10,5,9
FLT005120,LIM,GRU,LIM,B737,2024-07-24,Alta_Invierno,2,6,8,4
FLT005121,SCL,MIA,SCL,B767,2023-07-15,Alta_Invierno,2,7,5,5
FLT005122,GRU,MAD,GRU,A320,2022-12-06,Alta_Verano,2,6,3,13
FLT005123,GRU,MIA,GRU,B737,2022-01-26,Alta_Verano,2,6,8,12
FLT005124,BOG,MIA,BOG,B787,2024-05-22,Baja,2,10,8,3
FLT005125,BOG,MAD,BOG,A320,2024-01-18,Alta_Verano,2,6,6,3
FLT005126,LIM,BOG,LIM,B737,2024-02-06,Alta_Verano,2,6,8,13
FLT005127,GRU,MAD,GRU,A350,2024-09-16,Baja,2,8,3,6
FLT005128,SCL,MAD,SCL,B767,2022-06-25,Alta_Invierno,2,7,5,2
FLT005129,SCL,JFK,SCL,B737,2024-04-08,Baja,2,6,4,5
FLT005130,LIM,GRU,LIM,B737,2023-02-01,Alta_Verano,2,4,7,3
FLT005131,BOG,MAD,BOG,B787,2024-08-18,Alta_Invierno,2,12,4,3
FLT005132,SCL,JFK,SCL,B767,2024-01-13,Alta_Verano,2,6,3,4
FLT005133,GRU,MIA,GRU,B767,2022-05-29,Baja,2,6,8,12
FLT005134,SCL,MAD,SCL,A350,2024-07-26,Alta_Invierno,2,10,5,14
FLT005135,SCL,MIA,SCL,B737,2023-01-11,Alta_Verano,2,5,8,2
FLT005136,BOG,MIA,BOG,B737,2024-01-07,Alta_Verano,2,5,7,2
FLT005137,LIM,BOG,LIM,B787,2023-06-19,Alta_Invierno,2,9,6,12
FLT005138,LIM,GRU,LIM,A350,2024-04-07,Baja,2,12,5,5
FLT005139,LIM,BOG,LIM,B767,2024-01-02,Alta_Verano,2,6,4,12
FLT005140,SCL,MAD,SCL,B737,2024-01-27,Alta_Verano,2,6,8,13
FLT005141,SCL,LIM,SCL,B767,2022-12-25,Alta_Verano,2,6,3,3
FLT005142,SCL,MIA,SCL,A320,2024-07-04,Alta_Invierno,2,5,8,13
FLT005143,BOG,MIA,BOG,B787,2022-07-22,Alta_Invierno,2,9,6,3
FLT005144,SCL,GRU,SCL,A320,2024-07-29,Alta_Invierno,2,5,4,13
FLT005145,SCL,BOG,SCL,B737,2024-11-08,Baja,2,5,3,14
FLT005146,EZE,GRU,EZE,B787,2024-03-18,Baja,2,12,8,5
FLT005147,SCL,EZE,SCL,B767,2023-01-02,Alta_Verano,2,8,3,4
FLT005148,EZE,GRU,EZE,A320,2024-01-06,Alta_Verano,2,5,6,4
FLT005149,LIM,MIA,LIM,B737,2022-09-05,Baja,2,6,7,7
FLT005150,GRU,MIA,GRU,A350,2024-06-12,Alta_Invierno,2,12,6,8
FLT005151,SCL,GRU,SCL,A320,2024-07-15,Alta_Invierno,2,5,4,6
FLT005152,SCL,BOG,SCL,A350,2023-01-14,Alta_Verano,2,10,4,2
FLT005153,LIM,GRU,LIM,B737,2024-07-28,Alta_Invierno,2,6,8,4
FLT005154,GRU,MAD,GRU,B737,2024-08-21,Alta_Invierno,2,6,6,4
FLT005155,SCL,MIA,SCL,B767,2024-10-10,Baja,2,8,6,7
FLT005156,BOG,MAD,BOG,A320,2024-01-05,Alta_Verano,2,4,3,14
FLT005157,SCL,EZE,SCL,A320,2023-09-21,Baja,2,5,5,2
FLT005158,BOG,MIA,BOG,B737,2022-01-13,Alta_Verano,2,5,3,10
FLT005159,SCL,MIA,SCL,B737,2022-12-01,Alta_Verano,2,6,4,4
FLT005160,SCL,JFK,SCL,B737,2022-11-13,Baja,2,6,4,3
FLT005161,EZE,GRU,EZE,A320,2024-05-30,Baja,2,5,3,14
FLT005162,GRU,MAD,GRU,B767,2022-02-12,Alta_Verano,2,7,6,3
FLT005163,GRU,MAD,GRU,B737,2023-10-08,Baja,2,4,4,11
FLT005164,SCL,GRU,SCL,B767,2023-01-15,Alta_Verano,2,7,5,9
FLT005165,LIM,GRU,LIM,B767,2023-02-03,Alta_Verano,2,6,8,2
FLT005166,LIM,GRU,LIM,A320,2022-08-21,Alta_Invierno,2,4,5,4
FLT005167,SCL,MIA,SCL,A320,2024-11-04,Baja,2,6,4,5
FLT005168,LIM,MIA,LIM,B737,2022-10-22,Baja,2,6,8,5
FLT005169,SCL,GRU,SCL,A320,2022-10-12,Baja,2,6,3,6
FLT005170,EZE,GRU,EZE,B737,2024-01-03,Alta_Verano,2,4,5,9
FLT005171,SCL,EZE,SCL,B737,2024-02-21,Alta_Verano,2,6,4,7
FLT005172,LIM,BOG,LIM,B737,2024-01-27,Alta_Verano,2,6,6,10
FLT005173,GRU,MIA,GRU,B787,2024-04-25,Baja,2,9,8,12
FLT005174,SCL,LIM,SCL,A320,2024-03-04,Baja,2,4,3,9
FLT005175,SCL,JFK,SCL,B787,2022-01-09,Alta_Verano,2,8,7,13
FLT005176,GRU,MIA,GRU,B767,2024-01-21,Alta_Verano,2,7,4,11
FLT005177,LIM,BOG,LIM,A350,2022-06-07,Alta_Invierno,2,8,6,14
FLT005178,LIM,GRU,LIM,B737,2023-04-16,Baja,2,5,7,13
FLT005179,BOG,MIA,BOG,B767,2024-07-18,Alta_Invierno,2,6,3,4
FLT005180,SCL,LIM,SCL,A320,2024-01-21,Alta_Verano,2,5,8,6
FLT005181,LIM,GRU,LIM,A320,2024-01-06,Alta_Verano,2,4,5,9
FLT005182,SCL,GRU,SCL,B737,2022-10-21,Baja,2,5,7,10
FLT005183,GRU,MIA,GRU,B767,2023-03-04,Baja,2,6,8,3
FLT005184,SCL,BOG,SCL,B767,2022-09-19,Baja,2,7,5,10
FLT005185,SCL,EZE,SCL,B737,2022-06-21,Alta_Invierno,2,5,4,3
FLT005186,EZE,GRU,EZE,B737,2022-07-06,Alta_Invierno,2,6,3,8
FLT005187,GRU,MAD,GRU,B737,2023-02-27,Alta_Verano,2,4,7,
FLT005188,SCL,MIA,SCL,B737,2023-03-28,Baja,2,5,8,2
FLT005189,GRU,MIA,GRU,B737,2023-08-09,Alta_Invierno,2,5,8,7
FLT005190,SCL,JFK,SCL,B767,2024-07-17,Alta_Invierno,2,8,6,14
FLT005191,LIM,GRU,LIM,B737,2022-04-14,Baja,2,5,6,5
FLT005192,BOG,MAD,BOG,B737,2024-10-14,Baja,2,5,7,5
FLT005193,SCL,LIM,SCL,B787,2024-10-14,Baja,2,10,3,12
FLT005194,LIM,GRU,LIM,A320,2023-08-25,Alta_Invierno,2,4,3,3
FLT005195,BOG,MIA,BOG,B767,2023-11-08,Baja,2,6,8,2
FLT005196,SCL,EZE,SCL,B737,2023-07-08,Alta_Invierno,2,5,3,
FLT005197,LIM,BOG,LIM,A320,2024-01-07,Alta_Verano,2,6,4,13
FLT005198,SCL,JFK,SCL,B737,2023-03-19,Baja,2,6,7,6
FLT005199,GRU,MAD,GRU,B737,2024-04-21,Baja,2,4,8,3
FLT005200,GRU,MAD,GRU,B737,2024-11-14,Baja,2,4,4,4
FLT005201,BOG,MIA,BOG,A320,2024-10-04,Baja,2,5,4,5
FLT005202,EZE,GRU,EZE,A320,2024-01-03,Alta_Verano,2,5,3,10
FLT005203,GRU,MIA,GRU,A320,2024-11-15,Baja,2,4,8,5
FLT005204,SCL,MIA,SCL,A320,2023-10-13,Baja,2,6,7,11
FLT005205,EZE,GRU,EZE,A320,2022-01-16,Alta_Verano,2,4,3,2
FLT005206,SCL,MAD,SCL,B737,2023-01-22,Alta_Verano,2,6,4,4
FLT005207,SCL,LIM,SCL,B737,2022-12-17,Alta_Verano,2,5,3,13
FLT005208,LIM,MIA,LIM,B737,2024-03-27,Baja,2,4,3,2
FLT005209,LIM,MIA,LIM,B737,2024-06-29,Alta_Invierno,2,6,5,4
FLT005210,EZE,GRU,EZE,B787,2023-08-15,Alta_Invierno,2,8,3,2
FLT005211,SCL,BOG,SCL,B737,2022-10-12,Baja,2,4,3,3
FLT005212,EZE,GRU,EZE,A350,2023-07-11,Alta_Invierno,2,12,7,4
FLT005213,LIM,GRU,LIM,A350,2023-08-22,Alta_Invierno,2,8,6,14
FLT005214,BOG,MAD,BOG,A320,2022-10-01,Baja,2,6,5,14
FLT005215,LIM,MIA,LIM,A320,2024-07-27,Alta_Invierno,2,6,6,12
FLT005216,LIM,GRU,LIM,B767,2023-04-10,Baja,2,8,4,9
FLT005217,SCL,JFK,SCL,A320,2023-07-06,Alta_Invierno,2,4,3,2
FLT005218,SCL,BOG,SCL,A320,2024-12-20,Alta_Verano,2,6,6,5
FLT005219,LIM,GRU,LIM,B737,2023-08-23,Alta_Invierno,2,4,7,3
FLT005220,SCL,LIM,SCL,A350,2022-07-31,Alta_Invierno,2,12,5,11
FLT005221,LIM,BOG,LIM,A320,2022-02-27,Alta_Verano,2,4,4,14
FLT005222,SCL,EZE,SCL,B737,2022-01-23,Alta_Verano,2,6,7,4
FLT005223,EZE,GRU,EZE,B767,2022-08-05,Alta_Invierno,2,6,6,14
FLT005224,LIM,GRU,LIM,A320,2024-11-07,Baja,2,6,6,14
FLT005225,SCL,BOG,SCL,B737,2023-07-24,Alta_Invierno,2,6,7,14
FLT005226,BOG,MAD,BOG,A320,2022-01-25,Alta_Verano,2,5,8,6
FLT005227,SCL,MIA,SCL,A320,2024-04-02,Baja,2,5,6,2
FLT005228,SCL,JFK,SCL,B767,2024-04-24,Baja,2,7,4,12
FLT005229,SCL,MAD,SCL,B737,2023-12-07,Alta_Verano,2,5,5,
FLT005230,LIM,MIA,LIM,B737,2022-01-09,Alta_Verano,2,6,4,8
FLT005231,SCL,GRU,SCL,A350,2022-03-15,Baja,2,9,7,4
FLT005232,BOG,MAD,BOG,B767,2023-05-28,Baja,2,6,3,
FLT005233,BOG,MIA,BOG,B737,2024-02-11,Alta_Verano,2,4,3,14
FLT005234,SCL,BOG,SCL,B767,2024-12-23,Alta_Verano,2,8,5,11
FLT005235,GRU,MAD,GRU,B787,2022-02-05,Alta_Verano,2,12,4,3
FLT005236,BOG,MAD,BOG,A350,2023-10-07,Baja,2,8,8,5
FLT005237,SCL,MIA,SCL,B787,2024-01-12,Alta_Verano,2,10,8,2
FLT005238,SCL,MIA,SCL,B787,2024-01-11,Alta_Verano,2,10,4,9
FLT005239,GRU,MIA,GRU,B737,2022-04-11,Baja,2,6,3,2
FLT005240,LIM,GRU,LIM,B787,2022-02-20,Alta_Verano,2,11,3,5
FLT005241,EZE,GRU,EZE,B767,2024-08-01,Alta_Invierno,2,6,8,2
FLT005242,LIM,GRU,LIM,B787,2024-08-07,Alta_Invierno,2,8,8,5
FLT005243,BOG,MIA,BOG,B737,2022-08-27,Alta_Invierno,2,5,7,5
FLT005244,SCL,EZE,SCL,B787,2024-02-24,Alta_Verano,2,8,4,5
FLT005245,LIM,GRU,LIM,B737,2022-01-25,Alta_Verano,2,4,8,4
FLT005246,EZE,GRU,EZE,A320,2024-10-18,Baja,2,6,8,9
FLT005247,SCL,LIM,SCL,B767,2024-01-18,Alta_Verano,2,8,6,5
FLT005248,GRU,MAD,GRU,A350,2023-09-28,Baja,2,12,3,9
FLT005249,BOG,MAD,BOG,B737,2024-12-31,Alta_Verano,2,4,5,4
FLT005250,SCL,BOG,SCL,A350,2024-01-13,Alta_Verano,2,10,4,3
FLT005251,LIM,GRU,LIM,B737,2022-11-22,Baja,2,6,8,6
FLT005252,LIM,GRU,LIM,A320,2024-10-08,Baja,2,4,4,5
FLT005253,GRU,MIA,GRU,B767,2022-07-07,Alta_Invierno,2,6,7,
FLT005254,LIM,GRU,LIM,B787,2022-12-19,Alta_Verano,2,12,8,3
FLT005255,LIM,MIA,LIM,B737,2022-12-13,Alta_Verano,2,6,5,12
FLT005256,LIM,GRU,LIM,A320,2024-08-13,Alta_Invierno,2,6,5,5
FLT005257,SCL,GRU,SCL,B737,2023-04-08,Baja,2,4,5,12
FLT005258,GRU,MIA,GRU,A320,2024-01-10,Alta_Verano,2,6,5,3
FLT005259,SCL,MIA,SCL,A320,2024-10-12,Baja,2,6,8,4
FLT005260,SCL,LIM,SCL,B787,2022-06-11,Alta_Invierno,2,12,4,4
FLT005261,LIM,MIA,LIM,B767,2024-01-07,Alta_Verano,2,6,7,10
FLT005262,GRU,MIA,GRU,B737,2024-01-26,Alta_Verano,2,6,3,5
FLT005263,GRU,MIA,GRU,B787,2023-01-10,Alta_Verano,2,9,7,6
FLT005264,LIM,MIA,LIM,B737,2022-04-22,Baja,2,6,3,4
FLT005265,LIM,BOG,LIM,A320,2022-06-15,Alta_Invierno,2,4,5,2
FLT005266,LIM,MIA,LIM,B737,2023-05-24,Baja,2,4,5,14
FLT005267,BOG,MIA,BOG,A320,2022-03-24,Baja,2,6,3,3
FLT005268,SCL,GRU,SCL,A320,2023-09-23,Baja,2,6,8,5
FLT005269,GRU,MIA,GRU,B737,2022-12-26,Alta_Verano,2,4,3,11
FLT005270,LIM,BOG,LIM,B737,2024-07-11,Alta_Invierno,2,6,3,3
FLT005271,BOG,MIA,BOG,B787,2022-09-27,Baja,2,8,7,2
FLT005272,BOG,MAD,BOG,A350,2022-04-03,Baja,2,11,4,3
FLT005273,SCL,JFK,SCL,B767,2024-08-18,Alta_Invierno,2,7,7,8
FLT005274,SCL,GRU,SCL,B737,2023-03-13,Baja,2,5,4,8
FLT005275,LIM,GRU,LIM,B787,2024-02-14,Alta_Verano,2,12,5,5
FLT005276,SCL,MAD,SCL,B767,2023-01-07,Alta_Verano,2,8,6,3
FLT005277,BOG,MIA,BOG,B787,2024-01-28,Alta_Verano,2,8,3,5
FLT005278,EZE,GRU,EZE,A320,2022-01-27,Alta_Verano,2,4,3,5
FLT005279,GRU,MIA,GRU,A320,2023-12-26,Alta_Verano,2,6,3,
FLT005280,SCL,EZE,SCL,B737,2023-01-04,Alta_Verano,2,5,8,2
FLT005281,LIM,BOG,LIM,B737,2022-12-15,Alta_Verano,2,4,6,6
FLT005282,SCL,EZE,SCL,B737,2024-01-23,Alta_Verano,2,5,7,7
FLT005283,SCL,MIA,SCL,B737,2024-07-16,Alta_Invierno,2,6,4,5
FLT005284,GRU,MIA,GRU,A320,2023-11-08,Baja,2,6,5,3
FLT005285,SCL,LIM,SCL,A320,2022-07-19,Alta_Invierno,2,5,8,
FLT005286,SCL,GRU,SCL,B737,2024-10-16,Baja,2,4,3,11
FLT005287,GRU,MIA,GRU,A320,2022-07-31,Alta_Invierno,2,5,5,3
FLT005288,SCL,LIM,SCL,A320,2022-01-06,Alta_Verano,2,6,8,10
FLT005289,LIM,GRU,LIM,A320,2023-12-18,Alta_Verano,2,4,3,3
FLT005290,SCL,GRU,SCL,B737,2023-01-19,Alta_Verano,2,4,3,8
FLT005291,SCL,GRU,SCL,A350,2023-07-14,Alta_Invierno,2,12,6,13
FLT005292,EZE,GRU,EZE,B767,2022-01-10,Alta_Verano,2,6,6,10
FLT005293,SCL,GRU,SCL,B787,2023-05-19,Baja,2,9,8,7
FLT005294,LIM,MIA,LIM,A350,2024-03-10,Baja,2,8,3,9
FLT005295,LIM,GRU,LIM,A320,2023-07-04,Alta_Invierno,2,5,6,5
FLT005296,EZE,GRU,EZE,A350,2022-11-17,Baja,2,11,7,2
FLT005297,BOG,MAD,BOG,A350,2022-09-28,Baja,2,8,4,14
FLT005298,LIM,MIA,LIM,A350,2023-01-19,Alta_Verano,2,12,6,5
FLT005299,SCL,GRU,SCL,B737,2024-04-21,Baja,2,4,6,5
FLT005300,LIM,BOG,LIM,A350,2022-03-02,Baja,2,11,7,5
FLT005301,SCL,JFK,SCL,B767,2022-01-25,Alta_Verano,2,7,6,5
FLT005302,SCL,JFK,SCL,A320,2023-08-17,Alta_Invierno,2,5,4,2
FLT005303,SCL,LIM,SCL,B737,2022-01-15,Alta_Verano,2,4,6,12
FLT005304,GRU,MAD,GRU,B737,2022-03-26,Baja,2,5,4,2
FLT005305,SCL,BOG,SCL,B767,2023-07-13,Alta_Invierno,2,6,3,5
FLT005306,LIM,MIA,LIM,B737,2022-07-02,Alta_Invierno,2,6,8,4
FLT005307,LIM,GRU,LIM,A320,2023-07-19,Alta_Invierno,2,5,5,2
FLT005308,SCL,JFK,SCL,B737,2023-02-27,Alta_Verano,2,4,7,13
FLT005309,SCL,MAD,SCL,B787,2022-06-21,Alta_Invierno,2,8,3,3
FLT005310,GRU,MAD,GRU,B787,2024-12-08,Alta_Verano,2,9,4,8
FLT005311,SCL,BOG,SCL,A350,2022-09-06,Baja,2,9,5,5
FLT005312,BOG,MAD,BOG,B767,2023-02-19,Alta_Verano,2,8,3,14
FLT005313,LIM,GRU,LIM,A320,2024-05-09,Baja,2,6,4,4
FLT005314,LIM,BOG,LIM,A350,2024-03-14,Baja,2,9,7,5
FLT005315,SCL,GRU,SCL,B737,2024-01-24,Alta_Verano,2,5,3,12
FLT005316,SCL,JFK,SCL,B787,2024-05-09,Baja,2,11,6,3
FLT005317,GRU,MIA,GRU,B737,2023-12-29,Alta_Verano,2,4,6,4
FLT005318,GRU,MIA,GRU,B787,2022-07-15,Alta_Invierno,2,8,3,4
FLT005319,SCL,LIM,SCL,A320,2024-04-12,Baja,2,6,5,3
FLT005320,LIM,GRU,LIM,A320,2024-10-07,Baja,2,6,7,2
FLT005321,SCL,LIM,SCL,A350,2023-09-18,Baja,2,9,6,2
FLT005322,SCL,JFK,SCL,A320,2023-01-29,Alta_Verano,2,4,8,10
FLT005323,EZE,GRU,EZE,B737,2022-07-15,Alta_Invierno,2,5,5,3
FLT005324,SCL,MAD,SCL,A320,2022-01-28,Alta_Verano,2,4,5,6
FLT005325,LIM,GRU,LIM,B737,2022-05-24,Baja,2,6,5,10
FLT005326,EZE,GRU,EZE,A320,2022-01-23,Alta_Verano,2,4,4,5
FLT005327,BOG,MIA,BOG,A350,2022-01-21,Alta_Verano,2,11,8,12
FLT005328,BOG,MAD,BOG,B767,2024-10-25,Baja,2,7,3,3
FLT005329,LIM,BOG,LIM,B767,2022-07-26,Alta_Invierno,2,6,3,3
FLT005330,SCL,LIM,SCL,B737,2022-01-30,Alta_Verano,2,5,8,11
FLT005331,SCL,LIM,SCL,B737,2024-01-21,Alta_Verano,2,4,5,11
FLT005332,GRU,MAD,GRU,A350,2024-01-10,Alta_Verano,2,8,5,11
FLT005333,GRU,MIA,GRU,B737,2024-10-17,Baja,2,6,8,12
FLT005334,GRU,MAD,GRU,B767,2024-10-26,Baja,2,6,6,5
FLT005335,SCL,EZE,SCL,B787,2022-11-16,Baja,2,8,6,6
FLT005336,SCL,JFK,SCL,B737,2022-06-30,Alta_Invierno,2,4,8,4
FLT005337,EZE,GRU,EZE,B737,2022-04-20,Baja,2,6,3,3
FLT005338,SCL,JFK,SCL,B737,2024-10-13,Baja,2,4,6,2
FLT005339,GRU,MIA,GRU,B737,2022-05-29,Baja,2,4,7,
FLT005340,LIM,BOG,LIM,B787,2022-07-25,Alta_Invierno,2,11,7,12
FLT005341,LIM,GRU,LIM,A320,2022-01-17,Alta_Verano,2,4,8,14
FLT005342,SCL,LIM,SCL,B737,2022-03-13,Baja,2,5,5,7
FLT005343,LIM,GRU,LIM,B737,2024-02-26,Alta_Verano,2,4,7,11
FLT005344,BOG,MIA,BOG,B737,2024-08-29,Alta_Invierno,2,5,3,13
FLT005345,LIM,MIA,LIM,A320,2023-10-01,Baja,2,4,7,10
FLT005346,SCL,MIA,SCL,B767,2024-06-02,Alta_Invierno,2,8,5,3
FLT005347,GRU,MAD,GRU,B787,2023-07-11,Alta_Invierno,2,12,3,8
FLT005348,SCL,MIA,SCL,B767,2022-12-17,Alta_Verano,2,6,4,4
FLT005349,SCL,BOG,SCL,B737,2022-08-01,Alta_Invierno,2,6,3,4
FLT005350,BOG,MAD,BOG,B737,2023-02-19,Alta_Verano,2,4,5,14
FLT005351,SCL,MIA,SCL,B737,2022-04-10,Baja,2,6,6,4
FLT005352,LIM,BOG,LIM,A350,2024-02-27,Alta_Verano,2,11,4,7
FLT005353,SCL,LIM,SCL,B787,2024-06-29,Alta_Invierno,2,12,6,14
FLT005354,LIM,GRU,LIM,B737,2023-04-10,Baja,2,4,8,9
FLT005355,LIM,BOG,LIM,A320,2024-05-11,Baja,2,5,7,3
FLT005356,SCL,EZE,SCL,B767,2022-01-07,Alta_Verano,2,6,4,5
FLT005357,SCL,EZE,SCL,B737,2023-05-23,Baja,2,5,4,5
FLT005358,SCL,BOG,SCL,B737,2023-07-06,Alta_Invierno,2,6,3,12
FLT005359,SCL,MAD,SCL,B737,2022-07-04,Alta_Invierno,2,4,3,8
FLT005360,LIM,GRU,LIM,A320,2022-11-01,Baja,2,5,5,3
FLT005361,EZE,GRU,EZE,B767,2022-10-21,Baja,2,7,6,4
FLT005362,BOG,MIA,BOG,B737,2022-02-24,Alta_Verano,2,6,5,14
FLT005363,EZE,GRU,EZE,A320,2022-12-04,Alta_Verano,2,6,8,6
FLT005364,SCL,GRU,SCL,B787,2022-01-08,Alta_Verano,2,12,6,4
FLT005365,BOG,MIA,BOG,B737,2022-12-21,Alta_Verano,2,4,4,3
FLT005366,LIM,MIA,LIM,A320,2024-06-04,Alta_Invierno,2,5,6,2
FLT005367,BOG,MIA,BOG,A320,2023-03-10,Baja,2,6,5,13
FLT005368,EZE,GRU,EZE,B737,2023-03-08,Baja,2,4,3,8
FLT005369,SCL,LIM,SCL,A320,2023-08-04,Alta_Invierno,2,5,4,12
FLT005370,LIM,BOG,LIM,A320,2023-04-01,Baja,2,4,8,5
FLT005371,SCL,MAD,SCL,A320,2023-02-09,Alta_Verano,2,4,6,5
FLT005372,SCL,BOG,SCL,A320,2022-04-30,Baja,2,5,4,4
FLT005373,GRU,MIA,GRU,A320,2024-01-31,Alta_Verano,2,5,3,10
FLT005374,LIM,MIA,LIM,A350,2022-07-30,Alta_Invierno,2,9,4,4
FLT005375,EZE,GRU,EZE,B767,2022-07-20,Alta_Invierno,2,8,8,10
FLT005376,BOG,MIA,BOG,B767,2022-08-01,Alta_Invierno,2,6,7,2
FLT005377,LIM,MIA,LIM,B787,2022-11-19,Baja,2,8,4,2
FLT005378,SCL,JFK,SCL,B737,2024-08-03,Alta_Invierno,2,4,5,4
FLT005379,SCL,GRU,SCL,A350,2022-06-01,Alta_Invierno,2,9,8,14
FLT005380,EZE,GRU,EZE,B787,2024-10-23,Baja,2,9,3,10
FLT005381,LIM,MIA,LIM,A320,2023-01-10,Alta_Verano,2,6,5,5
FLT005382,SCL,GRU,SCL,A320,2022-08-07,Alta_Invierno,2,6,4,8
FLT005383,LIM,GRU,LIM,B737,2024-04-24,Baja,2,5,5,9
FLT005384,GRU,MIA,GRU,B737,2023-12-21,Alta_Verano,2,4,8,14
FLT005385,GRU,MIA,GRU,B767,2022-07-30,Alta_Invierno,2,6,7,8
FLT005386,SCL,BOG,SCL,B737,2022-06-12,Alta_Invierno,2,5,8,3
FLT005387,SCL,EZE,SCL,B767,2022-06-26,Alta_Invierno,2,7,6,3
FLT005388,SCL,BOG,SCL,A320,2024-06-28,Alta_Invierno,2,6,4,13
FLT005389,LIM,GRU,LIM,B767,2023-09-08,Baja,2,6,7,5
FLT005390,BOG,MIA,BOG,A350,2023-02-08,Alta_Verano,2,10,8,11
FLT005391,SCL,EZE,SCL,A320,2023-07-26,Alta_Invierno,2,6,3,14
FLT005392,GRU,MIA,GRU,A320,2024-01-21,Alta_Verano,2,4,6,8
FLT005393,LIM,MIA,LIM,B767,2024-02-04,Alta_Verano,2,8,6,12
FLT005394,GRU,MAD,GRU,A350,2023-01-04,Alta_Verano,2,9,6,5
FLT005395,LIM,BOG,LIM,A320,2022-06-29,Alta_Invierno,2,4,5,2
FLT005396,SCL,LIM,SCL,A320,2024-01-12,Alta_Verano,2,4,4,5
FLT005397,SCL,EZE,SCL,A320,2024-10-13,Baja,2,4,7,2
FLT005398,GRU,MAD,GRU,B737,2024-07-26,Alta_Invierno,2,6,4,12
FLT005399,SCL,BOG,SCL,B737,2022-07-15,Alta_Invierno,2,6,4,
FLT005400,SCL,GRU,SCL,B737,2024-07-12,Alta_Invierno,2,6,6,7
FLT005401,EZE,GRU,EZE,B767,2024-03-10,Baja,2,8,5,3
FLT005402,SCL,BOG,SCL,A320,2023-06-25,Alta_Invierno,2,6,8,11
FLT005403,EZE,GRU,EZE,B737,2022-01-18,Alta_Verano,2,6,7,3
FLT005404,SCL,GRU,SCL,B737,2023-07-05,Alta_Invierno,2,4,7,2
FLT005405,EZE,GRU,EZE,B737,2024-07-16,Alta_Invierno,2,6,7,4
FLT005406,SCL,GRU,SCL,B767,2024-03-31,Baja,2,8,8,5
FLT005407,LIM,MIA,LIM,A320,2024-08-23,Alta_Invierno,2,6,8,9
FLT005408,SCL,GRU,SCL,B737,2022-06-09,Alta_Invierno,2,6,7,9
FLT005409,SCL,EZE,SCL,B767,2024-01-05,Alta_Verano,2,7,5,3
FLT005410,SCL,BOG,SCL,A320,2023-10-21,Baja,2,6,3,11
FLT005411,LIM,GRU,LIM,A320,2022-05-20,Baja,2,4,6,7
FLT005412,EZE,GRU,EZE,A350,2023-06-07,Alta_Invierno,2,9,6,5
FLT005413,BOG,MAD,BOG,A350,2023-07-02,Alta_Invierno,2,12,7,12
FLT005414,SCL,MIA,SCL,A320,2022-07-27,Alta_Invierno,2,4,5,2
FLT005415,EZE,GRU,EZE,A320,2022-07-14,Alta_Invierno,2,5,4,3
FLT005416,SCL,LIM,SCL,B737,2022-07-20,Alta_Invierno,2,5,7,
FLT005417,SCL,MAD,SCL,A350,2024-06-23,Alta_Invierno,2,12,4,4
FLT005418,LIM,BOG,LIM,B767,2023-06-17,Alta_Invierno,2,8,7,13
FLT005419,BOG,MAD,BOG,B787,2022-04-01,Baja,2,8,5,13
FLT005420,EZE,GRU,EZE,B737,2024-08-13,Alta_Invierno,2,5,4,
FLT005421,BOG,MIA,BOG,A350,2022-05-18,Baja,2,9,3,9
FLT005422,BOG,MAD,BOG,A320,2022-06-26,Alta_Invierno,2,6,3,10
FLT005423,BOG,MAD,BOG,A320,2022-05-16,Baja,2,4,3,5
FLT005424,SCL,MIA,SCL,B737,2024-04-19,Baja,2,5,6,5
FLT005425,SCL,JFK,SCL,B767,2024-11-28,Baja,2,7,4,2
FLT005426,BOG,MIA,BOG,B737,2023-07-11,Alta_Invierno,2,5,8,10
FLT005427,SCL,GRU,SCL,B737,2024-07-26,Alta_Invierno,2,5,7,9
FLT005428,EZE,GRU,EZE,A320,2023-04-24,Baja,2,4,6,4
FLT005429,GRU,MAD,GRU,B787,2024-09-16,Baja,2,10,3,14
FLT005430,GRU,MAD,GRU,B737,2022-12-30,Alta_Verano,2,6,7,7
FLT005431,LIM,BOG,LIM,B767,2023-06-20,Alta_Invierno,2,6,4,4
FLT005432,LIM,BOG,LIM,B767,2023-05-23,Baja,2,6,5,9
FLT005433,SCL,LIM,SCL,B737,2022-12-08,Alta_Verano,2,4,7,13
FLT005434,SCL,JFK,SCL,B737,2023-07-04,Alta_Invierno,2,6,3,7
FLT005435,BOG,MIA,BOG,B767,2024-05-26,Baja,2,8,8,5
FLT005436,SCL,BOG,SCL,B737,2023-09-10,Baja,2,4,8,8
FLT005437,LIM,MIA,LIM,A320,2022-07-30,Alta_Invierno,2,5,5,11
FLT005438,GRU,MAD,GRU,A320,2024-06-17,Alta_Invierno,2,6,7,4
FLT005439,SCL,GRU,SCL,A320,2023-04-26,Baja,2,6,8,10
FLT005440,LIM,GRU,LIM,B737,2023-04-22,Baja,2,5,6,5
FLT005441,SCL,MAD,SCL,A320,2024-01-08,Alta_Verano,2,5,3,
FLT005442,SCL,MAD,SCL,A320,2024-11-24,Baja,2,5,7,14
FLT005443,BOG,MIA,BOG,A320,2023-05-17,Baja,2,5,5,3
FLT005444,SCL,MIA,SCL,A320,2022-07-15,Alta_Invierno,2,4,5,3
FLT005445,BOG,MAD,BOG,B737,2022-09-21,Baja,2,6,3,12
FLT005446,GRU,MIA,GRU,B737,2023-01-19,Alta_Verano,2,5,5,2
FLT005447,EZE,GRU,EZE,B737,2022-01-29,Alta_Verano,2,4,4,13
FLT005448,LIM,BOG,LIM,A320,2022-01-04,Alta_Verano,2,5,3,2
FLT005449,SCL,MAD,SCL,A350,2022-07-21,Alta_Invierno,2,9,3,3
FLT005450,EZE,GRU,EZE,B787,2023-08-14,Alta_Invierno,2,10,6,2
FLT005451,SCL,MAD,SCL,B737,2024-09-14,Baja,2,5,7,4
FLT005452,GRU,MAD,GRU,A350,2024-07-20,Alta_Invierno,2,12,8,2
FLT005453,SCL,MIA,SCL,A320,2022-07-04,Alta_Invierno,2,6,7,
FLT005454,LIM,BOG,LIM,B737,2022-01-26,Alta_Verano,2,6,8,5
FLT005455,SCL,MIA,SCL,B737,2022-01-05,Alta_Verano,2,5,4,5
FLT005456,GRU,MIA,GRU,B737,2023-06-18,Alta_Invierno,2,4,7,12
FLT005457,SCL,JFK,SCL,B787,2024-10-13,Baja,2,9,4,13
FLT005458,SCL,BOG,SCL,B737,2023-01-31,Alta_Verano,2,6,3,3
FLT005459,SCL,GRU,SCL,A320,2022-07-29,Alta_Invierno,2,4,7,3
FLT005460,SCL,MAD,SCL,A320,2023-04-20,Baja,2,6,5,10
FLT005461,SCL,GRU,SCL,B737,2024-08-06,Alta_Invierno,2,4,4,10
FLT005462,SCL,JFK,SCL,A350,2023-10-28,Baja,2,9,8,8
FLT005463,LIM,MIA,LIM,A320,2022-01-29,Alta_Verano,2,5,4,2
FLT005464,SCL,LIM,SCL,A320,2022-05-04,Baja,2,5,3,13
FLT005465,BOG,MAD,BOG,A320,2022-05-05,Baja,2,4,5,3
FLT005466,EZE,GRU,EZE,B767,2023-04-23,Baja,2,8,6,12
FLT005467,SCL,GRU,SCL,B737,2024-07-13,Alta_Invierno,2,4,8,4
FLT005468,LIM,GRU,LIM,B737,2022-07-27,Alta_Invierno,2,6,5,9
FLT005469,SCL,GRU,SCL,B737,2023-07-31,Alta_Invierno,2,5,4,3
FLT005470,SCL,GRU,SCL,B737,2022-01-02,Alta_Verano,2,5,5,4
FLT005471,SCL,GRU,SCL,A320,2024-10-07,Baja,2,4,3,13
FLT005472,SCL,LIM,SCL,A320,2022-01-11,Alta_Verano,2,4,7,10
FLT005473,SCL,MAD,SCL,A320,2023-06-02,Alta_Invierno,2,5,6,14
FLT005474,SCL,MAD,SCL,A320,2022-07-06,Alta_Invierno,2,5,4,2
FLT005475,SCL,BOG,SCL,B787,2022-01-19,Alta_Verano,2,9,6,8
FLT005476,SCL,BOG,SCL,B767,2023-03-01,Baja,2,6,7,9
FLT005477,LIM,GRU,LIM,A320,2022-07-24,Alta_Invierno,2,5,7,5
FLT005478,LIM,BOG,LIM,A320,2024-07-04,Alta_Invierno,2,4,4,4
FLT005479,SCL,EZE,SCL,B737,2022-01-05,Alta_Verano,2,6,5,8
FLT005480,EZE,GRU,EZE,A320,2022-09-03,Baja,2,5,3,11
FLT005481,LIM,MIA,LIM,B767,2024-10-06,Baja,2,8,7,12
FLT005482,SCL,GRU,SCL,B737,2022-08-24,Alta_Invierno,2,4,6,4
FLT005483,SCL,LIM,SCL,B787,2024-12-25,Alta_Verano,2,10,7,12
FLT005484,GRU,MIA,GRU,A350,2022-05-29,Baja,2,11,6,2
FLT005485,SCL,JFK,SCL,B787,2024-10-30,Baja,2,8,5,3
FLT005486,SCL,LIM,SCL,B787,2022-03-21,Baja,2,8,4,7
FLT005487,LIM,BOG,LIM,B737,2024-09-17,Baja,2,4,8,5
FLT005488,LIM,GRU,LIM,A320,2022-07-21,Alta_Invierno,2,4,5,11
FLT005489,EZE,GRU,EZE,B767,2022-01-26,Alta_Verano,2,7,3,4
FLT005490,SCL,JFK,SCL,B787,2024-01-20,Alta_Verano,2,8,7,5
FLT005491,BOG,MAD,BOG,B737,2024-12-06,Alta_Verano,2,6,5,8
FLT005492,SCL,LIM,SCL,B737,2024-04-16,Baja,2,6,7,7
FLT005493,GRU,MIA,GRU,B737,2023-08-31,Alta_Invierno,2,4,6,3
FLT005494,SCL,MIA,SCL,B737,2023-06-09,Alta_Invierno,2,6,4,12
FLT005495,SCL,MAD,SCL,A350,2024-05-05,Baja,2,8,4,11
FLT005496,LIM,MIA,LIM,B737,2023-12-23,Alta_Verano,2,6,7,7
FLT005497,SCL,JFK,SCL,B737,2022-12-11,Alta_Verano,2,4,5,5
FLT005498,SCL,GRU,SCL,B787,2022-01-13,Alta_Verano,2,12,3,3
FLT005499,BOG,MIA,BOG,A350,2022-01-10,Alta_Verano,2,12,3,6
FLT005500,LIM,BOG,LIM,A320,2023-04-02,Baja,2,6,5,9
FLT005501,GRU,MAD,GRU,B737,2024-04-29,Baja,2,6,4,5
FLT005502,EZE,GRU,EZE,A320,2022-07-20,Alta_Invierno,2,6,7,6
FLT005503,LIM,BOG,LIM,A320,2023-01-25,Alta_Verano,2,4,8,11
FLT005504,SCL,LIM,SCL,A350,2024-04-07,Baja,2,12,5,4
FLT005505,GRU,MAD,GRU,B737,2022-08-16,Alta_Invierno,2,5,7,3
FLT005506,GRU,MIA,GRU,B767,2023-07-22,Alta_Invierno,2,8,5,10
FLT005507,SCL,BOG,SCL,B737,2022-07-22,Alta_Invierno,2,5,5,2
FLT005508,BOG,MIA,BOG,A320,2024-09-09,Baja,2,6,4,10
FLT005509,SCL,MIA,SCL,A320,2023-07-08,Alta_Invierno,2,5,7,2
FLT005510,BOG,MIA,BOG,A320,2024-01-27,Alta_Verano,2,6,6,12
FLT005511,SCL,EZE,SCL,A320,2022-04-04,Baja,2,4,6,10
FLT005512,EZE,GRU,EZE,B737,2022-07-14,Alta_Invierno,2,6,3,5
FLT005513,SCL,MIA,SCL,B787,2023-05-16,Baja,2,12,4,4
FLT005514,SCL,BOG,SCL,B737,2022-01-25,Alta_Verano,2,6,3,4
FLT005515,GRU,MAD,GRU,B737,2024-07-17,Alta_Invierno,2,4,5,3
FLT005516,SCL,MIA,SCL,B787,2022-03-12,Baja,2,9,3,14
FLT005517,LIM,BOG,LIM,A350,2022-10-13,Baja,2,8,5,13
FLT005518,SCL,EZE,SCL,B737,2023-08-30,Alta_Invierno,2,6,6,3
FLT005519,GRU,MIA,GRU,B737,2022-06-21,Alta_Invierno,2,5,6,4
FLT005520,LIM,GRU,LIM,B737,2022-10-06,Baja,2,5,6,8
FLT005521,GRU,MAD,GRU,A320,2023-10-15,Baja,2,6,6,5
FLT005522,GRU,MAD,GRU,A320,2023-01-11,Alta_Verano,2,5,7,4
FLT005523,SCL,JFK,SCL,B737,2024-04-29,Baja,2,5,3,10
FLT005524,LIM,MIA,LIM,A320,2022-01-22,Alta_Verano,2,5,7,9
FLT005525,LIM,GRU,LIM,B737,2022-07-14,Alta_Invierno,2,4,7,6
FLT005526,BOG,MAD,BOG,B767,2023-09-13,Baja,2,6,5,2
FLT005527,SCL,MIA,SCL,B767,2024-07-21,Alta_Invierno,2,6,7,4
FLT005528,BOG,MIA,BOG,B737,2024-02-12,Alta_Verano,2,4,4,13
FLT005529,SCL,JFK,SCL,B767,2023-09-28,Baja,2,7,5,3
FLT005530,BOG,MIA,BOG,A320,2023-07-14,Alta_Invierno,2,5,8,4
FLT005531,BOG,MIA,BOG,B787,2023-07-06,Alta_Invierno,2,10,7,4
FLT005532,SCL,EZE,SCL,B737,2023-01-20,Alta_Verano,2,4,3,7
FLT005533,BOG,MIA,BOG,B737,2022-10-06,Baja,2,5,3,4
FLT005534,LIM,GRU,LIM,B737,2022-01-29,Alta_Verano,2,4,7,6
FLT005535,SCL,BOG,SCL,B787,2023-04-06,Baja,2,12,8,10
FLT005536,SCL,MAD,SCL,B787,2024-09-25,Baja,2,12,5,2
FLT005537,BOG,MAD,BOG,B767,2024-01-22,Alta_Verano,2,8,7,5
FLT005538,BOG,MAD,BOG,A320,2024-10-07,Baja,2,4,5,4
FLT005539,SCL,LIM,SCL,B737,2022-10-18,Baja,2,4,3,9
FLT005540,SCL,LIM,SCL,B787,2024-08-01,Alta_Invierno,2,10,5,2
FLT005541,SCL,JFK,SCL,B787,2023-07-14,Alta_Invierno,2,8,6,13
FLT005542,LIM,GRU,LIM,A350,2024-08-27,Alta_Invierno,2,8,4,10
FLT005543,GRU,MIA,GRU,A320,2024-05-01,Baja,2,6,4,2
FLT005544,SCL,MIA,SCL,A320,2023-10-29,Baja,2,5,3,7
FLT005545,GRU,MAD,GRU,A320,2022-07-28,Alta_Invierno,2,6,5,
FLT005546,LIM,GRU,LIM,B787,2024-01-16,Alta_Verano,2,9,7,2
FLT005547,LIM,MIA,LIM,A350,2023-01-20,Alta_Verano,2,11,6,11
FLT005548,GRU,MAD,GRU,B737,2024-03-02,Baja,2,5,8,5
FLT005549,SCL,GRU,SCL,B787,2023-12-01,Alta_Verano,2,11,8,10
FLT005550,SCL,EZE,SCL,A320,2022-01-06,Alta_Verano,2,5,6,12
FLT005551,BOG,MAD,BOG,B737,2023-11-26,Baja,2,5,3,5
FLT005552,BOG,MIA,BOG,A320,2022-02-17,Alta_Verano,2,5,4,2
FLT005553,SCL,JFK,SCL,B737,2024-11-01,Baja,2,6,7,9
FLT005554,SCL,BOG,SCL,B737,2023-03-25,Baja,2,4,6,13
FLT005555,LIM,BOG,LIM,B767,2022-04-16,Baja,2,8,7,7
FLT005556,SCL,LIM,SCL,B787,2024-11-29,Baja,2,12,4,3
FLT005557,GRU,MAD,GRU,A320,2022-02-08,Alta_Verano,2,5,4,4
FLT005558,LIM,BOG,LIM,A350,2022-01-15,Alta_Verano,2,8,3,3
FLT005559,SCL,JFK,SCL,A320,2022-10-21,Baja,2,4,6,5
FLT005560,GRU,MIA,GRU,B787,2023-07-14,Alta_Invierno,2,8,3,12
FLT005561,LIM,GRU,LIM,A320,2023-11-28,Baja,2,6,5,4
FLT005562,BOG,MIA,BOG,B767,2022-01-29,Alta_Verano,2,7,4,7
FLT005563,LIM,BOG,LIM,A320,2023-10-13,Baja,2,4,7,5
FLT005564,GRU,MIA,GRU,A320,2022-10-09,Baja,2,4,5,9
FLT005565,SCL,JFK,SCL,A320,2022-08-26,Alta_Invierno,2,4,3,12
FLT005566,LIM,MIA,LIM,B767,2024-01-27,Alta_Verano,2,8,3,4
FLT005567,SCL,EZE,SCL,B737,2022-10-29,Baja,2,5,6,5
FLT005568,SCL,LIM,SCL,A320,2024-06-29,Alta_Invierno,2,5,4,2
FLT005569,GRU,MAD,GRU,B737,2024-06-30,Alta_Invierno,2,6,4,5
FLT005570,LIM,MIA,LIM,B787,2024-12-27,Alta_Verano,2,12,4,9
FLT005571,BOG,MIA,BOG,B787,2023-07-16,Alta_Invierno,2,11,4,14
FLT005572,SCL,LIM,SCL,A320,2023-10-13,Baja,2,5,4,2
FLT005573,LIM,GRU,LIM,A320,2022-02-09,Alta_Verano,2,6,7,9
FLT005574,SCL,JFK,SCL,B737,2023-06-01,Alta_Invierno,2,5,5,2
FLT005575,SCL,BOG,SCL,B767,2024-02-06,Alta_Verano,2,6,8,13
FLT005576,SCL,MAD,SCL,A350,2024-01-15,Alta_Verano,2,9,6,3
FLT005577,SCL,BOG,SCL,B737,2024-04-29,Baja,2,4,3,3
FLT005578,SCL,MIA,SCL,B737,2022-01-07,Alta_Verano,2,6,6,4
FLT005579,LIM,BOG,LIM,A320,2024-07-05,Alta_Invierno,2,5,3,5
FLT005580,GRU,MAD,GRU,A350,2024-08-24,Alta_Invierno,2,8,4,4
FLT005581,LIM,BOG,LIM,B787,2024-07-13,Alta_Invierno,2,11,4,2
FLT005582,SCL,MAD,SCL,B737,2024-01-14,Alta_Verano,2,5,3,5
FLT005583,SCL,BOG,SCL,A320,2022-07-13,Alta_Invierno,2,4,3,5
FLT005584,SCL,JFK,SCL,B787,2023-12-27,Alta_Verano,2,10,3,5
FLT005585,SCL,GRU,SCL,B737,2023-07-31,Alta_Invierno,2,6,6,4
FLT005586,LIM,MIA,LIM,A350,2024-06-23,Alta_Invierno,2,9,3,2
FLT005587,LIM,BOG,LIM,B737,2022-01-17,Alta_Verano,2,4,7,13
FLT005588,LIM,GRU,LIM,B767,2024-12-08,Alta_Verano,2,6,8,9
FLT005589,BOG,MAD,BOG,A320,2024-01-16,Alta_Verano,2,4,3,14
FLT005590,LIM,GRU,LIM,B737,2023-07-02,Alta_Invierno,2,5,5,10
FLT005591,BOG,MAD,BOG,B737,2022-01-15,Alta_Verano,2,6,6,2
FLT005592,LIM,MIA,LIM,B787,2024-07-21,Alta_Invierno,2,9,4,10
FLT005593,SCL,MAD,SCL,A320,2023-09-28,Baja,2,5,8,5
FLT005594,SCL,MIA,SCL,A320,2024-08-14,Alta_Invierno,2,5,4,5
FLT005595,SCL,MIA,SCL,B737,2024-10-14,Baja,2,4,8,12
FLT005596,SCL,GRU,SCL,B737,2024-01-12,Alta_Verano,2,4,8,5
FLT005597,GRU,MIA,GRU,A350,2023-10-03,Baja,2,8,7,2
FLT005598,SCL,MIA,SCL,B737,2024-12-06,Alta_Verano,2,5,5,3
FLT005599,LIM,GRU,LIM,A320,2023-04-01,Baja,2,4,7,9
FLT005600,SCL,LIM,SCL,B737,2022-07-11,Alta_Invierno,2,6,5,7
FLT005601,SCL,JFK,SCL,A320,2023-11-10,Baja,2,6,7,11
FLT005602,SCL,EZE,SCL,B737,2024-03-26,Baja,2,6,5,6
FLT005603,BOG,MIA,BOG,B767,2024-03-23,Baja,2,7,7,2
FLT005604,LIM,MIA,LIM,A320,2024-09-22,Baja,2,6,4,8
FLT005605,SCL,JFK,SCL,A320,2024-10-29,Baja,2,4,5,8
FLT005606,EZE,GRU,EZE,B737,2024-02-14,Alta_Verano,2,5,3,2
FLT005607,EZE,GRU,EZE,B787,2024-12-29,Alta_Verano,2,10,6,5
FLT005608,GRU,MIA,GRU,B787,2022-07-14,Alta_Invierno,2,9,6,2
FLT005609,SCL,EZE,SCL,B787,2023-03-23,Baja,2,11,8,
FLT005610,SCL,JFK,SCL,B787,2022-12-13,Alta_Verano,2,11,6,7
FLT005611,EZE,GRU,EZE,A320,2023-01-22,Alta_Verano,2,4,3,6
FLT005612,SCL,MAD,SCL,B737,2024-07-01,Alta_Invierno,2,5,3,3
FLT005613,GRU,MAD,GRU,B737,2024-08-17,Alta_Invierno,2,4,8,3
FLT005614,SCL,MIA,SCL,B737,2024-04-16,Baja,2,5,4,5
FLT005615,SCL,MIA,SCL,B737,2023-11-01,Baja,2,5,3,10
FLT005616,SCL,JFK,SCL,A320,2022-01-09,Alta_Verano,2,4,4,4
FLT005617,BOG,MIA,BOG,B787,2023-09-27,Baja,2,9,7,5
FLT005618,SCL,GRU,SCL,A350,2022-12-26,Alta_Verano,2,11,4,13
FLT005619,SCL,GRU,SCL,B737,2023-09-12,Baja,2,4,6,9
FLT005620,BOG,MIA,BOG,B767,2023-02-05,Alta_Verano,2,8,4,2
FLT005621,EZE,GRU,EZE,A320,2023-07-02,Alta_Invierno,2,4,8,5
FLT005622,SCL,BOG,SCL,B767,2023-05-07,Baja,2,6,6,3
FLT005623,BOG,MAD,BOG,B737,2024-09-13,Baja,2,6,7,2
FLT005624,SCL,LIM,SCL,B737,2023-10-25,Baja,2,4,5,4
FLT005625,GRU,MIA,GRU,B787,2024-08-11,Alta_Invierno,2,11,4,
FLT005626,SCL,BOG,SCL,B767,2023-01-05,Alta_Verano,2,8,7,6
FLT005627,SCL,MAD,SCL,A320,2023-11-20,Baja,2,4,8,4
FLT005628,SCL,EZE,SCL,B737,2023-07-29,Alta_Invierno,2,5,3,9
FLT005629,GRU,MIA,GRU,A350,2024-06-20,Alta_Invierno,2,8,8,2
FLT005630,BOG,MIA,BOG,B737,2024-01-21,Alta_Verano,2,5,6,4
FLT005631,LIM,BOG,LIM,B787,2023-08-23,Alta_Invierno,2,9,7,2
FLT005632,LIM,GRU,LIM,A350,2024-01-21,Alta_Verano,2,10,6,2
FLT005633,SCL,MAD,SCL,A350,2022-01-27,Alta_Verano,2,9,6,9
FLT005634,BOG,MAD,BOG,A320,2022-02-14,Alta_Verano,2,4,3,11
FLT005635,SCL,GRU,SCL,B767,2024-07-05,Alta_Invierno,2,6,6,4
FLT005636,SCL,LIM,SCL,A320,2023-03-30,Baja,2,6,8,6
FLT005637,SCL,JFK,SCL,A350,2023-05-18,Baja,2,12,5,9
FLT005638,SCL,MIA,SCL,B737,2023-08-21,Alta_Invierno,2,5,3,5
FLT005639,SCL,MAD,SCL,A320,2023-01-06,Alta_Verano,2,5,5,2
FLT005640,SCL,BOG,SCL,A320,2022-01-09,Alta_Verano,2,5,6,5
FLT005641,EZE,GRU,EZE,B737,2024-04-25,Baja,2,4,5,
FLT005642,SCL,JFK,SCL,A350,2022-08-10,Alta_Invierno,2,12,3,5
FLT005643,GRU,MIA,GRU,A320,2024-06-06,Alta_Invierno,2,4,5,5
FLT005644,BOG,MIA,BOG,B767,2024-02-26,Alta_Verano,2,8,6,3
FLT005645,BOG,MIA,BOG,B787,2022-08-17,Alta_Invierno,2,9,8,11
FLT005646,GRU,MAD,GRU,B767,2022-07-06,Alta_Invierno,2,6,3,4
FLT005647,SCL,MIA,SCL,A320,2023-04-08,Baja,2,5,6,12
FLT005648,SCL,MIA,SCL,A350,2023-06-11,Alta_Invierno,2,12,5,5
FLT005649,EZE,GRU,EZE,B767,2022-12-11,Alta_Verano,2,7,5,12
FLT005650,LIM,GRU,LIM,B767,2023-01-07,Alta_Verano,2,7,6,8
FLT005651,BOG,MAD,BOG,B767,2024-03-29,Baja,2,8,3,5
FLT005652,EZE,GRU,EZE,B787,2024-08-21,Alta_Invierno,2,9,3,3
FLT005653,SCL,LIM,SCL,B787,2023-02-10,Alta_Verano,2,8,5,2
FLT005654,GRU,MIA,GRU,A350,2022-03-28,Baja,2,10,4,6
FLT005655,GRU,MIA,GRU,B787,2023-02-27,Alta_Verano,2,9,3,10
FLT005656,LIM,BOG,LIM,A320,2023-08-16,Alta_Invierno,2,5,3,10
FLT005657,SCL,GRU,SCL,A350,2022-04-24,Baja,2,11,5,3
FLT005658,LIM,BOG,LIM,B767,2024-09-19,Baja,2,8,5,3
FLT005659,LIM,BOG,LIM,B767,2022-03-05,Baja,2,8,3,2
FLT005660,LIM,BOG,LIM,A350,2022-05-15,Baja,2,11,5,8
FLT005661,GRU,MIA,GRU,A320,2022-01-21,Alta_Verano,2,4,5,4
FLT005662,SCL,EZE,SCL,B737,2023-02-25,Alta_Verano,2,4,5,4
FLT005663,SCL,MAD,SCL,A320,2023-07-13,Alta_Invierno,2,5,7,12
FLT005664,LIM,BOG,LIM,A320,2023-02-18,Alta_Verano,2,4,3,10
FLT005665,SCL,MIA,SCL,A320,2024-01-19,Alta_Verano,2,4,5,3
FLT005666,SCL,LIM,SCL,B787,2023-08-23,Alta_Invierno,2,11,3,3
FLT005667,LIM,BOG,LIM,B737,2022-06-24,Alta_Invierno,2,5,5,7
FLT005668,GRU,MIA,GRU,A320,2024-04-02,Baja,2,6,4,5
FLT005669,SCL,GRU,SCL,A350,2024-02-10,Alta_Verano,2,8,8,3
FLT005670,LIM,BOG,LIM,A320,2024-02-16,Alta_Verano,2,5,4,7
FLT005671,SCL,MAD,SCL,B787,2023-01-18,Alta_Verano,2,8,5,13
FLT005672,SCL,LIM,SCL,B737,2022-06-20,Alta_Invierno,2,5,8,3
FLT005673,SCL,JFK,SCL,A350,2023-07-24,Alta_Invierno,2,8,5,10
FLT005674,BOG,MAD,BOG,B767,2022-07-13,Alta_Invierno,2,6,3,2
FLT005675,GRU,MIA,GRU,B767,2022-01-22,Alta_Verano,2,7,4,6
FLT005676,LIM,BOG,LIM,B737,2024-06-24,Alta_Invierno,2,6,7,6
FLT005677,GRU,MAD,GRU,B767,2023-01-21,Alta_Verano,2,7,3,13
FLT005678,BOG,MAD,BOG,A320,2023-03-05,Baja,2,6,4,13
FLT005679,BOG,MIA,BOG,B737,2024-12-21,Alta_Verano,2,4,3,7
FLT005680,GRU,MIA,GRU,B787,2023-05-25,Baja,2,12,7,10
FLT005681,SCL,MAD,SCL,A320,2022-07-16,Alta_Invierno,2,5,3,9
FLT005682,SCL,LIM,SCL,A320,2024-02-17,Alta_Verano,2,5,8,11
FLT005683,SCL,GRU,SCL,A320,2023-01-10,Alta_Verano,2,5,4,10
FLT005684,SCL,EZE,SCL,B737,2024-01-13,Alta_Verano,2,5,7,3
FLT005685,LIM,MIA,LIM,B737,2024-08-22,Alta_Invierno,2,6,5,14
FLT005686,GRU,MIA,GRU,B737,2022-01-13,Alta_Verano,2,6,6,8
FLT005687,BOG,MIA,BOG,B737,2022-01-17,Alta_Verano,2,6,7,2
FLT005688,GRU,MIA,GRU,B787,2022-04-13,Baja,2,10,8,5
FLT005689,LIM,GRU,LIM,B787,2023-10-30,Baja,2,11,5,4
FLT005690,SCL,GRU,SCL,A350,2023-07-22,Alta_Invierno,2,12,6,13
FLT005691,SCL,BOG,SCL,B737,2024-10-19,Baja,2,4,7,5
FLT005692,LIM,MIA,LIM,B737,2022-06-03,Alta_Invierno,2,6,5,12
FLT005693,BOG,MAD,BOG,A320,2022-07-22,Alta_Invierno,2,6,4,5
FLT005694,SCL,MAD,SCL,A320,2024-07-06,Alta_Invierno,2,4,8,
FLT005695,SCL,LIM,SCL,A320,2024-09-29,Baja,2,5,6,4
FLT005696,EZE,GRU,EZE,A350,2024-12-12,Alta_Verano,2,11,3,5
FLT005697,BOG,MIA,BOG,B737,2023-03-19,Baja,2,6,4,9
FLT005698,SCL,BOG,SCL,B767,2024-07-01,Alta_Invierno,2,7,6,3
FLT005699,GRU,MIA,GRU,B767,2023-01-16,Alta_Verano,2,7,5,
FLT005700,BOG,MAD,BOG,A350,2024-07-30,Alta_Invierno,2,9,4,3
FLT005701,LIM,GRU,LIM,B737,2024-09-11,Baja,2,5,4,6
FLT005702,GRU,MIA,GRU,B787,2022-07-17,Alta_Invierno,2,10,4,5
FLT005703,GRU,MAD,GRU,A350,2024-05-20,Baja,2,9,7,7
FLT005704,GRU,MAD,GRU,A350,2023-06-20,Alta_Invierno,2,10,8,5
FLT005705,SCL,BOG,SCL,B787,2022-12-13,Alta_Verano,2,8,7,7
FLT005706,SCL,GRU,SCL,B787,2024-11-13,Baja,2,9,7,2
FLT005707,SCL,MIA,SCL,A320,2024-07-10,Alta_Invierno,2,6,4,2
FLT005708,BOG,MAD,BOG,A320,2022-11-21,Baja,2,4,7,9
FLT005709,SCL,MIA,SCL,B737,2022-11-04,Baja,2,4,4,10
FLT005710,LIM,BOG,LIM,B767,2023-12-03,Alta_Verano,2,7,6,7
FLT005711,SCL,MIA,SCL,B767,2024-11-26,Baja,2,8,6,5
FLT005712,SCL,MAD,SCL,A320,2024-04-21,Baja,2,4,7,6
FLT005713,LIM,GRU,LIM,A350,2024-07-17,Alta_Invierno,2,9,3,13
FLT005714,SCL,LIM,SCL,A320,2023-01-28,Alta_Verano,2,5,5,14
FLT005715,SCL,BOG,SCL,A350,2024-01-08,Alta_Verano,2,9,7,2
FLT005716,LIM,GRU,LIM,B787,2024-09-17,Baja,2,8,4,2
FLT005717,BOG,MAD,BOG,B737,2024-12-11,Alta_Verano,2,4,8,14
FLT005718,SCL,JFK,SCL,B787,2024-02-08,Alta_Verano,2,12,3,6
FLT005719,LIM,MIA,LIM,B767,2024-03-27,Baja,2,6,6,12
FLT005720,GRU,MAD,GRU,B787,2023-09-28,Baja,2,12,4,3
FLT005721,BOG,MAD,BOG,A320,2022-01-02,Alta_Verano,2,6,6,7
FLT005722,GRU,MAD,GRU,A320,2022-05-08,Baja,2,4,6,10
FLT005723,BOG,MAD,BOG,A320,2022-05-28,Baja,2,4,7,12
FLT005724,SCL,MAD,SCL,A320,2023-01-11,Alta_Verano,2,6,4,12
FLT005725,SCL,JFK,SCL,B787,2024-04-25,Baja,2,9,4,4
FLT005726,BOG,MAD,BOG,A320,2023-11-15,Baja,2,4,3,9
FLT005727,BOG,MIA,BOG,A320,2024-02-09,Alta_Verano,2,6,3,13
FLT005728,GRU,MAD,GRU,A320,2022-09-20,Baja,2,6,7,
FLT005729,BOG,MIA,BOG,B767,2024-10-28,Baja,2,7,7,9
FLT005730,SCL,MIA,SCL,B737,2023-07-30,Alta_Invierno,2,5,5,2
FLT005731,SCL,MAD,SCL,A320,2023-07-31,Alta_Invierno,2,6,7,2
FLT005732,SCL,GRU,SCL,B737,2023-05-01,Baja,2,6,3,3
FLT005733,LIM,MIA,LIM,B737,2023-03-26,Baja,2,5,7,6
FLT005734,LIM,MIA,LIM,B737,2023-01-30,Alta_Verano,2,4,5,3
FLT005735,EZE,GRU,EZE,A320,2023-01-12,Alta_Verano,2,5,6,2
FLT005736,SCL,EZE,SCL,B737,2022-11-17,Baja,2,6,3,6
FLT005737,SCL,LIM,SCL,A350,2022-10-01,Baja,2,9,7,4
FLT005738,GRU,MAD,GRU,A320,2024-09-10,Baja,2,4,5,5
FLT005739,GRU,MAD,GRU,A320,2024-08-15,Alta_Invierno,2,4,5,10
FLT005740,SCL,EZE,SCL,B767,2022-07-01,Alta_Invierno,2,6,8,5
FLT005741,BOG,MAD,BOG,B737,2023-08-03,Alta_Invierno,2,4,5,6
FLT005742,SCL,MIA,SCL,A320,2024-09-27,Baja,2,5,4,6
FLT005743,SCL,LIM,SCL,A320,2023-07-09,Alta_Invierno,2,6,4,6
FLT005744,SCL,JFK,SCL,B787,2024-01-22,Alta_Verano,2,8,6,2
FLT005745,BOG,MAD,BOG,B767,2022-09-17,Baja,2,6,3,7
FLT005746,BOG,MIA,BOG,B787,2022-10-11,Baja,2,12,8,3
FLT005747,SCL,MIA,SCL,A320,2023-01-07,Alta_Verano,2,6,5,2
FLT005748,BOG,MAD,BOG,A350,2022-07-07,Alta_Invierno,2,10,7,5
FLT005749,SCL,EZE,SCL,B767,2022-04-09,Baja,2,8,8,3
FLT005750,GRU,MIA,GRU,B737,2024-07-28,Alta_Invierno,2,5,3,4
FLT005751,SCL,JFK,SCL,A320,2022-11-29,Baja,2,6,4,2
FLT005752,SCL,JFK,SCL,A320,2022-05-16,Baja,2,4,7,3
FLT005753,SCL,EZE,SCL,B787,2022-12-30,Alta_Verano,2,12,8,5
FLT005754,LIM,BOG,LIM,B737,2023-01-24,Alta_Verano,2,6,6,8
FLT005755,SCL,MIA,SCL,B767,2022-07-22,Alta_Invierno,2,8,4,2
FLT005756,GRU,MIA,GRU,A320,2024-07-11,Alta_Invierno,2,4,3,12
FLT005757,EZE,GRU,EZE,B767,2023-07-29,Alta_Invierno,2,8,4,4
FLT005758,GRU,MIA,GRU,A350,2022-01-23,Alta_Verano,2,10,6,3
FLT005759,EZE,GRU,EZE,A320,2023-05-09,Baja,2,5,3,12
FLT005760,BOG,MIA,BOG,B787,2023-05-14,Baja,2,11,8,9
FLT005761,SCL,MIA,SCL,B737,2024-03-02,Baja,2,6,8,14
FLT005762,BOG,MAD,BOG,B767,2022-11-11,Baja,2,6,7,4
FLT005763,SCL,LIM,SCL,B737,2023-02-09,Alta_Verano,2,5,7,2
FLT005764,LIM,MIA,LIM,B737,2023-02-23,Alta_Verano,2,5,7,2
FLT005765,LIM,GRU,LIM,A320,2022-06-12,Alta_Invierno,2,5,4,13
FLT005766,SCL,MIA,SCL,B767,2022-03-22,Baja,2,6,7,14
FLT005767,SCL,LIM,SCL,B737,2024-06-01,Alta_Invierno,2,5,8,8
FLT005768,SCL,GRU,SCL,B767,2023-10-19,Baja,2,7,4,5
FLT005769,SCL,LIM,SCL,B787,2023-12-09,Alta_Verano,2,10,6,7
FLT005770,SCL,BOG,SCL,B767,2024-04-02,Baja,2,8,7,12
FLT005771,SCL,GRU,SCL,B737,2022-08-22,Alta_Invierno,2,5,3,4
FLT005772,GRU,MIA,GRU,B737,2024-07-29,Alta_Invierno,2,4,6,4
FLT005773,LIM,BOG,LIM,B737,2023-01-07,Alta_Verano,2,5,7,2
FLT005774,SCL,JFK,SCL,B787,2024-03-20,Baja,2,9,4,8
FLT005775,SCL,EZE,SCL,A320,2024-01-26,Alta_Verano,2,5,3,6
FLT005776,SCL,JFK,SCL,B787,2022-01-02,Alta_Verano,2,12,4,3
FLT005777,BOG,MAD,BOG,A350,2022-05-21,Baja,2,8,7,4
FLT005778,BOG,MIA,BOG,B737,2024-03-24,Baja,2,4,6,4
FLT005779,GRU,MIA,GRU,A320,2024-09-09,Baja,2,4,6,4
FLT005780,LIM,MIA,LIM,A350,2023-02-22,Alta_Verano,2,12,3,4
FLT005781,SCL,GRU,SCL,A320,2022-08-04,Alta_Invierno,2,4,7,5
FLT005782,SCL,EZE,SCL,B737,2023-07-29,Alta_Invierno,2,5,4,6
FLT005783,SCL,JFK,SCL,B737,2023-01-10,Alta_Verano,2,6,7,4
FLT005784,SCL,EZE,SCL,B737,2022-01-18,Alta_Verano,2,5,7,10
FLT005785,LIM,BOG,LIM,B737,2022-07-21,Alta_Invierno,2,5,8,12
FLT005786,GRU,MIA,GRU,A320,2022-01-23,Alta_Verano,2,5,3,9
FLT005787,SCL,MIA,SCL,B787,2024-03-03,Baja,2,11,5,5
FLT005788,BOG,MIA,BOG,B737,2024-07-05,Alta_Invierno,2,5,6,3
FLT005789,SCL,MIA,SCL,B787,2023-01-21,Alta_Verano,2,11,7,4
FLT005790,BOG,MIA,BOG,B737,2024-03-22,Baja,2,5,4,11
FLT005791,SCL,MIA,SCL,B787,2022-02-07,Alta_Verano,2,10,8,7
FLT005792,EZE,GRU,EZE,B787,2022-05-13,Baja,2,12,5,8
FLT005793,GRU,MAD,GRU,B767,2024-01-04,Alta_Verano,2,6,8,10
FLT005794,LIM,MIA,LIM,B737,2022-05-30,Baja,2,4,6,9
FLT005795,BOG,MAD,BOG,B767,2022-11-20,Baja,2,6,5,4
FLT005796,SCL,LIM,SCL,B787,2022-01-15,Alta_Verano,2,12,4,2
FLT005797,GRU,MAD,GRU,B767,2023-08-28,Alta_Invierno,2,6,3,3
FLT005798,SCL,LIM,SCL,B767,2024-12-04,Alta_Verano,2,6,7,10
FLT005799,LIM,GRU,LIM,A320,2023-10-24,Baja,2,4,3,2
FLT005800,SCL,EZE,SCL,B737,2023-07-14,Alta_Invierno,2,4,7,
FLT005801,SCL,GRU,SCL,A350,2022-07-19,Alta_Invierno,2,12,8,2
FLT005802,LIM,MIA,LIM,B737,2022-08-11,Alta_Invierno,2,4,4,8
FLT005803,SCL,LIM,SCL,B787,2024-07-25,Alta_Invierno,2,8,8,2
FLT005804,SCL,MAD,SCL,B787,2023-07-06,Alta_Invierno,2,9,7,7
FLT005805,LIM,GRU,LIM,A350,2022-09-19,Baja,2,11,6,4
FLT005806,EZE,GRU,EZE,B787,2022-01-04,Alta_Verano,2,11,5,6
FLT005807,GRU,MIA,GRU,B737,2023-09-04,Baja,2,6,4,
FLT005808,GRU,MIA,GRU,B737,2022-05-27,Baja,2,6,5,7
FLT005809,SCL,BOG,SCL,A320,2024-07-21,Alta_Invierno,2,6,5,5
FLT005810,SCL,BOG,SCL,B737,2024-06-06,Alta_Invierno,2,6,6,2
FLT005811,LIM,BOG,LIM,B767,2022-09-17,Baja,2,8,4,3
FLT005812,BOG,MIA,BOG,B767,2023-02-07,Alta_Verano,2,7,5,7
FLT005813,LIM,GRU,LIM,B737,2023-05-08,Baja,2,4,8,13
FLT005814,LIM,MIA,LIM,A320,2023-07-12,Alta_Invierno,2,5,3,9
FLT005815,EZE,GRU,EZE,B767,2022-05-15,Baja,2,6,3,2
FLT005816,SCL,BOG,SCL,B737,2024-02-25,Alta_Verano,2,6,4,5
FLT005817,LIM,MIA,LIM,A320,2024-12-17,Alta_Verano,2,4,8,11
FLT005818,SCL,LIM,SCL,B737,2023-02-24,Alta_Verano,2,4,4,5
FLT005819,LIM,GRU,LIM,B767,2023-02-27,Alta_Verano,2,6,6,3
FLT005820,LIM,GRU,LIM,B737,2022-11-21,Baja,2,4,7,7
FLT005821,SCL,MIA,SCL,B787,2022-03-24,Baja,2,10,4,2
FLT005822,SCL,LIM,SCL,B737,2022-02-24,Alta_Verano,2,6,6,3
FLT005823,SCL,MIA,SCL,A320,2023-01-04,Alta_Verano,2,6,8,6
FLT005824,SCL,BOG,SCL,B787,2022-08-30,Alta_Invierno,2,10,5,2
FLT005825,GRU,MIA,GRU,B737,2022-10-24,Baja,2,6,8,4
FLT005826,SCL,JFK,SCL,B767,2024-03-08,Baja,2,6,5,4
FLT005827,SCL,MIA,SCL,B787,2023-06-17,Alta_Invierno,2,9,6,3
FLT005828,LIM,MIA,LIM,B737,2022-01-25,Alta_Verano,2,5,3,7
FLT005829,SCL,JFK,SCL,A350,2022-04-17,Baja,2,11,7,2
FLT005830,SCL,JFK,SCL,A320,2023-06-22,Alta_Invierno,2,4,8,9
FLT005831,SCL,GRU,SCL,A350,2023-07-30,Alta_Invierno,2,8,7,11
FLT005832,LIM,GRU,LIM,B767,2024-03-04,Baja,2,7,5,3
FLT005833,GRU,MAD,GRU,A320,2023-09-03,Baja,2,6,8,14
FLT005834,GRU,MIA,GRU,B737,2024-07-30,Alta_Invierno,2,4,3,
FLT005835,LIM,MIA,LIM,A320,2023-06-19,Alta_Invierno,2,4,3,4
FLT005836,SCL,JFK,SCL,B737,2024-01-08,Alta_Verano,2,4,5,6
FLT005837,SCL,EZE,SCL,A320,2023-07-20,Alta_Invierno,2,5,8,14
FLT005838,BOG,MAD,BOG,B737,2024-10-14,Baja,2,5,4,11
FLT005839,SCL,GRU,SCL,B787,2022-12-04,Alta_Verano,2,11,7,13
FLT005840,LIM,GRU,LIM,A320,2023-07-12,Alta_Invierno,2,5,5,5
FLT005841,SCL,LIM,SCL,B737,2022-08-30,Alta_Invierno,2,6,7,9
FLT005842,SCL,LIM,SCL,B767,2022-11-15,Baja,2,7,5,3
FLT005843,SCL,BOG,SCL,B737,2022-01-08,Alta_Verano,2,5,6,5
FLT005844,SCL,MAD,SCL,B737,2023-07-19,Alta_Invierno,2,4,5,10
FLT005845,SCL,LIM,SCL,B737,2022-02-09,Alta_Verano,2,4,7,3
FLT005846,BOG,MIA,BOG,B767,2023-08-14,Alta_Invierno,2,8,3,5
FLT005847,SCL,GRU,SCL,A350,2024-07-12,Alta_Invierno,2,10,8,2
FLT005848,SCL,BOG,SCL,B737,2023-01-01,Alta_Verano,2,6,8,4
FLT005849,SCL,LIM,SCL,B737,2022-08-11,Alta_Invierno,2,5,6,2
FLT005850,EZE,GRU,EZE,B787,2023-10-02,Baja,2,8,5,13
FLT005851,SCL,LIM,SCL,A350,2024-05-10,Baja,2,9,5,
FLT005852,EZE,GRU,EZE,A320,2023-11-05,Baja,2,5,6,9
FLT005853,SCL,BOG,SCL,B737,2023-12-04,Alta_Verano,2,4,7,5
FLT005854,LIM,MIA,LIM,A320,2023-01-03,Alta_Verano,2,5,8,3
FLT005855,EZE,GRU,EZE,A320,2022-03-04,Baja,2,5,5,2
FLT005856,SCL,JFK,SCL,B737,2024-01-08,Alta_Verano,2,4,4,2
FLT005857,SCL,GRU,SCL,B767,2024-08-08,Alta_Invierno,2,8,7,13
FLT005858,LIM,BOG,LIM,B787,2024-08-11,Alta_Invierno,2,12,3,5
FLT005859,EZE,GRU,EZE,A350,2022-04-24,Baja,2,10,8,12
FLT005860,SCL,EZE,SCL,A320,2024-01-02,Alta_Verano,2,5,6,5
FLT005861,SCL,MAD,SCL,B737,2022-07-04,Alta_Invierno,2,4,8,9
FLT005862,BOG,MIA,BOG,A320,2024-01-29,Alta_Verano,2,5,5,2
FLT005863,BOG,MIA,BOG,B767,2023-06-24,Alta_Invierno,2,6,4,3
FLT005864,SCL,EZE,SCL,B737,2023-03-25,Baja,2,6,5,2
FLT005865,SCL,MIA,SCL,A350,2024-12-24,Alta_Verano,2,12,4,4
FLT005866,SCL,GRU,SCL,B737,2023-07-15,Alta_Invierno,2,4,5,11
FLT005867,SCL,MAD,SCL,A350,2024-09-12,Baja,2,8,8,14
FLT005868,SCL,JFK,SCL,B787,2023-07-15,Alta_Invierno,2,10,5,5
FLT005869,LIM,MIA,LIM,A320,2024-07-05,Alta_Invierno,2,5,8,2
FLT005870,SCL,JFK,SCL,B787,2023-09-26,Baja,2,11,6,14
FLT005871,LIM,GRU,LIM,A350,2022-03-02,Baja,2,10,8,2
FLT005872,LIM,MIA,LIM,A320,2022-03-03,Baja,2,5,8,4
FLT005873,SCL,MIA,SCL,A320,2024-01-09,Alta_Verano,2,6,4,2
FLT005874,BOG,MIA,BOG,B737,2022-11-26,Baja,2,5,4,8
FLT005875,LIM,BOG,LIM,B787,2022-01-11,Alta_Verano,2,9,5,9
FLT005876,GRU,MIA,GRU,A320,2023-03-16,Baja,2,6,4,5
FLT005877,BOG,MIA,BOG,A320,2024-09-02,Baja,2,4,4,14
FLT005878,SCL,MAD,SCL,A320,2022-07-29,Alta_Invierno,2,4,8,2
FLT005879,GRU,MAD,GRU,B767,2024-01-23,Alta_Verano,2,8,7,5
FLT005880,SCL,MAD,SCL,B767,2022-07-12,Alta_Invierno,2,6,7,
FLT005881,LIM,GRU,LIM,B737,2024-10-26,Baja,2,5,6,13
FLT005882,LIM,GRU,LIM,A320,2022-11-17,Baja,2,4,4,3
FLT005883,LIM,BOG,LIM,B767,2024-01-25,Alta_Verano,2,6,5,9
FLT005884,BOG,MIA,BOG,A350,2023-04-21,Baja,2,12,5,6
FLT005885,SCL,JFK,SCL,B767,2023-10-20,Baja,2,6,3,13
FLT005886,LIM,BOG,LIM,A320,2023-12-16,Alta_Verano,2,6,3,4
FLT005887,BOG,MAD,BOG,B737,2024-11-18,Baja,2,6,3,2
FLT005888,SCL,MIA,SCL,A320,2022-07-01,Alta_Invierno,2,4,5,5
FLT005889,LIM,BOG,LIM,A320,2023-01-16,Alta_Verano,2,5,5,3
FLT005890,SCL,BOG,SCL,B737,2023-01-17,Alta_Verano,2,5,6,12
FLT005891,SCL,BOG,SCL,B737,2022-08-29,Alta_Invierno,2,5,3,2
FLT005892,EZE,GRU,EZE,B737,2022-10-10,Baja,2,5,4,9
FLT005893,LIM,GRU,LIM,B787,2024-07-14,Alta_Invierno,2,9,7,6
FLT005894,EZE,GRU,EZE,A320,2023-04-04,Baja,2,5,5,5
FLT005895,SCL,MIA,SCL,B737,2022-10-04,Baja,2,4,6,7
FLT005896,SCL,GRU,SCL,B737,2023-08-02,Alta_Invierno,2,4,4,8
FLT005897,LIM,MIA,LIM,B737,2023-09-13,Baja,2,5,5,4
FLT005898,LIM,MIA,LIM,B767,2022-08-24,Alta_Invierno,2,6,7,5
FLT005899,LIM,BOG,LIM,A320,2022-11-10,Baja,2,6,8,4
FLT005900,SCL,MAD,SCL,A320,2024-02-09,Alta_Verano,2,5,7,4
FLT005901,GRU,MIA,GRU,A320,2022-08-25,Alta_Invierno,2,4,4,10
FLT005902,SCL,MAD,SCL,A320,2023-07-20,Alta_Invierno,2,6,6,3
FLT005903,BOG,MIA,BOG,A320,2024-11-04,Baja,2,5,4,5
FLT005904,SCL,LIM,SCL,B737,2023-09-14,Baja,2,4,6,
FLT005905,BOG,MAD,BOG,A320,2022-01-06,Alta_Verano,2,5,5,5
FLT005906,GRU,MIA,GRU,B787,2024-07-07,Alta_Invierno,2,10,7,4
FLT005907,SCL,LIM,SCL,B737,2022-10-29,Baja,2,5,7,5
FLT005908,SCL,MAD,SCL,A320,2022-04-11,Baja,2,4,3,3
FLT005909,SCL,EZE,SCL,B737,2022-07-18,Alta_Invierno,2,4,4,2
FLT005910,SCL,LIM,SCL,B737,2022-07-28,Alta_Invierno,2,5,7,12
FLT005911,SCL,EZE,SCL,B737,2022-02-24,Alta_Verano,2,6,8,8
FLT005912,BOG,MAD,BOG,B737,2022-05-21,Baja,2,4,8,5
FLT005913,LIM,BOG,LIM,B787,2022-02-28,Alta_Verano,2,8,8,11
FLT005914,SCL,MAD,SCL,B737,2023-01-29,Alta_Verano,2,5,7,14
FLT005915,SCL,GRU,SCL,B737,2022-02-03,Alta_Verano,2,4,4,2
FLT005916,SCL,EZE,SCL,A320,2022-07-23,Alta_Invierno,2,6,4,2
FLT005917,LIM,GRU,LIM,B737,2024-01-27,Alta_Verano,2,6,3,12
FLT005918,SCL,EZE,SCL,A350,2024-07-31,Alta_Invierno,2,9,5,5
FLT005919,SCL,EZE,SCL,A320,2023-12-26,Alta_Verano,2,4,3,12
FLT005920,SCL,MIA,SCL,A320,2023-07-14,Alta_Invierno,2,6,7,5
FLT005921,GRU,MAD,GRU,A320,2024-03-16,Baja,2,5,4,11
FLT005922,BOG,MIA,BOG,B787,2024-08-26,Alta_Invierno,2,8,8,4
FLT005923,GRU,MIA,GRU,B737,2023-06-24,Alta_Invierno,2,5,6,2
FLT005924,GRU,MAD,GRU,A320,2024-01-31,Alta_Verano,2,6,8,2
FLT005925,BOG,MIA,BOG,B767,2023-01-10,Alta_Verano,2,8,7,4
FLT005926,SCL,BOG,SCL,A320,2022-01-09,Alta_Verano,2,5,3,10
FLT005927,BOG,MAD,BOG,A320,2024-01-12,Alta_Verano,2,5,4,4
FLT005928,SCL,EZE,SCL,B737,2024-09-22,Baja,2,6,6,11
FLT005929,EZE,GRU,EZE,A350,2022-07-21,Alta_Invierno,2,8,8,9
FLT005930,SCL,EZE,SCL,A350,2023-05-18,Baja,2,10,6,
FLT005931,SCL,BOG,SCL,A320,2022-12-13,Alta_Verano,2,6,3,7
FLT005932,EZE,GRU,EZE,A320,2023-07-03,Alta_Invierno,2,4,8,2
FLT005933,BOG,MIA,BOG,B737,2024-07-14,Alta_Invierno,2,4,4,2
FLT005934,SCL,JFK,SCL,B737,2024-01-30,Alta_Verano,2,6,6,5
FLT005935,LIM,MIA,LIM,A320,2023-01-02,Alta_Verano,2,6,6,12
FLT005936,GRU,MIA,GRU,A320,2022-12-10,Alta_Verano,2,4,6,2
FLT005937,GRU,MIA,GRU,B787,2023-10-26,Baja,2,12,5,10
FLT005938,SCL,EZE,SCL,B787,2024-01-06,Alta_Verano,2,10,3,7
FLT005939,SCL,JFK,SCL,B767,2023-01-02,Alta_Verano,2,7,5,2
FLT005940,LIM,MIA,LIM,B737,2022-04-25,Baja,2,5,6,4
FLT005941,SCL,LIM,SCL,B767,2022-05-30,Baja,2,7,5,3
FLT005942,SCL,EZE,SCL,B787,2024-11-22,Baja,2,12,7,5
FLT005943,SCL,JFK,SCL,A320,2023-07-15,Alta_Invierno,2,4,6,8
FLT005944,GRU,MAD,GRU,B737,2024-01-02,Alta_Verano,2,4,3,3
FLT005945,LIM,BOG,LIM,B737,2022-12-08,Alta_Verano,2,4,5,4
FLT005946,GRU,MIA,GRU,A320,2024-01-16,Alta_Verano,2,5,6,13
FLT005947,SCL,GRU,SCL,A320,2024-07-26,Alta_Invierno,2,6,5,8
FLT005948,SCL,MIA,SCL,B737,2022-10-31,Baja,2,6,6,3
FLT005949,EZE,GRU,EZE,A320,2023-07-09,Alta_Invierno,2,6,5,3
FLT005950,EZE,GRU,EZE,B737,2022-07-09,Alta_Invierno,2,6,6,5
FLT005951,SCL,EZE,SCL,A320,2023-01-30,Alta_Verano,2,6,3,10
FLT005952,SCL,LIM,SCL,A320,2022-06-26,Alta_Invierno,2,5,7,6
FLT005953,EZE,GRU,EZE,A350,2023-04-19,Baja,2,8,8,5
FLT005954,LIM,BOG,LIM,A350,2024-11-24,Baja,2,8,7,3
FLT005955,EZE,GRU,EZE,B767,2023-07-20,Alta_Invierno,2,8,6,7
FLT005956,SCL,LIM,SCL,B737,2022-11-15,Baja,2,5,5,3
FLT005957,GRU,MIA,GRU,B737,2023-02-04,Alta_Verano,2,6,7,12
FLT005958,SCL,BOG,SCL,B737,2022-07-04,Alta_Invierno,2,4,6,4
FLT005959,BOG,MIA,BOG,A350,2022-04-12,Baja,2,10,3,2
FLT005960,GRU,MAD,GRU,B767,2022-05-01,Baja,2,7,7,2
FLT005961,GRU,MAD,GRU,B737,2022-05-10,Baja,2,5,6,5
FLT005962,GRU,MAD,GRU,B737,2024-04-22,Baja,2,6,5,13
FLT005963,GRU,MAD,GRU,A320,2022-12-27,Alta_Verano,2,5,7,9
FLT005964,LIM,MIA,LIM,B737,2023-05-15,Baja,2,6,8,10
FLT005965,BOG,MAD,BOG,B737,2023-02-04,Alta_Verano,2,4,3,2
FLT005966,LIM,BOG,LIM,B737,2024-10-25,Baja,2,5,6,3
FLT005967,EZE,GRU,EZE,B767,2023-02-05,Alta_Verano,2,7,7,14
FLT005968,SCL,JFK,SCL,A320,2024-09-13,Baja,2,5,8,5
FLT005969,SCL,MAD,SCL,B787,2024-10-28,Baja,2,9,5,8
FLT005970,BOG,MAD,BOG,A320,2022-08-17,Alta_Invierno,2,4,6,5
FLT005971,GRU,MIA,GRU,A320,2023-01-22,Alta_Verano,2,5,6,5
FLT005972,SCL,EZE,SCL,A320,2022-03-26,Baja,2,4,6,14
FLT005973,SCL,GRU,SCL,B767,2022-02-15,Alta_Verano,2,7,7,5
FLT005974,SCL,LIM,SCL,B737,2023-08-17,Alta_Invierno,2,6,7,4
FLT005975,SCL,GRU,SCL,B737,2022-01-06,Alta_Verano,2,4,7,9
FLT005976,SCL,MIA,SCL,B737,2024-09-24,Baja,2,5,7,5
FLT005977,LIM,BOG,LIM,B787,2022-08-18,Alta_Invierno,2,9,8,10
FLT005978,EZE,GRU,EZE,B787,2024-07-05,Alta_Invierno,2,11,3,5
FLT005979,BOG,MIA,BOG,B767,2022-12-14,Alta_Verano,2,8,7,13
FLT005980,BOG,MIA,BOG,B767,2023-02-06,Alta_Verano,2,6,6,11
FLT005981,LIM,MIA,LIM,B737,2022-01-18,Alta_Verano,2,5,6,3
FLT005982,LIM,MIA,LIM,A320,2024-04-11,Baja,2,5,4,
FLT005983,GRU,MAD,GRU,B767,2024-09-19,Baja,2,8,5,8
FLT005984,LIM,MIA,LIM,B737,2022-07-31,Alta_Invierno,2,4,4,2
FLT005985,SCL,LIM,SCL,B737,2024-02-22,Alta_Verano,2,6,3,2
FLT005986,BOG,MIA,BOG,A320,2024-12-11,Alta_Verano,2,5,4,9
FLT005987,SCL,GRU,SCL,B767,2022-11-19,Baja,2,8,8,7
FLT005988,BOG,MAD,BOG,B767,2024-11-29,Baja,2,6,4,5
FLT005989,SCL,JFK,SCL,B767,2022-08-09,Alta_Invierno,2,6,3,14
FLT005990,SCL,GRU,SCL,B767,2022-07-15,Alta_Invierno,2,6,3,5
FLT005991,BOG,MAD,BOG,B767,2024-07-21,Alta_Invierno,2,7,8,12
FLT005992,SCL,BOG,SCL,B737,2022-07-13,Alta_Invierno,2,4,3,11
FLT005993,BOG,MAD,BOG,A350,2022-07-06,Alta_Invierno,2,9,5,9
FLT005994,LIM,BOG,LIM,B737,2023-01-14,Alta_Verano,2,4,6,12
FLT005995,BOG,MAD,BOG,B787,2024-01-23,Alta_Verano,2,11,8,4
FLT005996,LIM,MIA,LIM,B787,2024-09-29,Baja,2,12,5,12
FLT005997,LIM,BOG,LIM,B737,2023-09-08,Baja,2,5,3,2
FLT005998,BOG,MAD,BOG,B767,2023-01-29,Alta_Verano,2,6,7,2
FLT005999,SCL,JFK,SCL,B737,2024-06-17,Alta_Invierno,2,4,8,7
FLT006000,SCL,LIM,SCL,A320,2024-07-22,Alta_Invierno,2,5,7,6
FLT006001,SCL,BOG,SCL,B767,2024-09-12,Baja,2,7,5,12
FLT006002,EZE,GRU,EZE,A320,2024-04-20,Baja,2,6,7,3
FLT006003,EZE,GRU,EZE,A320,2024-07-18,Alta_Invierno,2,4,4,4
FLT006004,SCL,MAD,SCL,A320,2023-03-25,Baja,2,5,7,4
FLT006005,SCL,LIM,SCL,A320,2023-01-18,Alta_Verano,2,4,7,5
FLT006006,GRU,MIA,GRU,B737,2022-12-25,Alta_Verano,2,5,7,10
FLT006007,GRU,MAD,GRU,A320,2022-09-07,Baja,2,5,5,3
FLT006008,BOG,MIA,BOG,B737,2023-01-23,Alta_Verano,2,4,3,
FLT006009,SCL,JFK,SCL,B787,2023-05-26,Baja,2,11,7,3
FLT006010,EZE,GRU,EZE,A320,2023-07-08,Alta_Invierno,2,6,4,5
FLT006011,SCL,EZE,SCL,B737,2022-04-08,Baja,2,4,7,14
FLT006012,SCL,BOG,SCL,A320,2024-08-30,Alta_Invierno,2,4,3,13
FLT006013,SCL,MAD,SCL,B737,2022-08-02,Alta_Invierno,2,5,5,2
FLT006014,SCL,LIM,SCL,A320,2024-07-11,Alta_Invierno,2,5,6,10
FLT006015,LIM,MIA,LIM,B737,2022-01-09,Alta_Verano,2,4,6,5
FLT006016,GRU,MAD,GRU,B737,2023-02-09,Alta_Verano,2,4,5,5
FLT006017,SCL,LIM,SCL,B737,2024-01-29,Alta_Verano,2,6,8,4
FLT006018,BOG,MIA,BOG,A350,2022-12-13,Alta_Verano,2,10,3,4
FLT006019,EZE,GRU,EZE,B737,2022-03-29,Baja,2,6,8,11
FLT006020,LIM,BOG,LIM,A320,2024-01-15,Alta_Verano,2,5,3,13
FLT006021,SCL,LIM,SCL,A320,2022-01-13,Alta_Verano,2,5,5,10
FLT006022,SCL,EZE,SCL,B737,2024-08-22,Alta_Invierno,2,4,8,3
FLT006023,EZE,GRU,EZE,B737,2022-01-16,Alta_Verano,2,4,4,3
FLT006024,EZE,GRU,EZE,B737,2022-01-23,Alta_Verano,2,4,8,14
FLT006025,GRU,MIA,GRU,B737,2023-09-12,Baja,2,4,7,11
FLT006026,LIM,MIA,LIM,B737,2023-06-13,Alta_Invierno,2,5,4,3
FLT006027,LIM,GRU,LIM,A320,2022-10-11,Baja,2,4,3,9
FLT006028,SCL,BOG,SCL,A320,2022-10-30,Baja,2,6,7,10
FLT006029,SCL,MAD,SCL,B737,2024-01-20,Alta_Verano,2,4,4,2
FLT006030,EZE,GRU,EZE,A350,2023-09-09,Baja,2,11,8,5
FLT006031,GRU,MAD,GRU,A320,2024-05-26,Baja,2,6,7,3
FLT006032,SCL,JFK,SCL,B737,2023-02-21,Alta_Verano,2,6,7,5
FLT006033,GRU,MAD,GRU,A320,2023-07-20,Alta_Invierno,2,5,5,13
FLT006034,SCL,MAD,SCL,B767,2022-12-11,Alta_Verano,2,8,8,
FLT006035,LIM,BOG,LIM,B787,2023-11-04,Baja,2,11,3,
FLT006036,GRU,MIA,GRU,B737,2022-09-28,Baja,2,5,5,11
FLT006037,GRU,MAD,GRU,A320,2023-08-03,Alta_Invierno,2,5,3,6
FLT006038,SCL,GRU,SCL,B737,2022-02-10,Alta_Verano,2,5,8,2
FLT006039,LIM,BOG,LIM,B737,2022-11-21,Baja,2,4,5,4
FLT006040,SCL,BOG,SCL,A320,2022-07-07,Alta_Invierno,2,5,3,4
FLT006041,SCL,MAD,SCL,A320,2022-03-19,Baja,2,6,5,11
FLT006042,SCL,GRU,SCL,A320,2022-05-02,Baja,2,4,7,12
FLT006043,GRU,MAD,GRU,B737,2022-05-19,Baja,2,4,8,7
FLT006044,LIM,GRU,LIM,B787,2022-09-26,Baja,2,12,8,
FLT006045,SCL,LIM,SCL,B737,2022-12-08,Alta_Verano,2,4,6,3
FLT006046,BOG,MIA,BOG,B767,2022-08-29,Alta_Invierno,2,8,4,13
FLT006047,GRU,MIA,GRU,A320,2022-07-24,Alta_Invierno,2,6,8,4
FLT006048,SCL,LIM,SCL,B767,2022-04-03,Baja,2,6,5,7
FLT006049,SCL,LIM,SCL,B737,2023-05-26,Baja,2,4,8,6
FLT006050,BOG,MIA,BOG,B787,2023-10-10,Baja,2,9,3,4
FLT006051,LIM,GRU,LIM,B737,2022-07-07,Alta_Invierno,2,5,3,2
FLT006052,SCL,GRU,SCL,B737,2022-11-15,Baja,2,5,5,4
FLT006053,BOG,MAD,BOG,B767,2022-03-06,Baja,2,6,7,3
FLT006054,SCL,BOG,SCL,A320,2022-09-22,Baja,2,5,5,5
FLT006055,LIM,GRU,LIM,A320,2022-04-04,Baja,2,4,4,2
FLT006056,SCL,JFK,SCL,A320,2023-01-08,Alta_Verano,2,5,8,12
FLT006057,LIM,GRU,LIM,B767,2024-12-03,Alta_Verano,2,6,6,5
FLT006058,SCL,MAD,SCL,A350,2023-07-08,Alta_Invierno,2,10,4,2
FLT006059,SCL,MIA,SCL,A320,2024-02-14,Alta_Verano,2,4,7,5
FLT006060,GRU,MIA,GRU,B737,2022-12-02,Alta_Verano,2,4,6,8
FLT006061,LIM,GRU,LIM,A350,2023-01-13,Alta_Verano,2,9,3,5
FLT006062,BOG,MIA,BOG,B737,2023-10-25,Baja,2,4,3,5
FLT006063,EZE,GRU,EZE,B767,2024-05-23,Baja,2,6,8,6
FLT006064,SCL,BOG,SCL,A350,2022-07-17,Alta_Invierno,2,8,6,6
FLT006065,SCL,JFK,SCL,B737,2022-08-08,Alta_Invierno,2,4,6,10
FLT006066,GRU,MAD,GRU,B737,2022-07-03,Alta_Invierno,2,6,7,5
FLT006067,SCL,LIM,SCL,B737,2024-12-13,Alta_Verano,2,4,3,13
FLT006068,SCL,MIA,SCL,B737,2022-07-09,Alta_Invierno,2,5,5,3
FLT006069,GRU,MIA,GRU,B737,2024-07-09,Alta_Invierno,2,5,4,13
FLT006070,SCL,JFK,SCL,A320,2022-08-24,Alta_Invierno,2,6,8,3
FLT006071,SCL,BOG,SCL,B787,2024-09-17,Baja,2,8,5,2
FLT006072,SCL,BOG,SCL,B787,2023-09-27,Baja,2,11,8,3
FLT006073,SCL,EZE,SCL,B767,2024-01-23,Alta_Verano,2,8,4,5
FLT006074,SCL,EZE,SCL,B737,2022-08-17,Alta_Invierno,2,5,3,7
FLT006075,SCL,EZE,SCL,B737,2023-01-04,Alta_Verano,2,4,7,2
FLT006076,EZE,GRU,EZE,B737,2022-08-04,Alta_Invierno,2,5,4,5
FLT006077,SCL,JFK,SCL,B787,2022-09-16,Baja,2,8,4,4
FLT006078,GRU,MIA,GRU,B737,2024-07-03,Alta_Invierno,2,4,5,4
FLT006079,LIM,MIA,LIM,A320,2024-01-21,Alta_Verano,2,6,6,11
FLT006080,LIM,GRU,LIM,A320,2023-07-22,Alta_Invierno,2,6,3,5
FLT006081,GRU,MAD,GRU,B787,2022-10-05,Baja,2,9,4,6
FLT006082,BOG,MAD,BOG,B737,2023-08-15,Alta_Invierno,2,6,3,14
FLT006083,SCL,BOG,SCL,B737,2022-07-25,Alta_Invierno,2,5,7,3
FLT006084,GRU,MAD,GRU,B737,2023-09-27,Baja,2,5,8,14
FLT006085,SCL,BOG,SCL,A320,2024-01-21,Alta_Verano,2,5,8,4
FLT006086,BOG,MIA,BOG,B787,2022-07-30,Alta_Invierno,2,12,7,3
FLT006087,SCL,JFK,SCL,B737,2023-05-17,Baja,2,5,5,11
FLT006088,SCL,EZE,SCL,B767,2024-01-08,Alta_Verano,2,8,4,6
FLT006089,LIM,GRU,LIM,B737,2022-09-17,Baja,2,4,8,3
FLT006090,SCL,JFK,SCL,A350,2024-02-02,Alta_Verano,2,11,5,2
FLT006091,SCL,MIA,SCL,B737,2022-07-17,Alta_Invierno,2,4,4,5
FLT006092,GRU,MAD,GRU,B787,2023-12-14,Alta_Verano,2,8,5,5
FLT006093,SCL,MAD,SCL,B767,2022-01-13,Alta_Verano,2,8,8,5
FLT006094,SCL,BOG,SCL,A320,2022-02-23,Alta_Verano,2,4,3,10
FLT006095,SCL,GRU,SCL,A320,2024-07-17,Alta_Invierno,2,5,3,13
FLT006096,SCL,MAD,SCL,A320,2023-07-31,Alta_Invierno,2,5,6,4
FLT006097,SCL,MAD,SCL,B787,2024-07-16,Alta_Invierno,2,10,5,11
FLT006098,BOG,MAD,BOG,A320,2024-07-08,Alta_Invierno,2,6,5,5
FLT006099,BOG,MAD,BOG,B767,2023-11-01,Baja,2,8,7,3
FLT006100,SCL,MIA,SCL,A320,2024-05-01,Baja,2,5,4,9
FLT006101,SCL,GRU,SCL,A320,2023-07-25,Alta_Invierno,2,5,7,7
FLT006102,SCL,MIA,SCL,B737,2023-05-03,Baja,2,6,3,5
FLT006103,BOG,MIA,BOG,A320,2024-10-26,Baja,2,4,7,5
FLT006104,SCL,MAD,SCL,A320,2024-05-21,Baja,2,4,3,2
FLT006105,EZE,GRU,EZE,A320,2024-07-24,Alta_Invierno,2,6,5,8
FLT006106,SCL,MAD,SCL,A320,2022-12-20,Alta_Verano,2,4,3,9
FLT006107,GRU,MIA,GRU,B737,2022-01-17,Alta_Verano,2,6,3,8
FLT006108,GRU,MIA,GRU,B787,2023-01-21,Alta_Verano,2,10,5,12
FLT006109,SCL,MAD,SCL,B767,2023-07-16,Alta_Invierno,2,6,3,13
FLT006110,SCL,EZE,SCL,B767,2022-01-22,Alta_Verano,2,7,7,5
FLT006111,LIM,GRU,LIM,B787,2024-07-03,Alta_Invierno,2,9,5,5
FLT006112,SCL,JFK,SCL,B787,2022-11-09,Baja,2,11,4,4
FLT006113,BOG,MAD,BOG,A320,2023-05-31,Baja,2,4,5,14
FLT006114,GRU,MAD,GRU,A320,2022-01-09,Alta_Verano,2,6,3,4
FLT006115,EZE,GRU,EZE,A350,2024-03-30,Baja,2,12,6,3
FLT006116,SCL,BOG,SCL,A320,2023-01-19,Alta_Verano,2,6,3,13
FLT006117,SCL,MAD,SCL,A320,2022-03-04,Baja,2,6,5,12
FLT006118,LIM,GRU,LIM,A320,2022-12-19,Alta_Verano,2,5,7,3
FLT006119,BOG,MAD,BOG,B767,2022-03-15,Baja,2,6,5,2
FLT006120,LIM,GRU,LIM,A350,2024-07-26,Alta_Invierno,2,9,5,11
FLT006121,SCL,GRU,SCL,B787,2023-07-01,Alta_Invierno,2,12,8,3
FLT006122,LIM,BOG,LIM,B737,2024-07-16,Alta_Invierno,2,5,8,14
FLT006123,BOG,MIA,BOG,B767,2024-10-22,Baja,2,6,4,4
FLT006124,EZE,GRU,EZE,B737,2022-11-07,Baja,2,5,5,11
FLT006125,SCL,JFK,SCL,B767,2023-07-09,Alta_Invierno,2,8,7,13
FLT006126,GRU,MAD,GRU,B737,2023-06-09,Alta_Invierno,2,6,3,5
FLT006127,BOG,MAD,BOG,A350,2024-07-07,Alta_Invierno,2,10,7,3
FLT006128,BOG,MAD,BOG,B787,2023-12-10,Alta_Verano,2,10,7,12
FLT006129,SCL,BOG,SCL,A320,2022-11-15,Baja,2,6,5,3
FLT006130,SCL,MIA,SCL,B737,2024-03-30,Baja,2,6,6,9
FLT006131,LIM,MIA,LIM,B737,2023-09-01,Baja,2,6,7,12
FLT006132,SCL,LIM,SCL,B767,2024-12-28,Alta_Verano,2,8,8,6
FLT006133,SCL,MIA,SCL,A320,2024-03-20,Baja,2,4,3,5
FLT006134,LIM,GRU,LIM,B767,2022-03-01,Baja,2,6,3,14
FLT006135,GRU,MIA,GRU,B787,2022-07-02,Alta_Invierno,2,12,8,9
FLT006136,LIM,GRU,LIM,A320,2023-11-10,Baja,2,6,8,14
FLT006137,BOG,MIA,BOG,A320,2022-03-18,Baja,2,6,5,4
FLT006138,SCL,BOG,SCL,B767,2024-02-20,Alta_Verano,2,7,3,5
FLT006139,SCL,EZE,SCL,B737,2024-01-24,Alta_Verano,2,4,8,4
FLT006140,LIM,BOG,LIM,B737,2022-10-19,Baja,2,5,4,2
FLT006141,GRU,MIA,GRU,B787,2024-03-09,Baja,2,11,8,2
FLT006142,EZE,GRU,EZE,A320,2023-07-25,Alta_Invierno,2,4,6,4
FLT006143,LIM,BOG,LIM,A320,2022-05-23,Baja,2,4,5,4
FLT006144,SCL,GRU,SCL,A350,2024-10-23,Baja,2,8,5,12
FLT006145,SCL,EZE,SCL,B737,2024-05-28,Baja,2,4,6,14
FLT006146,LIM,GRU,LIM,B737,2023-01-12,Alta_Verano,2,4,3,14
FLT006147,GRU,MAD,GRU,B737,2024-01-14,Alta_Verano,2,5,5,3
FLT006148,SCL,JFK,SCL,B737,2023-02-13,Alta_Verano,2,6,4,6
FLT006149,GRU,MAD,GRU,B737,2023-07-03,Alta_Invierno,2,6,6,11
FLT006150,SCL,GRU,SCL,A320,2023-04-19,Baja,2,6,5,5
FLT006151,SCL,BOG,SCL,B737,2022-01-09,Alta_Verano,2,6,3,4
FLT006152,SCL,JFK,SCL,B737,2023-06-23,Alta_Invierno,2,6,3,7
FLT006153,GRU,MIA,GRU,B737,2024-07-06,Alta_Invierno,2,4,3,4
FLT006154,SCL,GRU,SCL,B787,2022-06-19,Alta_Invierno,2,11,4,5
FLT006155,LIM,MIA,LIM,A320,2024-11-02,Baja,2,4,5,
FLT006156,GRU,MIA,GRU,A350,2022-07-28,Alta_Invierno,2,12,7,2
FLT006157,GRU,MAD,GRU,A320,2024-05-14,Baja,2,5,4,6
FLT006158,LIM,GRU,LIM,B737,2023-01-07,Alta_Verano,2,6,3,13
FLT006159,BOG,MAD,BOG,B767,2022-07-08,Alta_Invierno,2,6,3,9
FLT006160,SCL,GRU,SCL,B737,2024-07-13,Alta_Invierno,2,5,8,8
FLT006161,SCL,LIM,SCL,B767,2022-12-16,Alta_Verano,2,7,3,
FLT006162,BOG,MAD,BOG,B737,2024-07-08,Alta_Invierno,2,6,6,5
FLT006163,SCL,JFK,SCL,B737,2024-07-22,Alta_Invierno,2,6,4,11
FLT006164,LIM,BOG,LIM,B737,2022-07-01,Alta_Invierno,2,4,8,4
FLT006165,GRU,MAD,GRU,B767,2024-03-02,Baja,2,8,4,2
FLT006166,LIM,BOG,LIM,B787,2024-01-02,Alta_Verano,2,11,4,4
FLT006167,SCL,EZE,SCL,B767,2022-01-25,Alta_Verano,2,7,4,3
FLT006168,EZE,GRU,EZE,A320,2024-11-15,Baja,2,4,5,4
FLT006169,LIM,GRU,LIM,B737,2023-09-11,Baja,2,5,8,5
FLT006170,EZE,GRU,EZE,B767,2022-01-16,Alta_Verano,2,6,5,5
FLT006171,LIM,MIA,LIM,A320,2022-06-19,Alta_Invierno,2,6,3,7
FLT006172,SCL,MIA,SCL,B787,2022-06-15,Alta_Invierno,2,8,7,14
FLT006173,SCL,MIA,SCL,A320,2022-06-07,Alta_Invierno,2,4,3,12
FLT006174,LIM,BOG,LIM,B737,2022-02-24,Alta_Verano,2,6,7,10
FLT006175,SCL,LIM,SCL,A320,2022-04-06,Baja,2,4,3,2
FLT006176,LIM,GRU,LIM,A320,2023-09-23,Baja,2,5,7,4
FLT006177,EZE,GRU,EZE,A320,2023-11-29,Baja,2,4,3,5
FLT006178,LIM,MIA,LIM,B737,2023-11-28,Baja,2,6,3,11
FLT006179,BOG,MIA,BOG,B737,2023-10-07,Baja,2,4,6,13
FLT006180,BOG,MAD,BOG,A350,2023-02-06,Alta_Verano,2,11,4,5
FLT006181,BOG,MIA,BOG,A350,2023-08-02,Alta_Invierno,2,12,3,12
FLT006182,GRU,MIA,GRU,A320,2024-08-27,Alta_Invierno,2,4,8,9
FLT006183,LIM,BOG,LIM,B787,2023-07-01,Alta_Invierno,2,12,5,14
FLT006184,SCL,LIM,SCL,A320,2023-10-03,Baja,2,6,4,7
FLT006185,LIM,MIA,LIM,A320,2024-08-04,Alta_Invierno,2,5,3,7
FLT006186,SCL,BOG,SCL,B737,2023-12-26,Alta_Verano,2,5,8,11
FLT006187,LIM,GRU,LIM,B737,2022-09-18,Baja,2,4,3,9
FLT006188,BOG,MIA,BOG,B787,2024-04-19,Baja,2,11,6,6
FLT006189,LIM,MIA,LIM,B767,2022-08-24,Alta_Invierno,2,8,5,12
FLT006190,SCL,LIM,SCL,B737,2023-01-02,Alta_Verano,2,4,4,3
FLT006191,SCL,EZE,SCL,B737,2024-07-10,Alta_Invierno,2,4,6,10
FLT006192,SCL,LIM,SCL,B737,2024-02-22,Alta_Verano,2,6,5,10
FLT006193,SCL,JFK,SCL,A320,2022-07-04,Alta_Invierno,2,4,6,4
FLT006194,SCL,JFK,SCL,A350,2022-07-06,Alta_Invierno,2,12,6,5
FLT006195,SCL,MAD,SCL,B737,2024-11-16,Baja,2,6,6,3
FLT006196,SCL,JFK,SCL,A320,2023-11-24,Baja,2,6,4,4
FLT006197,LIM,GRU,LIM,A350,2023-05-03,Baja,2,10,7,8
FLT006198,GRU,MIA,GRU,B767,2023-07-14,Alta_Invierno,2,7,7,13
FLT006199,GRU,MIA,GRU,B737,2022-01-29,Alta_Verano,2,4,8,7
FLT006200,SCL,MIA,SCL,B767,2022-05-27,Baja,2,7,8,11
FLT006201,GRU,MAD,GRU,A350,2024-01-31,Alta_Verano,2,11,8,10
FLT006202,SCL,BOG,SCL,A350,2023-08-02,Alta_Invierno,2,9,5,13
FLT006203,GRU,MAD,GRU,B787,2023-08-04,Alta_Invierno,2,11,4,
FLT006204,SCL,LIM,SCL,A320,2022-05-20,Baja,2,6,3,13
FLT006205,SCL,MIA,SCL,B787,2024-05-17,Baja,2,9,4,5
FLT006206,EZE,GRU,EZE,B767,2024-01-06,Alta_Verano,2,8,3,3
FLT006207,SCL,MAD,SCL,B767,2023-02-04,Alta_Verano,2,7,6,4
FLT006208,EZE,GRU,EZE,B737,2022-03-21,Baja,2,5,5,2
FLT006209,EZE,GRU,EZE,A320,2023-11-01,Baja,2,5,5,3
FLT006210,SCL,MAD,SCL,B737,2022-09-15,Baja,2,4,3,12
FLT006211,LIM,BOG,LIM,B737,2024-11-29,Baja,2,5,4,10
FLT006212,BOG,MAD,BOG,B737,2022-06-30,Alta_Invierno,2,4,5,10
FLT006213,EZE,GRU,EZE,B767,2024-01-22,Alta_Verano,2,8,7,5
FLT006214,BOG,MAD,BOG,B737,2024-07-24,Alta_Invierno,2,4,6,7
FLT006215,EZE,GRU,EZE,A320,2024-01-22,Alta_Verano,2,6,7,5
FLT006216,BOG,MAD,BOG,B737,2023-04-11,Baja,2,5,5,4
FLT006217,BOG,MIA,BOG,A320,2022-01-14,Alta_Verano,2,6,8,14
FLT006218,SCL,BOG,SCL,B737,2024-01-22,Alta_Verano,2,4,7,6
FLT006219,SCL,LIM,SCL,B787,2024-03-05,Baja,2,12,8,2
FLT006220,EZE,GRU,EZE,B737,2023-11-16,Baja,2,4,5,8
FLT006221,SCL,JFK,SCL,B787,2024-07-22,Alta_Invierno,2,11,8,6
FLT006222,SCL,MAD,SCL,B737,2023-08-16,Alta_Invierno,2,6,3,11
FLT006223,BOG,MIA,BOG,A320,2022-01-16,Alta_Verano,2,6,6,9
FLT006224,SCL,BOG,SCL,A320,2024-07-01,Alta_Invierno,2,5,6,12
FLT006225,SCL,JFK,SCL,B787,2022-02-07,Alta_Verano,2,10,4,4
FLT006226,SCL,MIA,SCL,B787,2023-09-11,Baja,2,10,5,14
FLT006227,GRU,MIA,GRU,A320,2022-02-15,Alta_Verano,2,6,6,12
FLT006228,LIM,BOG,LIM,B767,2022-05-01,Baja,2,7,7,4
FLT006229,EZE,GRU,EZE,A350,2024-03-01,Baja,2,12,8,2
FLT006230,GRU,MIA,GRU,A320,2022-03-30,Baja,2,6,3,4
FLT006231,SCL,LIM,SCL,B767,2024-12-14,Alta_Verano,2,8,3,5
FLT006232,SCL,JFK,SCL,A350,2022-01-29,Alta_Verano,2,10,7,2
FLT006233,SCL,EZE,SCL,A320,2022-04-16,Baja,2,6,5,3
FLT006234,LIM,MIA,LIM,B737,2023-10-10,Baja,2,5,4,3
FLT006235,SCL,MAD,SCL,B737,2024-11-19,Baja,2,6,3,
FLT006236,BOG,MAD,BOG,A320,2022-04-08,Baja,2,6,4,2
FLT006237,SCL,JFK,SCL,B787,2023-10-31,Baja,2,10,8,10
FLT006238,GRU,MIA,GRU,B787,2023-07-13,Alta_Invierno,2,12,8,6
FLT006239,BOG,MAD,BOG,B787,2022-10-28,Baja,2,11,3,9
FLT006240,SCL,JFK,SCL,B767,2023-09-14,Baja,2,8,4,5
FLT006241,SCL,MAD,SCL,B787,2022-07-24,Alta_Invierno,2,12,8,2
FLT006242,BOG,MAD,BOG,B737,2023-08-08,Alta_Invierno,2,6,6,10
FLT006243,SCL,JFK,SCL,A320,2024-09-04,Baja,2,4,4,5
FLT006244,SCL,EZE,SCL,A320,2024-01-12,Alta_Verano,2,6,8,5
FLT006245,LIM,MIA,LIM,B787,2024-01-02,Alta_Verano,2,12,3,7
FLT006246,GRU,MIA,GRU,B787,2024-05-21,Baja,2,12,7,2
FLT006247,SCL,EZE,SCL,B737,2022-07-27,Alta_Invierno,2,6,4,6
FLT006248,GRU,MIA,GRU,A320,2023-06-07,Alta_Invierno,2,6,3,3
FLT006249,SCL,MIA,SCL,A320,2024-07-19,Alta_Invierno,2,4,7,10
FLT006250,LIM,GRU,LIM,A350,2023-01-03,Alta_Verano,2,9,7,2
FLT006251,LIM,BOG,LIM,A320,2022-12-03,Alta_Verano,2,5,6,2
FLT006252,SCL,MIA,SCL,A350,2023-11-11,Baja,2,10,4,8
FLT006253,SCL,EZE,SCL,A350,2024-07-16,Alta_Invierno,2,9,5,5
FLT006254,BOG,MAD,BOG,B767,2023-04-16,Baja,2,8,7,2
FLT006255,GRU,MIA,GRU,A320,2022-03-17,Baja,2,5,4,2
FLT006256,SCL,LIM,SCL,A320,2023-03-24,Baja,2,6,4,14
FLT006257,SCL,LIM,SCL,B767,2022-02-12,Alta_Verano,2,7,5,5
FLT006258,GRU,MAD,GRU,B787,2023-11-27,Baja,2,12,7,4
FLT006259,LIM,BOG,LIM,A320,2023-02-15,Alta_Verano,2,4,6,2
FLT006260,SCL,GRU,SCL,B767,2023-02-19,Alta_Verano,2,8,8,2
FLT006261,SCL,MAD,SCL,B737,2024-07-01,Alta_Invierno,2,6,7,5
FLT006262,GRU,MIA,GRU,A320,2024-03-06,Baja,2,5,4,3
FLT006263,SCL,GRU,SCL,B737,2024-01-24,Alta_Verano,2,4,5,4
FLT006264,LIM,MIA,LIM,B787,2024-03-15,Baja,2,9,8,12
FLT006265,SCL,LIM,SCL,A320,2024-07-22,Alta_Invierno,2,5,4,5
FLT006266,SCL,BOG,SCL,B787,2022-08-25,Alta_Invierno,2,8,8,4
FLT006267,SCL,GRU,SCL,B787,2023-01-23,Alta_Verano,2,9,7,14
FLT006268,SCL,MAD,SCL,B737,2022-09-09,Baja,2,5,7,5
FLT006269,LIM,BOG,LIM,B737,2024-01-05,Alta_Verano,2,5,3,7
FLT006270,LIM,MIA,LIM,B787,2022-11-19,Baja,2,9,5,11
FLT006271,SCL,JFK,SCL,A320,2024-03-11,Baja,2,6,3,5
FLT006272,SCL,BOG,SCL,B787,2022-12-20,Alta_Verano,2,11,7,5
FLT006273,SCL,MIA,SCL,B787,2022-07-20,Alta_Invierno,2,10,6,4
FLT006274,LIM,MIA,LIM,A320,2022-07-26,Alta_Invierno,2,5,7,3
FLT006275,SCL,LIM,SCL,A320,2022-10-30,Baja,2,5,7,9
FLT006276,LIM,MIA,LIM,B767,2022-01-25,Alta_Verano,2,8,8,3
FLT006277,SCL,EZE,SCL,B737,2022-02-17,Alta_Verano,2,6,4,3
FLT006278,BOG,MIA,BOG,B737,2022-10-28,Baja,2,5,3,13
FLT006279,GRU,MAD,GRU,A350,2024-12-18,Alta_Verano,2,8,3,12
FLT006280,LIM,MIA,LIM,B737,2024-07-25,Alta_Invierno,2,4,6,5
FLT006281,SCL,JFK,SCL,B767,2024-07-27,Alta_Invierno,2,7,5,6
FLT006282,BOG,MIA,BOG,B787,2023-01-30,Alta_Verano,2,10,8,12
FLT006283,EZE,GRU,EZE,A350,2023-01-06,Alta_Verano,2,12,8,7
FLT006284,SCL,MAD,SCL,B737,2023-11-21,Baja,2,5,6,4
FLT006285,SCL,LIM,SCL,B787,2023-07-26,Alta_Invierno,2,12,4,10
FLT006286,SCL,LIM,SCL,B737,2023-08-11,Alta_Invierno,2,6,5,2
FLT006287,GRU,MIA,GRU,B737,2024-09-14,Baja,2,4,5,5
FLT006288,SCL,MIA,SCL,B737,2023-01-30,Alta_Verano,2,5,4,9
FLT006289,GRU,MIA,GRU,B737,2022-07-16,Alta_Invierno,2,6,7,7
FLT006290,SCL,BOG,SCL,A350,2024-03-09,Baja,2,10,3,8
FLT006291,EZE,GRU,EZE,B787,2023-05-01,Baja,2,11,7,
FLT006292,BOG,MAD,BOG,A350,2022-04-23,Baja,2,8,7,3
FLT006293,SCL,MIA,SCL,B737,2023-01-11,Alta_Verano,2,5,3,2
FLT006294,LIM,GRU,LIM,B737,2024-07-03,Alta_Invierno,2,5,7,9
FLT006295,LIM,GRU,LIM,B737,2022-12-29,Alta_Verano,2,5,5,5
FLT006296,SCL,BOG,SCL,B737,2023-01-13,Alta_Verano,2,5,7,3
FLT006297,LIM,MIA,LIM,A350,2023-09-18,Baja,2,9,8,2
FLT006298,SCL,MIA,SCL,A320,2022-07-02,Alta_Invierno,2,6,4,2
FLT006299,SCL,BOG,SCL,B737,2024-11-01,Baja,2,6,6,12
FLT006300,SCL,JFK,SCL,B737,2023-11-07,Baja,2,5,7,14
FLT006301,BOG,MIA,BOG,B787,2023-04-30,Baja,2,10,4,5
FLT006302,GRU,MAD,GRU,A320,2023-11-13,Baja,2,4,7,13
FLT006303,BOG,MIA,BOG,A320,2024-01-24,Alta_Verano,2,4,6,7
FLT006304,GRU,MAD,GRU,A320,2022-10-19,Baja,2,4,4,4
FLT006305,LIM,MIA,LIM,A320,2022-12-12,Alta_Verano,2,4,8,3
FLT006306,SCL,EZE,SCL,A320,2024-01-03,Alta_Verano,2,6,8,14
FLT006307,LIM,BOG,LIM,A320,2023-07-11,Alta_Invierno,2,4,6,5
FLT006308,SCL,LIM,SCL,A320,2022-01-27,Alta_Verano,2,5,3,2
FLT006309,EZE,GRU,EZE,A320,2022-01-01,Alta_Verano,2,6,8,7
FLT006310,BOG,MAD,BOG,B737,2022-09-10,Baja,2,6,8,12
FLT006311,BOG,MIA,BOG,A320,2022-08-15,Alta_Invierno,2,4,5,11
FLT006312,SCL,BOG,SCL,A350,2022-07-31,Alta_Invierno,2,12,3,3
FLT006313,SCL,BOG,SCL,A350,2024-07-06,Alta_Invierno,2,12,7,4
FLT006314,GRU,MIA,GRU,A320,2022-01-03,Alta_Verano,2,6,3,4
FLT006315,SCL,BOG,SCL,B737,2023-11-04,Baja,2,5,4,5
FLT006316,GRU,MIA,GRU,B737,2023-09-28,Baja,2,4,7,3
FLT006317,LIM,BOG,LIM,B737,2024-12-03,Alta_Verano,2,4,7,5
FLT006318,SCL,LIM,SCL,B767,2023-01-29,Alta_Verano,2,8,8,13
FLT006319,SCL,LIM,SCL,B767,2023-09-28,Baja,2,8,6,5
FLT006320,BOG,MAD,BOG,B767,2022-05-23,Baja,2,8,3,12
FLT006321,GRU,MIA,GRU,B737,2024-11-30,Baja,2,5,4,6
FLT006322,LIM,BOG,LIM,A320,2024-10-26,Baja,2,6,7,5
FLT006323,GRU,MAD,GRU,B767,2023-07-19,Alta_Invierno,2,6,5,14
FLT006324,SCL,GRU,SCL,A320,2024-03-13,Baja,2,5,6,6
FLT006325,EZE,GRU,EZE,A320,2022-10-04,Baja,2,4,7,7
FLT006326,SCL,MAD,SCL,A320,2023-07-05,Alta_Invierno,2,5,3,4
FLT006327,LIM,GRU,LIM,A350,2024-07-15,Alta_Invierno,2,9,3,2
FLT006328,EZE,GRU,EZE,B767,2022-07-20,Alta_Invierno,2,7,6,3
FLT006329,SCL,JFK,SCL,A350,2023-06-13,Alta_Invierno,2,10,3,13
FLT006330,SCL,JFK,SCL,B787,2023-01-29,Alta_Verano,2,12,8,7
FLT006331,LIM,GRU,LIM,A350,2022-05-30,Baja,2,9,7,2
FLT006332,GRU,MIA,GRU,B737,2022-03-05,Baja,2,6,8,2
FLT006333,SCL,BOG,SCL,B737,2024-07-19,Alta_Invierno,2,6,6,3
FLT006334,SCL,BOG,SCL,B787,2024-01-22,Alta_Verano,2,9,8,8
FLT006335,BOG,MAD,BOG,B737,2023-03-13,Baja,2,6,7,14
FLT006336,LIM,BOG,LIM,B787,2023-06-23,Alta_Invierno,2,12,4,11
FLT006337,SCL,MIA,SCL,A350,2023-07-27,Alta_Invierno,2,9,8,3
FLT006338,SCL,MAD,SCL,B767,2024-11-26,Baja,2,8,7,7
FLT006339,BOG,MAD,BOG,A320,2022-08-30,Alta_Invierno,2,6,5,13
FLT006340,LIM,BOG,LIM,B767,2023-01-27,Alta_Verano,2,7,8,3
FLT006341,GRU,MAD,GRU,A350,2024-03-13,Baja,2,8,3,8
FLT006342,SCL,MIA,SCL,B787,2022-01-19,Alta_Verano,2,12,7,8
FLT006343,LIM,MIA,LIM,B737,2023-07-24,Alta_Invierno,2,5,8,7
FLT006344,SCL,JFK,SCL,A320,2024-10-12,Baja,2,6,3,4
FLT006345,SCL,EZE,SCL,B737,2022-02-03,Alta_Verano,2,5,7,5
FLT006346,LIM,MIA,LIM,B737,2023-07-07,Alta_Invierno,2,6,8,5
FLT006347,SCL,LIM,SCL,B787,2023-11-15,Baja,2,8,7,2
FLT006348,SCL,EZE,SCL,A350,2022-01-19,Alta_Verano,2,12,3,3
FLT006349,BOG,MAD,BOG,A320,2023-05-07,Baja,2,4,5,4
FLT006350,LIM,MIA,LIM,B737,2023-08-06,Alta_Invierno,2,5,4,14
FLT006351,LIM,BOG,LIM,A320,2024-06-18,Alta_Invierno,2,6,5,3
FLT006352,LIM,GRU,LIM,B737,2023-07-09,Alta_Invierno,2,5,6,11
FLT006353,SCL,JFK,SCL,B767,2024-09-13,Baja,2,8,6,3
FLT006354,BOG,MIA,BOG,B767,2022-07-13,Alta_Invierno,2,6,8,6
FLT006355,GRU,MAD,GRU,A320,2023-01-21,Alta_Verano,2,6,4,8
FLT006356,LIM,MIA,LIM,A320,2024-08-18,Alta_Invierno,2,6,4,4
FLT006357,LIM,GRU,LIM,A320,2022-09-22,Baja,2,5,4,5
FLT006358,SCL,MAD,SCL,B787,2023-02-02,Alta_Verano,2,9,3,4
FLT006359,GRU,MIA,GRU,B787,2024-07-14,Alta_Invierno,2,12,3,7
FLT006360,SCL,MIA,SCL,A350,2024-10-30,Baja,2,10,5,3
FLT006361,LIM,MIA,LIM,A320,2022-06-20,Alta_Invierno,2,5,8,
FLT006362,BOG,MIA,BOG,A320,2023-10-25,Baja,2,4,3,2
FLT006363,GRU,MIA,GRU,B787,2022-07-19,Alta_Invierno,2,10,8,2
FLT006364,SCL,MAD,SCL,B787,2023-07-05,Alta_Invierno,2,10,8,2
FLT006365,GRU,MIA,GRU,B787,2023-04-30,Baja,2,11,7,8
FLT006366,EZE,GRU,EZE,B767,2022-01-06,Alta_Verano,2,6,3,9
FLT006367,EZE,GRU,EZE,B767,2024-05-26,Baja,2,6,4,7
FLT006368,BOG,MIA,BOG,A320,2024-07-11,Alta_Invierno,2,4,3,14
FLT006369,SCL,EZE,SCL,B767,2023-08-05,Alta_Invierno,2,8,5,5
FLT006370,SCL,JFK,SCL,B737,2022-01-23,Alta_Verano,2,6,5,7
FLT006371,GRU,MIA,GRU,B737,2022-01-01,Alta_Verano,2,6,8,8
FLT006372,EZE,GRU,EZE,B787,2024-01-28,Alta_Verano,2,8,7,5
FLT006373,SCL,JFK,SCL,B767,2024-01-19,Alta_Verano,2,7,6,5
FLT006374,GRU,MIA,GRU,B787,2022-07-17,Alta_Invierno,2,8,8,8
FLT006375,LIM,GRU,LIM,B737,2023-01-27,Alta_Verano,2,6,4,11
FLT006376,SCL,MAD,SCL,B767,2022-03-08,Baja,2,7,7,
FLT006377,SCL,EZE,SCL,A320,2024-10-04,Baja,2,5,5,3
FLT006378,GRU,MAD,GRU,B737,2024-01-15,Alta_Verano,2,6,8,8
FLT006379,LIM,GRU,LIM,B737,2022-04-20,Baja,2,5,3,10
FLT006380,LIM,MIA,LIM,B737,2024-02-20,Alta_Verano,2,5,4,7
FLT006381,LIM,GRU,LIM,A320,2022-01-03,Alta_Verano,2,5,7,8
FLT006382,BOG,MIA,BOG,B787,2023-01-23,Alta_Verano,2,8,6,12
FLT006383,SCL,MIA,SCL,B737,2024-05-05,Baja,2,6,4,2
FLT006384,SCL,MAD,SCL,B787,2022-06-11,Alta_Invierno,2,10,3,4
FLT006385,SCL,BOG,SCL,A320,2022-11-25,Baja,2,6,3,7
FLT006386,SCL,MIA,SCL,B767,2022-01-17,Alta_Verano,2,8,6,5
FLT006387,SCL,LIM,SCL,A320,2022-02-01,Alta_Verano,2,6,4,2
FLT006388,SCL,MAD,SCL,B737,2023-11-05,Baja,2,4,7,4
FLT006389,SCL,MAD,SCL,B787,2023-07-21,Alta_Invierno,2,9,5,10
FLT006390,SCL,LIM,SCL,B787,2024-07-23,Alta_Invierno,2,8,6,5
FLT006391,GRU,MAD,GRU,B737,2023-06-22,Alta_Invierno,2,5,7,2
FLT006392,LIM,BOG,LIM,A320,2022-12-17,Alta_Verano,2,5,5,11
FLT006393,SCL,BOG,SCL,B787,2024-11-29,Baja,2,10,3,6
FLT006394,GRU,MAD,GRU,B737,2024-08-29,Alta_Invierno,2,5,5,13
FLT006395,SCL,LIM,SCL,B737,2022-07-17,Alta_Invierno,2,5,5,3
FLT006396,BOG,MAD,BOG,B767,2022-02-07,Alta_Verano,2,6,6,6
FLT006397,LIM,BOG,LIM,B737,2024-09-11,Baja,2,6,7,2
FLT006398,SCL,EZE,SCL,B737,2023-01-28,Alta_Verano,2,6,7,3
FLT006399,SCL,GRU,SCL,B787,2023-03-22,Baja,2,9,5,6
FLT006400,BOG,MIA,BOG,B737,2024-08-21,Alta_Invierno,2,4,4,6
FLT006401,GRU,MIA,GRU,B767,2023-02-19,Alta_Verano,2,6,7,5
FLT006402,SCL,BOG,SCL,B767,2024-07-24,Alta_Invierno,2,7,4,13
FLT006403,SCL,EZE,SCL,B737,2023-07-21,Alta_Invierno,2,6,8,3
FLT006404,EZE,GRU,EZE,B767,2024-01-03,Alta_Verano,2,6,5,8
FLT006405,SCL,MIA,SCL,B767,2023-01-21,Alta_Verano,2,6,3,5
FLT006406,BOG,MAD,BOG,A350,2023-12-29,Alta_Verano,2,12,7,3
FLT006407,BOG,MIA,BOG,B737,2022-11-03,Baja,2,4,3,12
FLT006408,SCL,MIA,SCL,A320,2024-07-05,Alta_Invierno,2,6,3,10
FLT006409,LIM,MIA,LIM,B737,2022-06-27,Alta_Invierno,2,6,4,3
FLT006410,SCL,MIA,SCL,B787,2022-07-15,Alta_Invierno,2,10,5,10
FLT006411,SCL,BOG,SCL,A350,2024-12-13,Alta_Verano,2,8,6,2
FLT006412,LIM,BOG,LIM,B787,2022-01-04,Alta_Verano,2,8,4,2
FLT006413,SCL,LIM,SCL,A320,2023-09-17,Baja,2,5,8,4
FLT006414,EZE,GRU,EZE,B737,2024-03-10,Baja,2,6,3,4
FLT006415,SCL,GRU,SCL,A320,2022-05-19,Baja,2,4,4,14
FLT006416,LIM,BOG,LIM,B767,2023-12-30,Alta_Verano,2,6,3,12
FLT006417,SCL,MIA,SCL,B737,2024-06-10,Alta_Invierno,2,4,3,3
FLT006418,SCL,BOG,SCL,B737,2023-01-26,Alta_Verano,2,4,4,5
FLT006419,SCL,EZE,SCL,A320,2023-12-02,Alta_Verano,2,5,3,4
FLT006420,BOG,MAD,BOG,A320,2022-01-04,Alta_Verano,2,4,6,8
FLT006421,EZE,GRU,EZE,B787,2022-07-23,Alta_Invierno,2,11,3,9
FLT006422,SCL,GRU,SCL,A320,2022-01-04,Alta_Verano,2,5,6,13
FLT006423,LIM,GRU,LIM,A320,2023-01-10,Alta_Verano,2,4,8,2
FLT006424,SCL,EZE,SCL,A320,2023-09-08,Baja,2,6,3,2
FLT006425,BOG,MIA,BOG,B767,2022-11-02,Baja,2,8,4,12
FLT006426,SCL,MIA,SCL,B737,2024-07-19,Alta_Invierno,2,4,6,5
FLT006427,SCL,GRU,SCL,B767,2024-01-30,Alta_Verano,2,8,4,4
FLT006428,LIM,BOG,LIM,B737,2024-04-12,Baja,2,6,3,11
FLT006429,GRU,MAD,GRU,A320,2023-01-02,Alta_Verano,2,4,3,5
FLT006430,SCL,MAD,SCL,A320,2023-01-12,Alta_Verano,2,4,6,4
FLT006431,SCL,EZE,SCL,B737,2024-05-25,Baja,2,5,4,14
FLT006432,LIM,GRU,LIM,B737,2022-01-01,Alta_Verano,2,6,8,11
FLT006433,GRU,MIA,GRU,B737,2023-04-26,Baja,2,5,6,12
FLT006434,SCL,LIM,SCL,B787,2024-08-30,Alta_Invierno,2,10,7,2
FLT006435,LIM,MIA,LIM,B787,2022-02-10,Alta_Verano,2,12,3,14
FLT006436,LIM,GRU,LIM,A320,2023-09-20,Baja,2,5,5,13
FLT006437,SCL,GRU,SCL,B767,2023-10-26,Baja,2,6,5,4
FLT006438,LIM,MIA,LIM,B737,2024-07-23,Alta_Invierno,2,6,4,
FLT006439,SCL,BOG,SCL,B737,2023-12-15,Alta_Verano,2,6,8,
FLT006440,BOG,MIA,BOG,A320,2024-09-03,Baja,2,4,3,
FLT006441,LIM,BOG,LIM,B787,2023-02-17,Alta_Verano,2,8,5,3
FLT006442,SCL,GRU,SCL,B767,2022-04-25,Baja,2,8,3,3
FLT006443,SCL,MAD,SCL,B767,2024-10-01,Baja,2,7,8,
FLT006444,SCL,GRU,SCL,A320,2024-04-14,Baja,2,4,8,5
FLT006445,LIM,GRU,LIM,B787,2022-02-08,Alta_Verano,2,12,6,6
FLT006446,SCL,MAD,SCL,A320,2023-10-11,Baja,2,6,8,7
FLT006447,SCL,MIA,SCL,B737,2022-12-16,Alta_Verano,2,5,4,5
FLT006448,BOG,MAD,BOG,A320,2024-09-15,Baja,2,4,5,7
FLT006449,LIM,GRU,LIM,B737,2023-11-10,Baja,2,5,4,7
FLT006450,LIM,MIA,LIM,B737,2023-11-02,Baja,2,6,7,5
FLT006451,SCL,GRU,SCL,B767,2022-10-21,Baja,2,6,6,8
FLT006452,GRU,MIA,GRU,B787,2023-07-02,Alta_Invierno,2,8,4,4
FLT006453,EZE,GRU,EZE,B737,2024-10-12,Baja,2,6,3,3
FLT006454,LIM,GRU,LIM,B737,2024-01-25,Alta_Verano,2,4,4,11
FLT006455,SCL,EZE,SCL,B767,2024-07-11,Alta_Invierno,2,6,7,4
FLT006456,SCL,MAD,SCL,B767,2022-01-14,Alta_Verano,2,6,7,12
FLT006457,LIM,BOG,LIM,A320,2023-07-30,Alta_Invierno,2,6,5,9
FLT006458,BOG,MIA,BOG,B737,2022-01-30,Alta_Verano,2,6,4,9
FLT006459,SCL,BOG,SCL,B787,2024-07-25,Alta_Invierno,2,9,7,7
FLT006460,SCL,BOG,SCL,B737,2024-08-01,Alta_Invierno,2,4,8,8
FLT006461,BOG,MAD,BOG,A320,2023-11-01,Baja,2,6,6,6
FLT006462,BOG,MAD,BOG,A320,2023-06-20,Alta_Invierno,2,6,7,14
FLT006463,SCL,LIM,SCL,B737,2024-01-26,Alta_Verano,2,5,7,11
FLT006464,GRU,MIA,GRU,B787,2024-07-04,Alta_Invierno,2,8,6,4
FLT006465,SCL,GRU,SCL,B737,2024-04-25,Baja,2,4,5,4
FLT006466,LIM,GRU,LIM,A320,2023-03-18,Baja,2,4,3,11
FLT006467,LIM,MIA,LIM,A320,2024-12-31,Alta_Verano,2,5,4,8
FLT006468,LIM,MIA,LIM,B737,2023-01-25,Alta_Verano,2,4,5,4
FLT006469,SCL,BOG,SCL,B737,2024-01-21,Alta_Verano,2,4,8,5
FLT006470,SCL,LIM,SCL,B787,2024-10-05,Baja,2,11,7,11
FLT006471,SCL,MIA,SCL,A320,2022-06-07,Alta_Invierno,2,5,4,5
FLT006472,SCL,JFK,SCL,B737,2024-01-30,Alta_Verano,2,4,6,7
FLT006473,LIM,GRU,LIM,B737,2023-01-24,Alta_Verano,2,6,7,8
FLT006474,GRU,MAD,GRU,B767,2022-09-23,Baja,2,6,8,
FLT006475,SCL,MIA,SCL,A320,2024-02-13,Alta_Verano,2,6,6,7
FLT006476,GRU,MAD,GRU,B787,2023-07-26,Alta_Invierno,2,8,7,5
FLT006477,SCL,GRU,SCL,B787,2024-01-20,Alta_Verano,2,12,6,6
FLT006478,GRU,MIA,GRU,B737,2023-01-31,Alta_Verano,2,4,8,5
FLT006479,SCL,MIA,SCL,B737,2024-12-14,Alta_Verano,2,6,5,2
FLT006480,SCL,BOG,SCL,A320,2023-11-17,Baja,2,4,8,4
FLT006481,LIM,BOG,LIM,B737,2022-01-05,Alta_Verano,2,5,4,13
FLT006482,SCL,JFK,SCL,B737,2023-02-04,Alta_Verano,2,5,7,10
FLT006483,LIM,BOG,LIM,A320,2023-11-03,Baja,2,5,5,10
FLT006484,SCL,JFK,SCL,A320,2022-02-10,Alta_Verano,2,4,4,8
FLT006485,EZE,GRU,EZE,A320,2023-06-25,Alta_Invierno,2,5,3,6
FLT006486,BOG,MIA,BOG,B787,2024-07-12,Alta_Invierno,2,11,8,13
FLT006487,BOG,MIA,BOG,A320,2022-07-07,Alta_Invierno,2,5,3,10
FLT006488,GRU,MAD,GRU,B737,2023-02-06,Alta_Verano,2,6,6,5
FLT006489,BOG,MAD,BOG,B787,2024-07-04,Alta_Invierno,2,9,5,8
FLT006490,LIM,GRU,LIM,A320,2022-01-08,Alta_Verano,2,6,3,7
FLT006491,LIM,MIA,LIM,A320,2023-07-12,Alta_Invierno,2,5,8,3
FLT006492,LIM,MIA,LIM,B767,2023-08-05,Alta_Invierno,2,6,5,5
FLT006493,GRU,MAD,GRU,B737,2022-07-13,Alta_Invierno,2,4,4,5
FLT006494,SCL,BOG,SCL,B767,2022-07-31,Alta_Invierno,2,7,8,3
FLT006495,GRU,MIA,GRU,A350,2024-05-28,Baja,2,9,6,
FLT006496,BOG,MIA,BOG,A350,2022-12-02,Alta_Verano,2,11,7,5
FLT006497,GRU,MAD,GRU,B787,2023-02-27,Alta_Verano,2,12,4,2
FLT006498,SCL,BOG,SCL,B737,2023-07-23,Alta_Invierno,2,6,7,13
FLT006499,SCL,GRU,SCL,B737,2024-01-15,Alta_Verano,2,5,5,4
FLT006500,LIM,BOG,LIM,B737,2024-07-03,Alta_Invierno,2,4,6,12
FLT006501,SCL,MAD,SCL,B737,2022-01-17,Alta_Verano,2,6,7,5
FLT006502,BOG,MIA,BOG,A350,2022-05-09,Baja,2,9,4,13
FLT006503,EZE,GRU,EZE,A350,2024-07-21,Alta_Invierno,2,8,4,14
FLT006504,LIM,GRU,LIM,A320,2022-10-14,Baja,2,6,5,7
FLT006505,EZE,GRU,EZE,B767,2024-01-26,Alta_Verano,2,8,8,
FLT006506,LIM,BOG,LIM,A320,2024-10-21,Baja,2,5,3,10
FLT006507,LIM,BOG,LIM,B767,2022-07-09,Alta_Invierno,2,8,5,10
FLT006508,BOG,MAD,BOG,A350,2022-07-17,Alta_Invierno,2,9,5,8
FLT006509,SCL,MIA,SCL,A320,2022-01-20,Alta_Verano,2,4,5,12
FLT006510,LIM,MIA,LIM,A320,2024-05-14,Baja,2,4,8,11
FLT006511,SCL,GRU,SCL,B737,2023-11-20,Baja,2,4,8,11
FLT006512,BOG,MIA,BOG,A320,2023-10-19,Baja,2,6,7,5
FLT006513,LIM,GRU,LIM,B787,2024-10-10,Baja,2,9,5,8
FLT006514,BOG,MAD,BOG,B787,2023-10-09,Baja,2,12,3,3
FLT006515,LIM,BOG,LIM,B787,2024-07-12,Alta_Invierno,2,8,6,5
FLT006516,SCL,JFK,SCL,B787,2024-07-19,Alta_Invierno,2,10,7,11
FLT006517,SCL,MAD,SCL,A350,2023-09-17,Baja,2,12,7,2
FLT006518,BOG,MAD,BOG,B737,2022-07-03,Alta_Invierno,2,4,6,8
FLT006519,GRU,MIA,GRU,B787,2024-02-18,Alta_Verano,2,10,4,6
FLT006520,SCL,EZE,SCL,B787,2022-07-28,Alta_Invierno,2,10,5,4
FLT006521,SCL,JFK,SCL,B737,2024-01-22,Alta_Verano,2,4,7,7
FLT006522,SCL,EZE,SCL,B787,2023-01-21,Alta_Verano,2,9,7,2
FLT006523,BOG,MAD,BOG,A350,2024-09-20,Baja,2,10,6,2
FLT006524,SCL,BOG,SCL,B767,2023-03-18,Baja,2,8,4,14
FLT006525,LIM,BOG,LIM,B737,2023-01-30,Alta_Verano,2,4,6,10
FLT006526,GRU,MAD,GRU,A320,2023-08-13,Alta_Invierno,2,4,4,4
FLT006527,SCL,GRU,SCL,A350,2022-09-10,Baja,2,10,6,6
FLT006528,SCL,GRU,SCL,B737,2023-07-08,Alta_Invierno,2,4,6,5
FLT006529,GRU,MIA,GRU,B767,2023-01-23,Alta_Verano,2,7,6,3
FLT006530,GRU,MAD,GRU,B737,2023-10-04,Baja,2,4,4,6
FLT006531,SCL,MAD,SCL,A320,2023-07-03,Alta_Invierno,2,6,6,3
FLT006532,SCL,JFK,SCL,B737,2023-01-04,Alta_Verano,2,6,3,5
FLT006533,GRU,MAD,GRU,A320,2023-08-21,Alta_Invierno,2,4,5,2
FLT006534,GRU,MIA,GRU,A320,2024-01-31,Alta_Verano,2,6,4,3
FLT006535,GRU,MAD,GRU,A320,2023-07-12,Alta_Invierno,2,4,7,3
FLT006536,SCL,JFK,SCL,B767,2024-01-18,Alta_Verano,2,7,3,3
FLT006537,SCL,LIM,SCL,B767,2022-07-20,Alta_Invierno,2,7,6,13
FLT006538,BOG,MAD,BOG,B737,2022-07-29,Alta_Invierno,2,4,4,5
FLT006539,LIM,GRU,LIM,B787,2024-02-10,Alta_Verano,2,8,5,
FLT006540,BOG,MAD,BOG,B737,2022-03-29,Baja,2,6,6,5
FLT006541,GRU,MAD,GRU,A320,2024-04-09,Baja,2,6,8,2
FLT006542,SCL,BOG,SCL,A350,2023-07-15,Alta_Invierno,2,11,3,5
FLT006543,LIM,GRU,LIM,A320,2024-01-16,Alta_Verano,2,4,4,3
FLT006544,SCL,MIA,SCL,A320,2023-12-05,Alta_Verano,2,6,3,7
FLT006545,BOG,MAD,BOG,B737,2022-01-18,Alta_Verano,2,6,8,2
FLT006546,SCL,LIM,SCL,B767,2022-11-05,Baja,2,6,6,3
FLT006547,LIM,MIA,LIM,B737,2024-05-17,Baja,2,4,4,5
FLT006548,SCL,EZE,SCL,B737,2024-12-25,Alta_Verano,2,5,7,10
FLT006549,LIM,GRU,LIM,B737,2022-06-06,Alta_Invierno,2,4,5,3
FLT006550,SCL,LIM,SCL,B767,2024-07-26,Alta_Invierno,2,6,7,4
FLT006551,SCL,MAD,SCL,B737,2022-02-27,Alta_Verano,2,4,5,2
FLT006552,BOG,MAD,BOG,B737,2023-07-12,Alta_Invierno,2,6,6,4
FLT006553,BOG,MAD,BOG,A320,2024-10-12,Baja,2,4,8,3
FLT006554,SCL,LIM,SCL,A320,2024-04-27,Baja,2,4,7,8
FLT006555,SCL,GRU,SCL,B787,2022-07-30,Alta_Invierno,2,8,3,2
FLT006556,SCL,JFK,SCL,A320,2023-07-22,Alta_Invierno,2,5,3,4
FLT006557,SCL,GRU,SCL,A320,2023-04-06,Baja,2,6,6,5
FLT006558,GRU,MAD,GRU,B787,2024-07-04,Alta_Invierno,2,10,7,3
FLT006559,BOG,MAD,BOG,B737,2022-08-12,Alta_Invierno,2,4,5,3
FLT006560,LIM,BOG,LIM,B737,2023-09-11,Baja,2,4,8,9
FLT006561,SCL,GRU,SCL,B737,2022-05-29,Baja,2,4,4,11
FLT006562,SCL,LIM,SCL,B767,2022-05-01,Baja,2,7,3,3
FLT006563,GRU,MIA,GRU,B767,2023-03-28,Baja,2,8,5,4
FLT006564,LIM,MIA,LIM,A320,2023-01-30,Alta_Verano,2,5,4,13
FLT006565,SCL,EZE,SCL,B787,2024-07-13,Alta_Invierno,2,8,8,12
FLT006566,SCL,LIM,SCL,A320,2022-06-18,Alta_Invierno,2,6,7,13
FLT006567,SCL,MIA,SCL,B787,2024-01-20,Alta_Verano,2,9,7,4
FLT006568,SCL,MIA,SCL,B737,2022-01-15,Alta_Verano,2,5,6,10
FLT006569,LIM,GRU,LIM,B767,2024-11-16,Baja,2,6,8,7
FLT006570,LIM,MIA,LIM,B787,2022-10-04,Baja,2,10,6,3
FLT006571,EZE,GRU,EZE,A320,2023-12-27,Alta_Verano,2,4,8,5
FLT006572,SCL,EZE,SCL,B737,2024-02-06,Alta_Verano,2,4,5,11
FLT006573,GRU,MAD,GRU,A320,2022-09-15,Baja,2,5,8,14
FLT006574,SCL,JFK,SCL,A320,2024-01-22,Alta_Verano,2,5,4,12
FLT006575,LIM,GRU,LIM,B767,2023-04-24,Baja,2,8,3,3
FLT006576,SCL,JFK,SCL,B737,2022-08-20,Alta_Invierno,2,5,7,5
FLT006577,GRU,MAD,GRU,A320,2022-07-24,Alta_Invierno,2,4,5,11
FLT006578,SCL,BOG,SCL,A320,2023-07-04,Alta_Invierno,2,4,3,
FLT006579,LIM,MIA,LIM,B767,2022-02-03,Alta_Verano,2,7,8,4
FLT006580,LIM,MIA,LIM,A320,2023-10-03,Baja,2,4,4,
FLT006581,GRU,MIA,GRU,B737,2022-01-12,Alta_Verano,2,6,3,5
FLT006582,LIM,GRU,LIM,B787,2022-11-26,Baja,2,12,6,6
FLT006583,SCL,GRU,SCL,B737,2023-02-08,Alta_Verano,2,5,3,7
FLT006584,GRU,MIA,GRU,B787,2023-08-03,Alta_Invierno,2,12,8,3
FLT006585,SCL,MAD,SCL,B737,2023-06-01,Alta_Invierno,2,4,4,14
FLT006586,SCL,MIA,SCL,B787,2024-01-27,Alta_Verano,2,10,5,5
FLT006587,SCL,BOG,SCL,A320,2023-01-07,Alta_Verano,2,4,5,8
FLT006588,GRU,MIA,GRU,A350,2022-01-02,Alta_Verano,2,10,4,6
FLT006589,SCL,EZE,SCL,B737,2024-06-25,Alta_Invierno,2,4,4,10
FLT006590,SCL,MAD,SCL,B737,2022-01-09,Alta_Verano,2,6,8,2
FLT006591,LIM,MIA,LIM,A320,2024-04-08,Baja,2,5,3,5
FLT006592,EZE,GRU,EZE,B767,2022-01-26,Alta_Verano,2,6,8,4
FLT006593,EZE,GRU,EZE,A320,2024-07-29,Alta_Invierno,2,4,7,4
FLT006594,GRU,MIA,GRU,B767,2022-01-03,Alta_Verano,2,6,6,
FLT006595,BOG,MAD,BOG,B767,2022-01-15,Alta_Verano,2,8,8,5
FLT006596,BOG,MIA,BOG,A320,2023-03-23,Baja,2,5,8,5
FLT006597,SCL,MIA,SCL,B737,2024-09-10,Baja,2,6,6,2
FLT006598,LIM,BOG,LIM,B737,2023-07-06,Alta_Invierno,2,5,3,12
FLT006599,EZE,GRU,EZE,B737,2022-01-17,Alta_Verano,2,6,4,4
FLT006600,LIM,MIA,LIM,B737,2024-07-01,Alta_Invierno,2,4,4,4
FLT006601,LIM,GRU,LIM,B737,2023-01-23,Alta_Verano,2,6,7,7
FLT006602,GRU,MIA,GRU,B787,2024-04-06,Baja,2,12,8,5
FLT006603,SCL,EZE,SCL,B767,2024-01-29,Alta_Verano,2,8,4,5
FLT006604,BOG,MAD,BOG,A320,2022-02-25,Alta_Verano,2,4,4,14
FLT006605,LIM,MIA,LIM,A320,2023-01-16,Alta_Verano,2,5,3,12
FLT006606,SCL,JFK,SCL,A320,2022-12-24,Alta_Verano,2,5,3,5
FLT006607,SCL,EZE,SCL,B787,2024-02-29,Alta_Verano,2,9,7,2
FLT006608,SCL,BOG,SCL,A350,2023-07-21,Alta_Invierno,2,9,8,3
FLT006609,SCL,EZE,SCL,A320,2022-09-21,Baja,2,5,8,4
FLT006610,GRU,MAD,GRU,A320,2023-01-04,Alta_Verano,2,4,6,14
FLT006611,SCL,MAD,SCL,B767,2022-08-12,Alta_Invierno,2,7,6,5
FLT006612,SCL,GRU,SCL,A320,2024-06-22,Alta_Invierno,2,4,6,5
FLT006613,SCL,LIM,SCL,B767,2022-01-23,Alta_Verano,2,8,4,5
FLT006614,LIM,MIA,LIM,B787,2023-11-07,Baja,2,10,3,3
FLT006615,BOG,MIA,BOG,A320,2022-05-13,Baja,2,4,6,13
FLT006616,SCL,MAD,SCL,B767,2023-01-15,Alta_Verano,2,6,6,5
FLT006617,SCL,EZE,SCL,A320,2022-01-08,Alta_Verano,2,4,6,7
FLT006618,SCL,EZE,SCL,B737,2022-05-07,Baja,2,5,5,6
FLT006619,SCL,MAD,SCL,B787,2022-05-29,Baja,2,11,3,2
FLT006620,EZE,GRU,EZE,B787,2024-04-10,Baja,2,11,5,7
FLT006621,EZE,GRU,EZE,A320,2023-07-24,Alta_Invierno,2,5,6,5
FLT006622,SCL,GRU,SCL,B767,2024-10-13,Baja,2,8,4,4
FLT006623,EZE,GRU,EZE,B737,2022-07-03,Alta_Invierno,2,5,8,3
FLT006624,GRU,MIA,GRU,B737,2024-11-22,Baja,2,4,8,5
FLT006625,BOG,MIA,BOG,A320,2022-01-17,Alta_Verano,2,4,7,14
FLT006626,EZE,GRU,EZE,A320,2023-04-02,Baja,2,4,3,11
FLT006627,SCL,LIM,SCL,A320,2023-03-04,Baja,2,6,7,3
FLT006628,LIM,GRU,LIM,B787,2022-04-21,Baja,2,10,8,9
FLT006629,SCL,JFK,SCL,A320,2023-09-12,Baja,2,5,8,14
FLT006630,SCL,GRU,SCL,B737,2022-07-23,Alta_Invierno,2,4,4,11
FLT006631,BOG,MAD,BOG,B787,2023-03-25,Baja,2,10,5,3
FLT006632,BOG,MAD,BOG,A320,2023-05-06,Baja,2,4,7,5
FLT006633,SCL,MAD,SCL,A320,2022-12-23,Alta_Verano,2,5,4,7
FLT006634,LIM,MIA,LIM,A320,2024-06-25,Alta_Invierno,2,5,7,5
FLT006635,SCL,MIA,SCL,A320,2022-07-13,Alta_Invierno,2,5,8,5
FLT006636,GRU,MIA,GRU,B767,2024-02-04,Alta_Verano,2,6,5,5
FLT006637,GRU,MIA,GRU,A320,2022-01-27,Alta_Verano,2,4,5,5
FLT006638,SCL,LIM,SCL,A320,2022-05-30,Baja,2,6,5,
FLT006639,BOG,MAD,BOG,A320,2023-01-04,Alta_Verano,2,4,6,10
FLT006640,LIM,GRU,LIM,B787,2022-06-19,Alta_Invierno,2,12,7,5
FLT006641,SCL,BOG,SCL,B787,2024-07-01,Alta_Invierno,2,8,3,2
FLT006642,SCL,MAD,SCL,A350,2023-05-25,Baja,2,11,8,8
FLT006643,LIM,BOG,LIM,A320,2024-08-22,Alta_Invierno,2,5,3,8
FLT006644,SCL,MIA,SCL,A320,2022-12-10,Alta_Verano,2,5,8,3
FLT006645,SCL,JFK,SCL,A320,2024-10-09,Baja,2,5,3,8
FLT006646,LIM,BOG,LIM,A320,2024-02-22,Alta_Verano,2,6,3,4
FLT006647,GRU,MAD,GRU,A320,2023-06-26,Alta_Invierno,2,5,4,4
FLT006648,SCL,GRU,SCL,B737,2024-09-25,Baja,2,6,8,5
FLT006649,SCL,GRU,SCL,B767,2022-07-04,Alta_Invierno,2,8,8,8
FLT006650,SCL,EZE,SCL,B787,2022-09-01,Baja,2,10,7,10
FLT006651,GRU,MIA,GRU,B787,2022-08-18,Alta_Invierno,2,12,4,4
FLT006652,BOG,MAD,BOG,B767,2022-01-23,Alta_Verano,2,7,3,2
FLT006653,SCL,LIM,SCL,A350,2023-03-23,Baja,2,10,8,3
FLT006654,GRU,MIA,GRU,A320,2024-11-24,Baja,2,6,3,11
FLT006655,SCL,MIA,SCL,A320,2024-08-09,Alta_Invierno,2,5,5,3
FLT006656,GRU,MAD,GRU,B787,2024-02-06,Alta_Verano,2,8,6,2
FLT006657,EZE,GRU,EZE,A320,2024-02-11,Alta_Verano,2,4,4,6
FLT006658,SCL,LIM,SCL,B767,2023-01-23,Alta_Verano,2,8,5,10
FLT006659,LIM,BOG,LIM,A320,2023-06-06,Alta_Invierno,2,5,6,11
FLT006660,BOG,MAD,BOG,A320,2022-03-19,Baja,2,6,5,11
FLT006661,BOG,MIA,BOG,B767,2023-01-25,Alta_Verano,2,8,7,2
FLT006662,SCL,GRU,SCL,B767,2024-01-10,Alta_Verano,2,8,8,5
FLT006663,GRU,MAD,GRU,B787,2024-08-28,Alta_Invierno,2,11,6,2
FLT006664,SCL,BOG,SCL,A320,2022-07-23,Alta_Invierno,2,4,7,5
FLT006665,SCL,LIM,SCL,A350,2023-09-10,Baja,2,11,4,4
FLT006666,BOG,MIA,BOG,B767,2023-04-04,Baja,2,7,7,8
FLT006667,EZE,GRU,EZE,B787,2024-07-27,Alta_Invierno,2,10,4,4
FLT006668,SCL,GRU,SCL,B737,2023-01-02,Alta_Verano,2,4,4,2
FLT006669,SCL,EZE,SCL,B737,2023-07-18,Alta_Invierno,2,6,6,3
FLT006670,SCL,EZE,SCL,B737,2022-07-15,Alta_Invierno,2,5,6,5
FLT006671,SCL,BOG,SCL,A350,2023-01-27,Alta_Verano,2,12,6,13
FLT006672,SCL,GRU,SCL,B737,2023-04-01,Baja,2,5,3,7
FLT006673,BOG,MIA,BOG,B787,2024-04-09,Baja,2,9,5,3
FLT006674,LIM,GRU,LIM,A320,2022-01-12,Alta_Verano,2,5,5,
FLT006675,GRU,MAD,GRU,B737,2023-09-12,Baja,2,5,5,14
FLT006676,BOG,MAD,BOG,B737,2023-02-14,Alta_Verano,2,4,7,5
FLT006677,BOG,MIA,BOG,A350,2022-05-11,Baja,2,10,5,5
FLT006678,GRU,MIA,GRU,B737,2022-06-22,Alta_Invierno,2,5,5,7
FLT006679,GRU,MIA,GRU,B787,2023-07-11,Alta_Invierno,2,9,4,14
FLT006680,SCL,JFK,SCL,B737,2022-11-22,Baja,2,4,6,13
FLT006681,GRU,MAD,GRU,A320,2023-09-28,Baja,2,4,7,5
FLT006682,SCL,EZE,SCL,A350,2023-06-07,Alta_Invierno,2,12,7,
FLT006683,EZE,GRU,EZE,A350,2022-10-05,Baja,2,11,5,14
FLT006684,SCL,BOG,SCL,B737,2024-01-17,Alta_Verano,2,6,7,2
FLT006685,SCL,LIM,SCL,A320,2024-10-27,Baja,2,4,8,10
FLT006686,LIM,GRU,LIM,B737,2023-01-06,Alta_Verano,2,5,6,8
FLT006687,GRU,MAD,GRU,B737,2024-12-16,Alta_Verano,2,6,8,3
FLT006688,LIM,MIA,LIM,B737,2024-03-13,Baja,2,4,7,5
FLT006689,SCL,MAD,SCL,A320,2022-12-16,Alta_Verano,2,6,5,8
FLT006690,GRU,MIA,GRU,B737,2022-05-07,Baja,2,5,5,3
FLT006691,GRU,MAD,GRU,B737,2022-07-14,Alta_Invierno,2,5,4,11
FLT006692,SCL,MAD,SCL,B787,2023-12-12,Alta_Verano,2,10,7,12
FLT006693,SCL,GRU,SCL,B737,2023-11-15,Baja,2,5,4,10
FLT006694,SCL,GRU,SCL,B737,2023-01-08,Alta_Verano,2,5,3,7
FLT006695,LIM,MIA,LIM,B737,2023-07-27,Alta_Invierno,2,4,4,3
FLT006696,SCL,MAD,SCL,B787,2022-03-01,Baja,2,11,5,4
FLT006697,EZE,GRU,EZE,B737,2022-07-18,Alta_Invierno,2,4,3,5
FLT006698,SCL,JFK,SCL,A320,2022-11-20,Baja,2,6,5,13
FLT006699,SCL,LIM,SCL,B787,2024-02-02,Alta_Verano,2,10,3,14
FLT006700,GRU,MIA,GRU,B737,2022-01-28,Alta_Verano,2,4,4,4
FLT006701,SCL,MIA,SCL,B787,2022-06-24,Alta_Invierno,2,12,3,5
FLT006702,GRU,MIA,GRU,B767,2023-07-21,Alta_Invierno,2,7,6,5
FLT006703,LIM,GRU,LIM,B737,2022-11-10,Baja,2,6,3,11
FLT006704,SCL,BOG,SCL,B737,2023-07-01,Alta_Invierno,2,5,5,5
FLT006705,SCL,GRU,SCL,B737,2022-04-16,Baja,2,4,8,13
FLT006706,BOG,MIA,BOG,B737,2024-07-20,Alta_Invierno,2,5,7,6
FLT006707,LIM,MIA,LIM,B787,2023-03-01,Baja,2,9,4,4
FLT006708,EZE,GRU,EZE,B737,2022-01-30,Alta_Verano,2,5,6,4
FLT006709,LIM,GRU,LIM,B767,2022-07-27,Alta_Invierno,2,8,4,4
FLT006710,BOG,MIA,BOG,A320,2024-10-31,Baja,2,4,3,4
FLT006711,SCL,MAD,SCL,B737,2022-10-12,Baja,2,5,4,6
FLT006712,GRU,MIA,GRU,B767,2022-12-06,Alta_Verano,2,6,3,8
FLT006713,SCL,JFK,SCL,A320,2023-05-02,Baja,2,4,3,6
FLT006714,SCL,LIM,SCL,A350,2022-02-07,Alta_Verano,2,10,7,5
FLT006715,SCL,MIA,SCL,A320,2023-09-16,Baja,2,6,4,3
FLT006716,SCL,MAD,SCL,A320,2024-07-24,Alta_Invierno,2,6,7,2
FLT006717,EZE,GRU,EZE,B787,2024-07-28,Alta_Invierno,2,10,5,4
FLT006718,LIM,MIA,LIM,A320,2024-01-26,Alta_Verano,2,4,3,5
FLT006719,GRU,MAD,GRU,A320,2022-10-05,Baja,2,5,5,2
FLT006720,BOG,MIA,BOG,A350,2024-01-04,Alta_Verano,2,12,5,
FLT006721,GRU,MIA,GRU,B767,2023-07-02,Alta_Invierno,2,8,6,3
FLT006722,BOG,MIA,BOG,B737,2023-07-04,Alta_Invierno,2,5,3,4
FLT006723,SCL,LIM,SCL,A320,2022-04-11,Baja,2,5,8,4
FLT006724,SCL,EZE,SCL,B767,2023-12-13,Alta_Verano,2,8,4,10
FLT006725,BOG,MIA,BOG,B737,2024-01-12,Alta_Verano,2,5,7,2
FLT006726,LIM,MIA,LIM,B787,2024-08-04,Alta_Invierno,2,12,5,7
FLT006727,LIM,MIA,LIM,B767,2024-06-07,Alta_Invierno,2,7,5,4
FLT006728,SCL,MIA,SCL,B767,2022-01-29,Alta_Verano,2,8,5,3
FLT006729,LIM,GRU,LIM,B787,2024-01-12,Alta_Verano,2,12,5,10
FLT006730,LIM,MIA,LIM,A320,2024-03-01,Baja,2,6,5,13
FLT006731,GRU,MIA,GRU,B767,2022-01-18,Alta_Verano,2,6,7,
FLT006732,SCL,MAD,SCL,B737,2022-08-23,Alta_Invierno,2,4,8,5
FLT006733,SCL,MIA,SCL,B787,2023-04-06,Baja,2,12,5,4
FLT006734,SCL,MIA,SCL,B737,2022-08-06,Alta_Invierno,2,6,7,
FLT006735,BOG,MAD,BOG,B737,2022-10-12,Baja,2,4,6,9
FLT006736,SCL,EZE,SCL,A320,2024-01-29,Alta_Verano,2,5,8,5
FLT006737,GRU,MAD,GRU,A320,2022-09-22,Baja,2,4,6,3
FLT006738,SCL,JFK,SCL,B737,2022-10-21,Baja,2,4,3,4
FLT006739,GRU,MAD,GRU,B787,2023-11-21,Baja,2,12,3,10
FLT006740,SCL,LIM,SCL,A350,2022-12-03,Alta_Verano,2,11,3,6
FLT006741,SCL,GRU,SCL,B767,2023-07-18,Alta_Invierno,2,8,3,4
FLT006742,GRU,MIA,GRU,B737,2022-09-17,Baja,2,4,6,7
FLT006743,SCL,JFK,SCL,A350,2023-10-08,Baja,2,11,8,14
FLT006744,LIM,MIA,LIM,B787,2022-07-09,Alta_Invierno,2,10,6,13
FLT006745,SCL,MIA,SCL,B737,2023-11-28,Baja,2,5,7,4
FLT006746,SCL,GRU,SCL,B787,2024-06-26,Alta_Invierno,2,11,6,4
FLT006747,LIM,GRU,LIM,B737,2022-06-26,Alta_Invierno,2,4,6,8
FLT006748,GRU,MAD,GRU,B737,2022-03-22,Baja,2,5,6,4
FLT006749,SCL,MAD,SCL,A320,2023-04-19,Baja,2,4,3,4
FLT006750,SCL,MIA,SCL,B767,2022-01-05,Alta_Verano,2,7,3,3
FLT006751,SCL,LIM,SCL,B737,2022-05-30,Baja,2,6,8,2
FLT006752,GRU,MAD,GRU,B767,2022-06-12,Alta_Invierno,2,8,4,8
FLT006753,LIM,MIA,LIM,B737,2024-07-04,Alta_Invierno,2,5,6,
FLT006754,BOG,MIA,BOG,B737,2024-10-19,Baja,2,5,5,5
FLT006755,SCL,JFK,SCL,B787,2024-02-17,Alta_Verano,2,11,6,10
FLT006756,EZE,GRU,EZE,B737,2024-11-24,Baja,2,5,7,3
FLT006757,BOG,MAD,BOG,A320,2023-11-30,Baja,2,6,3,8
FLT006758,SCL,MAD,SCL,B767,2023-09-03,Baja,2,7,3,2
FLT006759,SCL,MAD,SCL,A320,2023-07-18,Alta_Invierno,2,6,4,2
FLT006760,BOG,MIA,BOG,A320,2024-06-24,Alta_Invierno,2,6,5,2
FLT006761,LIM,BOG,LIM,B787,2023-01-08,Alta_Verano,2,11,7,3
FLT006762,BOG,MIA,BOG,B787,2023-10-04,Baja,2,12,6,10
FLT006763,SCL,BOG,SCL,A320,2022-01-24,Alta_Verano,2,6,6,5
FLT006764,SCL,MAD,SCL,A320,2023-06-07,Alta_Invierno,2,4,5,7
FLT006765,SCL,MAD,SCL,B737,2024-08-29,Alta_Invierno,2,6,5,7
FLT006766,EZE,GRU,EZE,B737,2024-07-23,Alta_Invierno,2,6,3,12
FLT006767,EZE,GRU,EZE,B787,2022-10-30,Baja,2,10,4,4
FLT006768,SCL,JFK,SCL,A320,2024-08-18,Alta_Invierno,2,5,8,14
FLT006769,SCL,LIM,SCL,A350,2022-05-09,Baja,2,9,7,5
FLT006770,SCL,JFK,SCL,B767,2022-07-12,Alta_Invierno,2,8,6,8
FLT006771,GRU,MAD,GRU,B787,2022-07-01,Alta_Invierno,2,11,8,5
FLT006772,GRU,MIA,GRU,A320,2022-03-08,Baja,2,6,6,11
FLT006773,LIM,MIA,LIM,B787,2022-01-27,Alta_Verano,2,10,6,10
FLT006774,LIM,BOG,LIM,B767,2022-01-04,Alta_Verano,2,8,6,3
FLT006775,EZE,GRU,EZE,B737,2022-07-22,Alta_Invierno,2,5,7,6
FLT006776,SCL,EZE,SCL,B737,2023-01-06,Alta_Verano,2,5,8,4
FLT006777,EZE,GRU,EZE,A320,2024-10-13,Baja,2,5,8,6
FLT006778,BOG,MAD,BOG,B737,2023-06-05,Alta_Invierno,2,5,7,4
FLT006779,LIM,BOG,LIM,A320,2023-07-27,Alta_Invierno,2,4,5,7
FLT006780,BOG,MIA,BOG,B787,2023-01-04,Alta_Verano,2,8,4,11
FLT006781,SCL,LIM,SCL,A320,2023-10-22,Baja,2,5,6,2
FLT006782,SCL,JFK,SCL,A320,2024-12-26,Alta_Verano,2,5,8,5
FLT006783,SCL,EZE,SCL,B787,2024-07-26,Alta_Invierno,2,10,7,6
FLT006784,LIM,GRU,LIM,B737,2023-10-03,Baja,2,4,3,3
FLT006785,LIM,MIA,LIM,A320,2023-03-30,Baja,2,6,6,13
FLT006786,BOG,MIA,BOG,A350,2022-07-30,Alta_Invierno,2,9,7,8
FLT006787,EZE,GRU,EZE,A350,2022-03-01,Baja,2,12,6,9
FLT006788,BOG,MIA,BOG,B787,2024-07-04,Alta_Invierno,2,10,6,5
FLT006789,BOG,MAD,BOG,B737,2024-09-26,Baja,2,4,7,5
FLT006790,SCL,BOG,SCL,B737,2023-07-20,Alta_Invierno,2,6,3,3
FLT006791,BOG,MIA,BOG,B737,2022-07-27,Alta_Invierno,2,6,8,2
FLT006792,SCL,MIA,SCL,B787,2024-04-18,Baja,2,9,5,2
FLT006793,SCL,BOG,SCL,B737,2024-07-11,Alta_Invierno,2,5,4,8
FLT006794,GRU,MIA,GRU,B737,2023-11-12,Baja,2,6,6,6
FLT006795,SCL,GRU,SCL,B787,2022-07-24,Alta_Invierno,2,10,3,5
FLT006796,LIM,GRU,LIM,A320,2023-07-20,Alta_Invierno,2,6,4,5
FLT006797,SCL,EZE,SCL,B787,2022-11-10,Baja,2,8,6,9
FLT006798,GRU,MAD,GRU,A350,2022-07-19,Alta_Invierno,2,8,5,2
FLT006799,SCL,MAD,SCL,B767,2023-07-03,Alta_Invierno,2,8,7,6
FLT006800,BOG,MIA,BOG,A320,2023-03-01,Baja,2,4,4,5
FLT006801,LIM,BOG,LIM,A320,2024-03-23,Baja,2,6,3,4
FLT006802,LIM,BOG,LIM,B787,2023-08-14,Alta_Invierno,2,9,5,11
FLT006803,GRU,MIA,GRU,A350,2022-05-04,Baja,2,10,7,4
FLT006804,SCL,MIA,SCL,B767,2022-07-19,Alta_Invierno,2,7,4,6
FLT006805,LIM,GRU,LIM,A320,2022-05-31,Baja,2,5,8,13
FLT006806,SCL,BOG,SCL,B767,2022-11-12,Baja,2,6,4,5
FLT006807,SCL,EZE,SCL,B767,2023-10-01,Baja,2,6,4,7
FLT006808,LIM,GRU,LIM,B737,2023-04-15,Baja,2,4,8,3
FLT006809,LIM,GRU,LIM,B737,2024-07-18,Alta_Invierno,2,4,4,5
FLT006810,SCL,JFK,SCL,B767,2023-07-20,Alta_Invierno,2,6,3,3
FLT006811,SCL,GRU,SCL,B737,2022-01-18,Alta_Verano,2,6,4,2
FLT006812,BOG,MAD,BOG,B787,2024-11-26,Baja,2,9,7,2
FLT006813,LIM,GRU,LIM,B767,2024-01-08,Alta_Verano,2,7,4,11
FLT006814,LIM,MIA,LIM,A320,2023-08-23,Alta_Invierno,2,4,4,2
FLT006815,SCL,MIA,SCL,B737,2023-08-19,Alta_Invierno,2,6,5,5
FLT006816,LIM,GRU,LIM,B737,2022-11-14,Baja,2,6,5,8
FLT006817,EZE,GRU,EZE,B737,2022-07-13,Alta_Invierno,2,5,3,11
FLT006818,SCL,EZE,SCL,B737,2024-03-05,Baja,2,6,5,3
FLT006819,BOG,MIA,BOG,B767,2023-07-26,Alta_Invierno,2,7,7,12
FLT006820,BOG,MAD,BOG,B737,2022-01-20,Alta_Verano,2,6,7,4
FLT006821,BOG,MIA,BOG,B737,2023-01-10,Alta_Verano,2,6,5,6
FLT006822,GRU,MAD,GRU,B737,2024-06-12,Alta_Invierno,2,4,3,3
FLT006823,SCL,EZE,SCL,B737,2023-10-09,Baja,2,4,6,5
FLT006824,SCL,GRU,SCL,A320,2022-08-27,Alta_Invierno,2,5,5,3
FLT006825,GRU,MIA,GRU,B767,2022-07-05,Alta_Invierno,2,6,3,9
FLT006826,SCL,MAD,SCL,B737,2024-04-08,Baja,2,4,3,11
FLT006827,SCL,MIA,SCL,B787,2022-12-19,Alta_Verano,2,10,6,5
FLT006828,SCL,MIA,SCL,A320,2024-04-28,Baja,2,5,7,2
FLT006829,LIM,GRU,LIM,B787,2024-03-18,Baja,2,11,7,3
FLT006830,SCL,MAD,SCL,A320,2022-07-16,Alta_Invierno,2,5,3,4
FLT006831,LIM,GRU,LIM,A350,2023-02-19,Alta_Verano,2,8,7,9
FLT006832,SCL,GRU,SCL,B737,2023-07-13,Alta_Invierno,2,6,3,2
FLT006833,SCL,JFK,SCL,B787,2023-03-04,Baja,2,11,7,6
FLT006834,SCL,MAD,SCL,B787,2024-01-07,Alta_Verano,2,12,6,9
FLT006835,SCL,LIM,SCL,B737,2022-05-28,Baja,2,6,4,2
FLT006836,SCL,EZE,SCL,B737,2022-04-04,Baja,2,4,4,11
FLT006837,GRU,MIA,GRU,B767,2022-08-15,Alta_Invierno,2,8,3,2
FLT006838,GRU,MAD,GRU,B737,2023-03-19,Baja,2,5,3,
FLT006839,GRU,MIA,GRU,B767,2022-09-14,Baja,2,6,4,13
FLT006840,SCL,LIM,SCL,B737,2024-01-06,Alta_Verano,2,4,7,10
FLT006841,SCL,MIA,SCL,A350,2024-06-30,Alta_Invierno,2,11,4,2
FLT006842,LIM,BOG,LIM,B787,2023-11-14,Baja,2,12,7,9
FLT006843,LIM,MIA,LIM,B737,2022-11-03,Baja,2,4,6,6
FLT006844,BOG,MIA,BOG,A350,2022-10-03,Baja,2,12,4,11
FLT006845,EZE,GRU,EZE,A320,2024-06-16,Alta_Invierno,2,5,3,13
FLT006846,BOG,MIA,BOG,B737,2024-07-06,Alta_Invierno,2,6,4,8
FLT006847,GRU,MIA,GRU,A350,2023-07-07,Alta_Invierno,2,11,3,5
FLT006848,SCL,BOG,SCL,A320,2024-01-18,Alta_Verano,2,4,4,10
FLT006849,SCL,JFK,SCL,B787,2023-01-25,Alta_Verano,2,10,5,4
FLT006850,EZE,GRU,EZE,B787,2024-10-21,Baja,2,12,6,5
FLT006851,LIM,BOG,LIM,A320,2024-06-07,Alta_Invierno,2,4,3,5
FLT006852,BOG,MIA,BOG,A320,2022-01-27,Alta_Verano,2,4,5,8
FLT006853,BOG,MAD,BOG,A320,2024-03-10,Baja,2,6,6,4
FLT006854,LIM,GRU,LIM,B767,2024-12-23,Alta_Verano,2,7,4,4
FLT006855,SCL,MIA,SCL,A320,2022-08-23,Alta_Invierno,2,5,5,4
FLT006856,BOG,MAD,BOG,A320,2024-07-14,Alta_Invierno,2,4,7,9
FLT006857,SCL,LIM,SCL,B767,2024-07-04,Alta_Invierno,2,7,8,
FLT006858,SCL,JFK,SCL,B767,2022-07-14,Alta_Invierno,2,7,6,4
FLT006859,SCL,MAD,SCL,B787,2024-11-19,Baja,2,11,4,5
FLT006860,SCL,GRU,SCL,A350,2022-10-11,Baja,2,9,5,
FLT006861,SCL,MAD,SCL,B737,2024-08-06,Alta_Invierno,2,5,6,13
FLT006862,BOG,MAD,BOG,A350,2024-04-23,Baja,2,11,6,7
FLT006863,GRU,MAD,GRU,A320,2023-01-13,Alta_Verano,2,6,5,5
FLT006864,SCL,GRU,SCL,A320,2024-04-07,Baja,2,6,7,4
FLT006865,BOG,MIA,BOG,A320,2024-01-20,Alta_Verano,2,6,5,2
FLT006866,SCL,EZE,SCL,B767,2022-10-02,Baja,2,8,4,7
FLT006867,SCL,EZE,SCL,A350,2024-02-25,Alta_Verano,2,11,7,12
FLT006868,SCL,EZE,SCL,B767,2022-11-16,Baja,2,7,5,3
FLT006869,SCL,LIM,SCL,B737,2023-09-22,Baja,2,6,3,11
FLT006870,GRU,MAD,GRU,B767,2022-02-08,Alta_Verano,2,7,8,14
FLT006871,SCL,JFK,SCL,B737,2024-11-19,Baja,2,6,5,9
FLT006872,GRU,MIA,GRU,B767,2022-05-19,Baja,2,6,6,5
FLT006873,BOG,MAD,BOG,B737,2023-03-06,Baja,2,6,6,10
FLT006874,SCL,JFK,SCL,A320,2022-04-21,Baja,2,5,7,5
FLT006875,GRU,MAD,GRU,A320,2022-07-23,Alta_Invierno,2,5,4,11
FLT006876,SCL,LIM,SCL,A320,2024-01-31,Alta_Verano,2,6,6,2
FLT006877,LIM,BOG,LIM,B737,2023-08-31,Alta_Invierno,2,4,3,9
FLT006878,LIM,BOG,LIM,B737,2022-07-15,Alta_Invierno,2,5,6,2
FLT006879,LIM,GRU,LIM,B737,2024-07-17,Alta_Invierno,2,6,5,10
FLT006880,SCL,GRU,SCL,A350,2023-04-30,Baja,2,11,5,5
FLT006881,EZE,GRU,EZE,A320,2023-01-02,Alta_Verano,2,5,5,5
FLT006882,SCL,GRU,SCL,A320,2024-08-29,Alta_Invierno,2,5,6,5
FLT006883,SCL,MAD,SCL,B737,2024-05-11,Baja,2,4,7,7
FLT006884,LIM,MIA,LIM,A320,2023-12-27,Alta_Verano,2,4,8,2
FLT006885,LIM,GRU,LIM,B737,2024-07-28,Alta_Invierno,2,5,8,11
FLT006886,GRU,MAD,GRU,B767,2024-10-01,Baja,2,6,5,12
FLT006887,SCL,JFK,SCL,A320,2024-12-03,Alta_Verano,2,5,8,3
FLT006888,LIM,MIA,LIM,B767,2023-10-19,Baja,2,6,4,8
FLT006889,LIM,MIA,LIM,B787,2022-02-23,Alta_Verano,2,12,3,4
FLT006890,SCL,LIM,SCL,A320,2022-11-20,Baja,2,5,5,3
FLT006891,SCL,MAD,SCL,B737,2024-07-28,Alta_Invierno,2,6,4,3
FLT006892,LIM,MIA,LIM,B787,2024-01-13,Alta_Verano,2,10,5,5
FLT006893,SCL,EZE,SCL,A320,2023-12-31,Alta_Verano,2,4,3,12
FLT006894,SCL,MAD,SCL,B737,2022-10-19,Baja,2,6,6,4
FLT006895,LIM,GRU,LIM,A320,2024-07-16,Alta_Invierno,2,5,4,4
FLT006896,EZE,GRU,EZE,B737,2023-01-13,Alta_Verano,2,5,4,4
FLT006897,LIM,MIA,LIM,A320,2024-10-16,Baja,2,6,6,5
FLT006898,GRU,MIA,GRU,B737,2024-07-03,Alta_Invierno,2,6,6,2
FLT006899,SCL,LIM,SCL,B787,2023-07-05,Alta_Invierno,2,11,6,13
FLT006900,LIM,MIA,LIM,A320,2023-02-17,Alta_Verano,2,4,8,2
FLT006901,LIM,GRU,LIM,A320,2023-03-07,Baja,2,5,8,3
FLT006902,SCL,LIM,SCL,A350,2024-12-01,Alta_Verano,2,12,6,2
FLT006903,SCL,JFK,SCL,A320,2023-01-13,Alta_Verano,2,5,6,3
FLT006904,LIM,GRU,LIM,A350,2022-04-12,Baja,2,10,8,6
FLT006905,BOG,MAD,BOG,A320,2023-07-06,Alta_Invierno,2,4,8,13
FLT006906,SCL,BOG,SCL,A320,2022-10-20,Baja,2,5,7,10
FLT006907,SCL,MAD,SCL,B767,2024-01-06,Alta_Verano,2,8,8,5
FLT006908,SCL,LIM,SCL,A320,2024-01-15,Alta_Verano,2,5,5,4
FLT006909,GRU,MAD,GRU,B737,2024-12-13,Alta_Verano,2,5,6,5
FLT006910,GRU,MAD,GRU,A320,2023-03-06,Baja,2,4,8,2
FLT006911,LIM,BOG,LIM,B737,2024-11-27,Baja,2,4,5,7
FLT006912,SCL,MIA,SCL,A320,2022-09-19,Baja,2,5,8,2
FLT006913,LIM,MIA,LIM,A350,2022-06-14,Alta_Invierno,2,8,6,
FLT006914,GRU,MAD,GRU,B737,2023-11-16,Baja,2,4,6,2
FLT006915,LIM,MIA,LIM,A350,2023-05-29,Baja,2,9,3,3
FLT006916,LIM,MIA,LIM,B767,2023-04-01,Baja,2,8,7,7
FLT006917,LIM,BOG,LIM,B737,2024-10-28,Baja,2,4,6,8
FLT006918,SCL,JFK,SCL,B787,2022-12-31,Alta_Verano,2,10,7,13
FLT006919,LIM,BOG,LIM,B737,2023-05-28,Baja,2,6,6,5
FLT006920,SCL,EZE,SCL,A320,2022-02-17,Alta_Verano,2,5,7,7
FLT006921,SCL,GRU,SCL,B787,2024-11-08,Baja,2,10,4,3
FLT006922,BOG,MIA,BOG,B737,2024-12-08,Alta_Verano,2,4,3,13
FLT006923,SCL,MIA,SCL,B787,2024-04-21,Baja,2,12,8,4
FLT006924,BOG,MIA,BOG,A320,2023-05-29,Baja,2,5,4,13
FLT006925,SCL,MIA,SCL,A320,2024-06-30,Alta_Invierno,2,5,3,4
FLT006926,SCL,MAD,SCL,A350,2023-05-16,Baja,2,12,3,12
FLT006927,LIM,MIA,LIM,A320,2023-06-13,Alta_Invierno,2,6,4,5
FLT006928,SCL,LIM,SCL,B787,2024-10-11,Baja,2,12,5,2
FLT006929,LIM,MIA,LIM,A320,2022-09-02,Baja,2,4,5,2
FLT006930,SCL,MAD,SCL,B787,2023-01-26,Alta_Verano,2,11,6,13
FLT006931,BOG,MAD,BOG,A320,2024-01-26,Alta_Verano,2,4,7,2
FLT006932,LIM,BOG,LIM,B767,2024-03-13,Baja,2,8,7,
FLT006933,SCL,BOG,SCL,B787,2022-01-09,Alta_Verano,2,10,6,5
FLT006934,SCL,GRU,SCL,A320,2022-11-19,Baja,2,4,4,14
FLT006935,EZE,GRU,EZE,B737,2022-10-10,Baja,2,5,5,5
FLT006936,SCL,JFK,SCL,B787,2023-02-27,Alta_Verano,2,9,8,4
FLT006937,SCL,MAD,SCL,A350,2023-07-24,Alta_Invierno,2,8,5,14
FLT006938,SCL,MAD,SCL,B767,2023-01-20,Alta_Verano,2,6,8,5
FLT006939,GRU,MAD,GRU,B787,2024-07-12,Alta_Invierno,2,11,6,2
FLT006940,EZE,GRU,EZE,B787,2023-05-22,Baja,2,11,5,14
FLT006941,LIM,BOG,LIM,B737,2023-04-29,Baja,2,6,7,3
FLT006942,BOG,MAD,BOG,B767,2022-07-21,Alta_Invierno,2,6,8,9
FLT006943,SCL,MAD,SCL,A320,2022-09-23,Baja,2,4,8,13
FLT006944,SCL,JFK,SCL,A320,2024-01-07,Alta_Verano,2,6,3,6
FLT006945,SCL,JFK,SCL,B737,2023-07-01,Alta_Invierno,2,4,6,2
FLT006946,BOG,MAD,BOG,B737,2024-01-20,Alta_Verano,2,5,3,6
FLT006947,SCL,JFK,SCL,A320,2024-07-11,Alta_Invierno,2,4,7,
FLT006948,SCL,LIM,SCL,A350,2023-01-09,Alta_Verano,2,12,3,4
FLT006949,SCL,MIA,SCL,A320,2023-01-25,Alta_Verano,2,5,8,2
FLT006950,LIM,MIA,LIM,A350,2022-01-18,Alta_Verano,2,8,6,5
FLT006951,EZE,GRU,EZE,B787,2024-04-07,Baja,2,11,8,10
FLT006952,LIM,BOG,LIM,B767,2023-08-12,Alta_Invierno,2,8,7,2
FLT006953,GRU,MAD,GRU,B787,2023-10-02,Baja,2,8,8,4
FLT006954,BOG,MAD,BOG,A320,2023-02-25,Alta_Verano,2,4,6,10
FLT006955,LIM,GRU,LIM,B767,2023-10-21,Baja,2,8,4,6
FLT006956,SCL,MIA,SCL,A320,2024-04-18,Baja,2,6,8,2
FLT006957,SCL,EZE,SCL,B737,2022-05-28,Baja,2,6,3,9
FLT006958,LIM,GRU,LIM,A320,2023-01-02,Alta_Verano,2,4,5,12
FLT006959,EZE,GRU,EZE,A320,2023-06-14,Alta_Invierno,2,4,3,12
FLT006960,BOG,MIA,BOG,B767,2022-04-09,Baja,2,8,8,6
FLT006961,SCL,JFK,SCL,A320,2023-12-07,Alta_Verano,2,4,3,5
FLT006962,SCL,LIM,SCL,B767,2024-07-18,Alta_Invierno,2,7,4,3
FLT006963,BOG,MIA,BOG,B737,2023-10-20,Baja,2,6,3,12
FLT006964,SCL,GRU,SCL,B737,2024-07-10,Alta_Invierno,2,6,4,3
FLT006965,SCL,JFK,SCL,B767,2023-02-13,Alta_Verano,2,7,8,2
FLT006966,SCL,GRU,SCL,B737,2023-08-15,Alta_Invierno,2,5,5,5
FLT006967,BOG,MAD,BOG,B737,2024-08-18,Alta_Invierno,2,6,3,8
FLT006968,SCL,EZE,SCL,A320,2024-07-05,Alta_Invierno,2,5,8,4
FLT006969,SCL,MIA,SCL,A320,2024-05-11,Baja,2,4,5,14
FLT006970,SCL,MIA,SCL,B737,2024-10-07,Baja,2,6,8,11
FLT006971,GRU,MIA,GRU,A320,2024-01-31,Alta_Verano,2,5,6,7
FLT006972,SCL,MIA,SCL,B737,2024-07-01,Alta_Invierno,2,6,8,5
FLT006973,GRU,MIA,GRU,A320,2024-01-13,Alta_Verano,2,6,8,4
FLT006974,SCL,MIA,SCL,A320,2022-07-24,Alta_Invierno,2,4,4,5
FLT006975,LIM,MIA,LIM,B737,2022-07-21,Alta_Invierno,2,5,7,13
FLT006976,BOG,MAD,BOG,B737,2024-01-14,Alta_Verano,2,6,8,11
FLT006977,BOG,MAD,BOG,A320,2022-01-27,Alta_Verano,2,6,6,4
FLT006978,SCL,BOG,SCL,B737,2023-04-15,Baja,2,5,7,9
FLT006979,LIM,MIA,LIM,B737,2023-02-01,Alta_Verano,2,5,5,9
FLT006980,SCL,EZE,SCL,A320,2023-05-07,Baja,2,6,5,13
FLT006981,SCL,BOG,SCL,B737,2023-01-24,Alta_Verano,2,5,5,2
FLT006982,SCL,GRU,SCL,A320,2023-04-17,Baja,2,6,3,14
FLT006983,LIM,GRU,LIM,B737,2024-01-24,Alta_Verano,2,5,8,7
FLT006984,BOG,MIA,BOG,A350,2022-08-09,Alta_Invierno,2,10,8,5
FLT006985,GRU,MAD,GRU,B737,2023-01-02,Alta_Verano,2,5,7,9
FLT006986,BOG,MIA,BOG,B767,2023-02-06,Alta_Verano,2,7,8,7
FLT006987,SCL,MIA,SCL,B737,2024-01-24,Alta_Verano,2,4,7,6
FLT006988,SCL,EZE,SCL,A350,2022-11-10,Baja,2,10,8,10
FLT006989,SCL,JFK,SCL,B737,2023-06-14,Alta_Invierno,2,4,3,5
FLT006990,GRU,MAD,GRU,A320,2022-02-01,Alta_Verano,2,5,5,11
FLT006991,SCL,GRU,SCL,B737,2023-09-15,Baja,2,5,3,5
FLT006992,BOG,MAD,BOG,B737,2024-07-21,Alta_Invierno,2,4,4,5
FLT006993,SCL,MIA,SCL,B787,2023-12-17,Alta_Verano,2,9,8,12
FLT006994,SCL,LIM,SCL,B737,2022-07-14,Alta_Invierno,2,5,3,3
FLT006995,BOG,MIA,BOG,A350,2024-05-03,Baja,2,12,5,8
FLT006996,SCL,MAD,SCL,A320,2023-01-27,Alta_Verano,2,4,3,3
FLT006997,BOG,MAD,BOG,B737,2023-11-08,Baja,2,5,8,5
FLT006998,GRU,MAD,GRU,A350,2024-01-27,Alta_Verano,2,10,6,5
FLT006999,SCL,MAD,SCL,A320,2024-07-07,Alta_Invierno,2,5,5,4
FLT007000,GRU,MAD,GRU,A320,2022-06-20,Alta_Invierno,2,5,5,10
FLT007001,BOG,MAD,BOG,A320,2022-12-20,Alta_Verano,2,6,8,12
FLT007002,LIM,BOG,LIM,A350,2024-02-04,Alta_Verano,2,10,3,8
FLT007003,SCL,BOG,SCL,B767,2023-01-15,Alta_Verano,2,8,4,10
FLT007004,SCL,EZE,SCL,A320,2023-10-20,Baja,2,6,6,12
FLT007005,SCL,MAD,SCL,B767,2022-12-01,Alta_Verano,2,6,3,2
FLT007006,BOG,MAD,BOG,B767,2023-06-12,Alta_Invierno,2,7,4,4
FLT007007,GRU,MIA,GRU,B737,2024-06-17,Alta_Invierno,2,6,4,2
FLT007008,GRU,MAD,GRU,B737,2023-11-26,Baja,2,5,4,3
FLT007009,BOG,MAD,BOG,B737,2023-09-24,Baja,2,4,7,3
FLT007010,SCL,JFK,SCL,B787,2022-10-26,Baja,2,12,7,11
FLT007011,SCL,BOG,SCL,A320,2022-10-11,Baja,2,4,8,6
FLT007012,GRU,MAD,GRU,B787,2024-02-11,Alta_Verano,2,8,8,5
FLT007013,EZE,GRU,EZE,B737,2023-09-14,Baja,2,5,3,6
FLT007014,SCL,GRU,SCL,B737,2024-05-08,Baja,2,5,5,2
FLT007015,SCL,JFK,SCL,B737,2023-02-19,Alta_Verano,2,6,3,5
FLT007016,LIM,GRU,LIM,B737,2022-01-06,Alta_Verano,2,5,6,2
FLT007017,LIM,BOG,LIM,B767,2023-07-04,Alta_Invierno,2,7,6,2
FLT007018,BOG,MAD,BOG,A320,2024-01-11,Alta_Verano,2,5,4,5
FLT007019,SCL,EZE,SCL,B737,2023-05-17,Baja,2,4,4,10
FLT007020,SCL,MIA,SCL,B737,2022-01-19,Alta_Verano,2,4,3,3
FLT007021,EZE,GRU,EZE,A320,2023-08-31,Alta_Invierno,2,4,5,9
FLT007022,SCL,BOG,SCL,A320,2024-07-25,Alta_Invierno,2,4,4,9
FLT007023,GRU,MAD,GRU,B787,2024-03-05,Baja,2,11,8,5
FLT007024,SCL,LIM,SCL,B767,2024-04-01,Baja,2,8,7,5
FLT007025,GRU,MIA,GRU,B737,2022-01-30,Alta_Verano,2,4,6,4
FLT007026,SCL,JFK,SCL,B767,2024-06-04,Alta_Invierno,2,7,3,5
FLT007027,GRU,MIA,GRU,A350,2024-07-26,Alta_Invierno,2,11,5,3
FLT007028,LIM,MIA,LIM,A320,2023-01-16,Alta_Verano,2,6,6,11
FLT007029,EZE,GRU,EZE,B737,2022-12-13,Alta_Verano,2,5,3,4
FLT007030,SCL,GRU,SCL,A320,2022-01-11,Alta_Verano,2,5,8,6
FLT007031,GRU,MAD,GRU,A320,2023-01-10,Alta_Verano,2,5,4,5
FLT007032,SCL,MIA,SCL,B767,2024-01-23,Alta_Verano,2,6,8,11
FLT007033,LIM,BOG,LIM,B767,2022-05-06,Baja,2,6,3,14
FLT007034,BOG,MIA,BOG,B737,2024-07-24,Alta_Invierno,2,6,6,4
FLT007035,SCL,JFK,SCL,A320,2023-04-04,Baja,2,5,8,5
FLT007036,SCL,MIA,SCL,B737,2024-01-08,Alta_Verano,2,4,5,4
FLT007037,GRU,MIA,GRU,B767,2023-01-20,Alta_Verano,2,6,6,6
FLT007038,BOG,MAD,BOG,B787,2023-01-09,Alta_Verano,2,11,4,9
FLT007039,SCL,GRU,SCL,B787,2024-12-27,Alta_Verano,2,11,4,4
FLT007040,SCL,EZE,SCL,B737,2022-05-05,Baja,2,4,4,5
FLT007041,SCL,EZE,SCL,A320,2023-07-06,Alta_Invierno,2,4,4,9
FLT007042,SCL,EZE,SCL,A320,2024-05-06,Baja,2,6,8,3
FLT007043,GRU,MIA,GRU,A320,2022-01-13,Alta_Verano,2,6,8,12
FLT007044,SCL,JFK,SCL,B737,2022-08-13,Alta_Invierno,2,4,4,5
FLT007045,SCL,EZE,SCL,A320,2022-03-24,Baja,2,6,3,5
FLT007046,BOG,MIA,BOG,A320,2023-02-28,Alta_Verano,2,4,4,10
FLT007047,SCL,EZE,SCL,B767,2023-01-22,Alta_Verano,2,8,7,14
FLT007048,LIM,BOG,LIM,B787,2024-07-03,Alta_Invierno,2,8,5,5
FLT007049,SCL,JFK,SCL,B737,2023-07-07,Alta_Invierno,2,5,5,3
FLT007050,SCL,JFK,SCL,A320,2024-03-28,Baja,2,4,7,9
FLT007051,SCL,LIM,SCL,B737,2024-01-28,Alta_Verano,2,5,8,10
FLT007052,SCL,MAD,SCL,A320,2022-10-18,Baja,2,6,7,7
FLT007053,SCL,JFK,SCL,A350,2022-01-31,Alta_Verano,2,11,5,4
FLT007054,GRU,MIA,GRU,B737,2023-01-03,Alta_Verano,2,5,5,4
FLT007055,SCL,GRU,SCL,A320,2024-07-31,Alta_Invierno,2,6,3,2
FLT007056,SCL,EZE,SCL,B767,2024-01-30,Alta_Verano,2,7,4,3
FLT007057,LIM,MIA,LIM,A320,2024-01-31,Alta_Verano,2,4,6,5
FLT007058,LIM,GRU,LIM,B737,2023-06-12,Alta_Invierno,2,4,6,3
FLT007059,LIM,MIA,LIM,B767,2022-05-26,Baja,2,6,5,7
FLT007060,SCL,BOG,SCL,A320,2024-04-29,Baja,2,5,8,5
FLT007061,SCL,BOG,SCL,A350,2023-09-18,Baja,2,8,3,11
FLT007062,SCL,EZE,SCL,A320,2022-01-29,Alta_Verano,2,4,8,14
FLT007063,BOG,MIA,BOG,B737,2024-11-23,Baja,2,5,6,5
FLT007064,SCL,EZE,SCL,B767,2022-07-18,Alta_Invierno,2,7,6,3
FLT007065,LIM,BOG,LIM,B767,2024-12-13,Alta_Verano,2,8,5,4
FLT007066,SCL,LIM,SCL,A320,2024-01-05,Alta_Verano,2,4,7,5
FLT007067,SCL,JFK,SCL,B787,2024-05-01,Baja,2,12,7,14
FLT007068,SCL,BOG,SCL,A320,2024-04-12,Baja,2,5,5,2
FLT007069,GRU,MIA,GRU,A320,2022-01-24,Alta_Verano,2,6,8,11
FLT007070,SCL,MIA,SCL,B737,2022-01-29,Alta_Verano,2,4,4,14
FLT007071,LIM,BOG,LIM,A320,2022-07-17,Alta_Invierno,2,5,7,2
FLT007072,LIM,BOG,LIM,B737,2024-12-29,Alta_Verano,2,4,7,5
FLT007073,GRU,MAD,GRU,A320,2023-12-03,Alta_Verano,2,5,7,2
FLT007074,EZE,GRU,EZE,B767,2023-05-11,Baja,2,8,6,
FLT007075,GRU,MAD,GRU,B767,2024-11-08,Baja,2,7,3,2
FLT007076,EZE,GRU,EZE,B787,2023-01-14,Alta_Verano,2,8,3,3
FLT007077,BOG,MAD,BOG,A350,2024-01-01,Alta_Verano,2,11,3,5
FLT007078,SCL,LIM,SCL,B767,2024-10-30,Baja,2,8,4,8
FLT007079,BOG,MAD,BOG,A350,2022-03-03,Baja,2,9,7,2
FLT007080,SCL,EZE,SCL,A320,2024-02-18,Alta_Verano,2,5,6,8
FLT007081,GRU,MAD,GRU,B767,2023-04-19,Baja,2,6,4,5
FLT007082,SCL,EZE,SCL,A350,2023-10-15,Baja,2,10,3,2
FLT007083,SCL,LIM,SCL,B737,2022-07-11,Alta_Invierno,2,6,3,5
FLT007084,LIM,MIA,LIM,B737,2023-01-29,Alta_Verano,2,5,7,4
FLT007085,SCL,MIA,SCL,A320,2024-01-22,Alta_Verano,2,4,4,5
FLT007086,LIM,BOG,LIM,B737,2022-01-01,Alta_Verano,2,6,8,2
FLT007087,LIM,MIA,LIM,B737,2022-01-12,Alta_Verano,2,6,8,3
FLT007088,SCL,MIA,SCL,B737,2023-05-21,Baja,2,5,6,3
FLT007089,BOG,MIA,BOG,A320,2023-06-14,Alta_Invierno,2,5,4,9
FLT007090,BOG,MAD,BOG,A320,2023-01-09,Alta_Verano,2,4,3,
FLT007091,SCL,MIA,SCL,A320,2024-11-09,Baja,2,4,8,7
FLT007092,BOG,MIA,BOG,B737,2022-08-16,Alta_Invierno,2,6,5,5
FLT007093,SCL,MAD,SCL,A320,2023-12-27,Alta_Verano,2,6,6,5
FLT007094,SCL,EZE,SCL,A320,2022-07-29,Alta_Invierno,2,5,8,4
FLT007095,SCL,MAD,SCL,B787,2022-07-14,Alta_Invierno,2,12,8,5
FLT007096,SCL,MAD,SCL,A350,2022-01-16,Alta_Verano,2,11,8,3
FLT007097,SCL,BOG,SCL,B737,2024-11-15,Baja,2,4,8,4
FLT007098,GRU,MIA,GRU,B737,2023-05-18,Baja,2,6,4,4
FLT007099,LIM,GRU,LIM,B767,2022-09-29,Baja,2,8,6,5
FLT007100,GRU,MIA,GRU,B737,2024-09-08,Baja,2,6,7,3
FLT007101,BOG,MIA,BOG,B787,2023-07-26,Alta_Invierno,2,11,5,5
FLT007102,SCL,LIM,SCL,B787,2023-07-03,Alta_Invierno,2,10,6,14
FLT007103,SCL,LIM,SCL,B787,2022-07-05,Alta_Invierno,2,12,3,5
FLT007104,LIM,GRU,LIM,A320,2022-07-21,Alta_Invierno,2,5,7,4
FLT007105,SCL,LIM,SCL,A320,2024-06-30,Alta_Invierno,2,5,5,7
FLT007106,LIM,BOG,LIM,A320,2022-01-22,Alta_Verano,2,5,3,7
FLT007107,SCL,GRU,SCL,A320,2022-01-25,Alta_Verano,2,5,8,7
FLT007108,SCL,MAD,SCL,A320,2023-01-11,Alta_Verano,2,6,3,14
FLT007109,SCL,EZE,SCL,A320,2024-09-11,Baja,2,5,3,5
FLT007110,SCL,JFK,SCL,B737,2024-01-16,Alta_Verano,2,5,6,6
FLT007111,GRU,MAD,GRU,B737,2022-03-02,Baja,2,5,4,2
FLT007112,BOG,MIA,BOG,B787,2024-04-08,Baja,2,10,5,3
FLT007113,SCL,EZE,SCL,B767,2022-07-07,Alta_Invierno,2,6,5,9
FLT007114,BOG,MIA,BOG,A350,2024-07-07,Alta_Invierno,2,9,8,10
FLT007115,GRU,MIA,GRU,B767,2023-08-17,Alta_Invierno,2,8,5,11
FLT007116,SCL,GRU,SCL,B737,2023-07-04,Alta_Invierno,2,5,6,9
FLT007117,EZE,GRU,EZE,B737,2023-03-11,Baja,2,4,4,8
FLT007118,EZE,GRU,EZE,B737,2022-11-08,Baja,2,5,4,
FLT007119,SCL,JFK,SCL,B787,2024-07-03,Alta_Invierno,2,11,8,4
FLT007120,LIM,GRU,LIM,B767,2024-02-09,Alta_Verano,2,6,6,12
FLT007121,SCL,MIA,SCL,B787,2024-08-10,Alta_Invierno,2,11,7,11
FLT007122,SCL,MAD,SCL,A320,2022-01-30,Alta_Verano,2,4,7,4
FLT007123,EZE,GRU,EZE,A350,2023-10-28,Baja,2,10,4,5
FLT007124,LIM,MIA,LIM,B767,2024-03-24,Baja,2,8,4,11
FLT007125,LIM,MIA,LIM,A320,2024-06-23,Alta_Invierno,2,5,8,4
FLT007126,SCL,JFK,SCL,A320,2023-01-02,Alta_Verano,2,6,5,
FLT007127,SCL,EZE,SCL,A350,2022-06-19,Alta_Invierno,2,9,8,11
FLT007128,SCL,LIM,SCL,A320,2022-11-21,Baja,2,5,4,10
FLT007129,BOG,MAD,BOG,B737,2022-01-29,Alta_Verano,2,4,8,5
FLT007130,SCL,EZE,SCL,B737,2023-12-19,Alta_Verano,2,5,8,10
FLT007131,EZE,GRU,EZE,B737,2024-07-21,Alta_Invierno,2,6,7,8
FLT007132,BOG,MAD,BOG,B737,2023-02-21,Alta_Verano,2,6,3,10
FLT007133,SCL,MIA,SCL,B737,2024-01-22,Alta_Verano,2,4,8,3
FLT007134,SCL,GRU,SCL,B767,2022-07-17,Alta_Invierno,2,6,3,12
FLT007135,LIM,BOG,LIM,A320,2023-10-05,Baja,2,6,6,13
FLT007136,SCL,EZE,SCL,B787,2023-03-20,Baja,2,11,8,3
FLT007137,BOG,MIA,BOG,B787,2023-07-12,Alta_Invierno,2,8,5,6
FLT007138,LIM,GRU,LIM,A320,2023-07-22,Alta_Invierno,2,5,5,6
FLT007139,GRU,MAD,GRU,B737,2022-10-10,Baja,2,6,5,5
FLT007140,GRU,MIA,GRU,A320,2022-03-08,Baja,2,4,6,2
FLT007141,GRU,MAD,GRU,B737,2024-01-16,Alta_Verano,2,6,3,3
FLT007142,EZE,GRU,EZE,A350,2024-06-16,Alta_Invierno,2,8,8,2
FLT007143,LIM,BOG,LIM,B737,2024-06-06,Alta_Invierno,2,4,8,3
FLT007144,SCL,MIA,SCL,B767,2023-10-10,Baja,2,8,5,
FLT007145,LIM,GRU,LIM,A350,2024-06-23,Alta_Invierno,2,9,5,13
FLT007146,SCL,JFK,SCL,B737,2024-09-05,Baja,2,4,3,4
FLT007147,SCL,MIA,SCL,A320,2022-10-23,Baja,2,6,5,5
FLT007148,LIM,GRU,LIM,B737,2024-12-02,Alta_Verano,2,6,3,5
FLT007149,SCL,LIM,SCL,B787,2023-03-25,Baja,2,10,3,2
FLT007150,SCL,LIM,SCL,A320,2022-01-19,Alta_Verano,2,4,3,5
FLT007151,LIM,BOG,LIM,A320,2024-07-16,Alta_Invierno,2,4,4,12
FLT007152,SCL,JFK,SCL,A320,2024-01-08,Alta_Verano,2,5,3,3
FLT007153,BOG,MIA,BOG,A320,2024-09-22,Baja,2,5,6,2
FLT007154,LIM,BOG,LIM,B737,2023-07-10,Alta_Invierno,2,5,3,2
FLT007155,SCL,EZE,SCL,B737,2024-10-05,Baja,2,5,8,3
FLT007156,SCL,GRU,SCL,B767,2023-09-19,Baja,2,7,6,2
FLT007157,EZE,GRU,EZE,B737,2024-01-10,Alta_Verano,2,5,3,3
FLT007158,LIM,BOG,LIM,B737,2023-09-24,Baja,2,6,6,12
FLT007159,LIM,MIA,LIM,A320,2023-01-24,Alta_Verano,2,6,7,2
FLT007160,GRU,MAD,GRU,A320,2024-10-29,Baja,2,6,8,4
FLT007161,GRU,MIA,GRU,A320,2022-01-31,Alta_Verano,2,4,4,10
FLT007162,LIM,MIA,LIM,B767,2023-11-14,Baja,2,6,7,4
FLT007163,SCL,EZE,SCL,A320,2023-03-01,Baja,2,4,4,3
FLT007164,SCL,BOG,SCL,B737,2023-01-02,Alta_Verano,2,4,8,5
FLT007165,LIM,MIA,LIM,A320,2022-01-30,Alta_Verano,2,4,8,8
FLT007166,SCL,GRU,SCL,A350,2024-07-14,Alta_Invierno,2,8,8,4
FLT007167,SCL,BOG,SCL,B737,2024-07-14,Alta_Invierno,2,6,6,14
FLT007168,BOG,MIA,BOG,B737,2022-03-15,Baja,2,4,6,14
FLT007169,GRU,MIA,GRU,B787,2022-08-25,Alta_Invierno,2,12,8,2
FLT007170,LIM,GRU,LIM,B737,2022-03-14,Baja,2,4,8,6
FLT007171,SCL,EZE,SCL,B767,2024-07-25,Alta_Invierno,2,7,3,2
FLT007172,SCL,LIM,SCL,B787,2024-01-09,Alta_Verano,2,11,3,3
FLT007173,GRU,MIA,GRU,B767,2023-01-15,Alta_Verano,2,8,5,2
FLT007174,SCL,MIA,SCL,A320,2023-07-09,Alta_Invierno,2,4,7,4
FLT007175,GRU,MIA,GRU,B737,2022-07-19,Alta_Invierno,2,5,3,11
FLT007176,LIM,BOG,LIM,B787,2024-07-07,Alta_Invierno,2,8,6,6
FLT007177,BOG,MAD,BOG,B737,2022-02-28,Alta_Verano,2,5,6,6
FLT007178,BOG,MAD,BOG,B737,2022-10-31,Baja,2,6,5,2
FLT007179,GRU,MIA,GRU,B767,2023-04-15,Baja,2,8,6,3
FLT007180,SCL,JFK,SCL,B767,2024-06-25,Alta_Invierno,2,8,7,8
FLT007181,LIM,BOG,LIM,B737,2022-01-04,Alta_Verano,2,6,6,6
FLT007182,SCL,MIA,SCL,B787,2024-04-04,Baja,2,10,5,12
FLT007183,SCL,MAD,SCL,B767,2024-07-28,Alta_Invierno,2,7,3,5
FLT007184,EZE,GRU,EZE,B767,2024-07-22,Alta_Invierno,2,8,8,5
FLT007185,LIM,MIA,LIM,A320,2023-06-11,Alta_Invierno,2,5,3,13
FLT007186,BOG,MIA,BOG,A320,2022-07-10,Alta_Invierno,2,6,4,4
FLT007187,BOG,MIA,BOG,B737,2023-08-19,Alta_Invierno,2,6,5,8
FLT007188,GRU,MAD,GRU,B737,2024-12-09,Alta_Verano,2,6,5,2
FLT007189,LIM,MIA,LIM,A320,2023-08-06,Alta_Invierno,2,5,3,4
FLT007190,SCL,BOG,SCL,B737,2024-04-27,Baja,2,6,5,2
FLT007191,LIM,MIA,LIM,A350,2023-09-20,Baja,2,11,8,5
FLT007192,BOG,MAD,BOG,A350,2023-02-04,Alta_Verano,2,8,3,2
FLT007193,SCL,LIM,SCL,A350,2024-01-04,Alta_Verano,2,8,4,5
FLT007194,SCL,BOG,SCL,A320,2023-09-21,Baja,2,6,4,11
FLT007195,SCL,BOG,SCL,B787,2023-08-23,Alta_Invierno,2,9,8,4
FLT007196,SCL,EZE,SCL,B737,2022-11-28,Baja,2,5,6,5
FLT007197,SCL,LIM,SCL,B737,2024-01-24,Alta_Verano,2,5,5,2
FLT007198,SCL,BOG,SCL,B737,2024-02-29,Alta_Verano,2,6,4,8
FLT007199,SCL,GRU,SCL,A320,2023-10-20,Baja,2,5,6,2
FLT007200,LIM,BOG,LIM,A320,2024-01-10,Alta_Verano,2,6,5,6
FLT007201,BOG,MAD,BOG,B737,2024-05-20,Baja,2,5,8,5
FLT007202,SCL,EZE,SCL,B787,2024-10-25,Baja,2,10,7,4
FLT007203,LIM,BOG,LIM,A320,2022-07-15,Alta_Invierno,2,6,3,12
FLT007204,LIM,MIA,LIM,B787,2023-01-29,Alta_Verano,2,10,4,4
FLT007205,SCL,BOG,SCL,B737,2024-10-27,Baja,2,5,3,7
FLT007206,SCL,EZE,SCL,B767,2023-02-04,Alta_Verano,2,6,3,5
FLT007207,SCL,BOG,SCL,A320,2022-03-01,Baja,2,6,7,3
FLT007208,LIM,GRU,LIM,A320,2022-03-14,Baja,2,4,8,13
FLT007209,SCL,JFK,SCL,A320,2023-07-24,Alta_Invierno,2,5,4,5
FLT007210,LIM,BOG,LIM,A320,2024-01-21,Alta_Verano,2,6,5,14
FLT007211,LIM,MIA,LIM,B737,2024-03-17,Baja,2,5,8,10
FLT007212,GRU,MAD,GRU,A350,2022-07-10,Alta_Invierno,2,10,7,14
FLT007213,SCL,BOG,SCL,B737,2023-01-17,Alta_Verano,2,5,7,5
FLT007214,SCL,EZE,SCL,A320,2024-07-20,Alta_Invierno,2,6,7,2
FLT007215,SCL,EZE,SCL,A320,2024-12-13,Alta_Verano,2,4,6,4
FLT007216,SCL,BOG,SCL,B767,2024-07-27,Alta_Invierno,2,6,8,2
FLT007217,BOG,MAD,BOG,A320,2023-10-12,Baja,2,5,4,10
FLT007218,BOG,MAD,BOG,B737,2023-01-26,Alta_Verano,2,5,3,4
FLT007219,SCL,MAD,SCL,B737,2022-11-17,Baja,2,4,5,8
FLT007220,SCL,MAD,SCL,B787,2023-07-08,Alta_Invierno,2,12,3,6
FLT007221,LIM,BOG,LIM,B737,2024-04-19,Baja,2,6,3,2
FLT007222,LIM,MIA,LIM,B737,2023-01-21,Alta_Verano,2,6,4,11
FLT007223,SCL,GRU,SCL,A320,2023-08-04,Alta_Invierno,2,6,6,11
FLT007224,SCL,GRU,SCL,B787,2022-08-03,Alta_Invierno,2,9,4,3
FLT007225,SCL,MAD,SCL,B737,2024-06-20,Alta_Invierno,2,5,4,14
FLT007226,SCL,MAD,SCL,B787,2022-07-19,Alta_Invierno,2,9,8,8
FLT007227,BOG,MAD,BOG,A350,2023-01-12,Alta_Verano,2,8,5,2
FLT007228,SCL,MIA,SCL,B737,2023-11-25,Baja,2,4,5,2
FLT007229,SCL,BOG,SCL,B767,2022-09-06,Baja,2,7,7,12
FLT007230,EZE,GRU,EZE,B737,2022-01-14,Alta_Verano,2,6,5,4
FLT007231,SCL,MIA,SCL,B737,2024-05-22,Baja,2,5,3,3
FLT007232,LIM,GRU,LIM,B767,2024-01-16,Alta_Verano,2,7,3,2
FLT007233,SCL,EZE,SCL,B737,2023-01-13,Alta_Verano,2,6,8,8
FLT007234,GRU,MIA,GRU,A320,2022-02-15,Alta_Verano,2,5,8,9
FLT007235,BOG,MAD,BOG,B767,2023-01-05,Alta_Verano,2,7,8,
FLT007236,GRU,MIA,GRU,B737,2022-07-23,Alta_Invierno,2,5,4,5
FLT007237,BOG,MIA,BOG,A320,2023-07-08,Alta_Invierno,2,5,4,3
FLT007238,GRU,MIA,GRU,B767,2024-10-30,Baja,2,6,8,5
FLT007239,GRU,MAD,GRU,B737,2023-07-31,Alta_Invierno,2,6,4,5
FLT007240,SCL,JFK,SCL,B737,2022-12-23,Alta_Verano,2,4,4,12
FLT007241,SCL,GRU,SCL,A320,2024-07-01,Alta_Invierno,2,4,7,
FLT007242,GRU,MAD,GRU,B767,2024-11-21,Baja,2,7,3,5
FLT007243,SCL,MIA,SCL,B787,2023-12-11,Alta_Verano,2,12,6,5
FLT007244,LIM,MIA,LIM,A320,2024-08-02,Alta_Invierno,2,5,4,5
FLT007245,LIM,BOG,LIM,B737,2024-07-09,Alta_Invierno,2,4,6,
FLT007246,BOG,MAD,BOG,B737,2024-03-06,Baja,2,4,4,4
FLT007247,SCL,LIM,SCL,A320,2023-07-10,Alta_Invierno,2,6,3,11
FLT007248,LIM,GRU,LIM,A350,2024-07-23,Alta_Invierno,2,9,4,6
FLT007249,LIM,GRU,LIM,B787,2024-09-03,Baja,2,10,4,4
FLT007250,SCL,BOG,SCL,B737,2022-12-05,Alta_Verano,2,5,7,4
FLT007251,BOG,MIA,BOG,B737,2023-07-12,Alta_Invierno,2,6,5,10
FLT007252,SCL,MIA,SCL,B767,2024-09-04,Baja,2,6,4,11
FLT007253,LIM,MIA,LIM,B767,2022-01-30,Alta_Verano,2,7,5,5
FLT007254,LIM,MIA,LIM,B767,2023-07-06,Alta_Invierno,2,7,8,2
FLT007255,LIM,BOG,LIM,A320,2023-07-07,Alta_Invierno,2,5,8,5
FLT007256,EZE,GRU,EZE,B767,2024-10-09,Baja,2,8,5,8
FLT007257,LIM,MIA,LIM,A320,2023-01-31,Alta_Verano,2,4,6,7
FLT007258,SCL,GRU,SCL,B767,2022-10-21,Baja,2,7,6,13
FLT007259,BOG,MAD,BOG,A320,2023-01-30,Alta_Verano,2,4,8,7
FLT007260,SCL,LIM,SCL,B767,2022-01-23,Alta_Verano,2,6,4,7
FLT007261,LIM,BOG,LIM,B787,2024-01-17,Alta_Verano,2,8,3,8
FLT007262,SCL,JFK,SCL,A320,2024-07-15,Alta_Invierno,2,5,6,5
FLT007263,LIM,MIA,LIM,B737,2023-08-24,Alta_Invierno,2,4,3,2
FLT007264,GRU,MAD,GRU,B787,2023-01-01,Alta_Verano,2,11,4,4
FLT007265,BOG,MIA,BOG,B737,2023-09-25,Baja,2,6,4,5
FLT007266,LIM,BOG,LIM,A350,2024-01-07,Alta_Verano,2,8,3,10
FLT007267,SCL,GRU,SCL,B787,2024-06-27,Alta_Invierno,2,9,8,3
FLT007268,BOG,MAD,BOG,B737,2022-01-14,Alta_Verano,2,6,7,3
FLT007269,BOG,MIA,BOG,B737,2022-02-25,Alta_Verano,2,4,3,12
FLT007270,SCL,BOG,SCL,A320,2024-07-18,Alta_Invierno,2,4,6,6
FLT007271,EZE,GRU,EZE,A320,2023-07-23,Alta_Invierno,2,4,7,9
FLT007272,BOG,MIA,BOG,B787,2022-01-18,Alta_Verano,2,11,6,
FLT007273,LIM,GRU,LIM,B737,2024-03-16,Baja,2,6,6,9
FLT007274,SCL,JFK,SCL,A320,2022-05-26,Baja,2,5,4,2
FLT007275,LIM,GRU,LIM,B737,2022-11-16,Baja,2,5,5,5
FLT007276,SCL,LIM,SCL,A320,2022-07-26,Alta_Invierno,2,4,4,5
FLT007277,BOG,MAD,BOG,A320,2024-01-20,Alta_Verano,2,5,4,2
FLT007278,EZE,GRU,EZE,B737,2023-11-01,Baja,2,5,5,2
FLT007279,EZE,GRU,EZE,A320,2022-09-03,Baja,2,6,6,
FLT007280,SCL,MIA,SCL,B787,2022-09-26,Baja,2,12,4,2
FLT007281,GRU,MIA,GRU,A320,2022-12-01,Alta_Verano,2,5,5,4
FLT007282,BOG,MAD,BOG,B767,2023-01-07,Alta_Verano,2,7,3,3
FLT007283,SCL,EZE,SCL,A350,2023-07-21,Alta_Invierno,2,11,3,9
FLT007284,SCL,MAD,SCL,A320,2022-03-16,Baja,2,4,6,5
FLT007285,GRU,MAD,GRU,A320,2022-11-30,Baja,2,5,4,12
FLT007286,BOG,MAD,BOG,B737,2024-01-16,Alta_Verano,2,6,5,2
FLT007287,SCL,JFK,SCL,B737,2022-10-30,Baja,2,6,5,
FLT007288,LIM,GRU,LIM,A320,2024-10-27,Baja,2,4,6,7
FLT007289,GRU,MIA,GRU,B767,2022-12-26,Alta_Verano,2,7,4,4
FLT007290,BOG,MIA,BOG,B767,2024-11-18,Baja,2,6,4,11
FLT007291,BOG,MIA,BOG,B737,2023-07-24,Alta_Invierno,2,6,7,4
FLT007292,BOG,MIA,BOG,A320,2023-04-10,Baja,2,5,6,5
FLT007293,BOG,MIA,BOG,A320,2022-08-18,Alta_Invierno,2,6,6,5
FLT007294,SCL,LIM,SCL,B787,2022-01-07,Alta_Verano,2,10,5,6
FLT007295,SCL,BOG,SCL,B737,2023-01-31,Alta_Verano,2,4,6,12
FLT007296,SCL,EZE,SCL,B737,2024-03-27,Baja,2,6,8,5
FLT007297,GRU,MAD,GRU,B787,2022-09-05,Baja,2,11,3,14
FLT007298,SCL,JFK,SCL,B737,2024-07-24,Alta_Invierno,2,4,4,3
FLT007299,SCL,MAD,SCL,B737,2023-01-18,Alta_Verano,2,6,5,5
FLT007300,SCL,JFK,SCL,B787,2023-07-24,Alta_Invierno,2,8,3,5
FLT007301,LIM,MIA,LIM,B787,2024-04-06,Baja,2,12,8,2
FLT007302,SCL,GRU,SCL,A320,2023-07-17,Alta_Invierno,2,5,4,5
FLT007303,SCL,EZE,SCL,A320,2024-01-05,Alta_Verano,2,4,3,10
FLT007304,SCL,MAD,SCL,B767,2022-08-24,Alta_Invierno,2,8,7,2
FLT007305,SCL,MAD,SCL,B767,2024-09-28,Baja,2,7,7,2
FLT007306,SCL,MAD,SCL,B767,2022-06-29,Alta_Invierno,2,6,8,2
FLT007307,GRU,MIA,GRU,B737,2022-01-28,Alta_Verano,2,4,4,11
FLT007308,SCL,MAD,SCL,B787,2024-10-29,Baja,2,8,5,5
FLT007309,LIM,BOG,LIM,B767,2022-03-09,Baja,2,6,5,6
FLT007310,GRU,MAD,GRU,A320,2023-01-26,Alta_Verano,2,6,5,4
FLT007311,SCL,MIA,SCL,B767,2022-11-11,Baja,2,7,5,6
FLT007312,LIM,BOG,LIM,A320,2024-12-27,Alta_Verano,2,5,5,7
FLT007313,BOG,MIA,BOG,B737,2024-07-02,Alta_Invierno,2,6,4,3
FLT007314,SCL,EZE,SCL,A320,2023-07-05,Alta_Invierno,2,6,7,6
FLT007315,LIM,MIA,LIM,B737,2023-08-02,Alta_Invierno,2,6,8,5
FLT007316,BOG,MIA,BOG,A320,2023-02-22,Alta_Verano,2,4,7,3
FLT007317,SCL,MIA,SCL,B737,2024-08-28,Alta_Invierno,2,5,7,4
FLT007318,SCL,BOG,SCL,A320,2024-06-06,Alta_Invierno,2,6,6,7
FLT007319,BOG,MIA,BOG,B737,2024-10-11,Baja,2,6,3,3
FLT007320,SCL,GRU,SCL,B737,2022-09-11,Baja,2,5,6,10
FLT007321,LIM,BOG,LIM,A320,2024-05-09,Baja,2,4,3,3
FLT007322,LIM,MIA,LIM,B737,2022-01-26,Alta_Verano,2,6,7,5
FLT007323,EZE,GRU,EZE,B767,2022-07-12,Alta_Invierno,2,7,8,6
FLT007324,SCL,BOG,SCL,B767,2024-01-20,Alta_Verano,2,7,5,5
FLT007325,LIM,GRU,LIM,B767,2022-10-02,Baja,2,6,3,10
FLT007326,SCL,LIM,SCL,B737,2022-08-11,Alta_Invierno,2,4,3,6
FLT007327,SCL,BOG,SCL,B737,2023-11-26,Baja,2,6,8,14
FLT007328,LIM,MIA,LIM,A320,2023-02-02,Alta_Verano,2,5,4,10
FLT007329,SCL,JFK,SCL,B787,2023-09-03,Baja,2,10,7,11
FLT007330,EZE,GRU,EZE,B737,2024-02-26,Alta_Verano,2,4,3,7
FLT007331,GRU,MAD,GRU,A320,2022-07-15,Alta_Invierno,2,4,3,14
FLT007332,LIM,BOG,LIM,B767,2022-02-14,Alta_Verano,2,7,8,8
FLT007333,EZE,GRU,EZE,B737,2023-07-31,Alta_Invierno,2,6,8,5
FLT007334,SCL,EZE,SCL,B767,2022-08-07,Alta_Invierno,2,8,6,9
FLT007335,BOG,MIA,BOG,B767,2024-01-04,Alta_Verano,2,8,6,2
FLT007336,BOG,MIA,BOG,B737,2022-07-02,Alta_Invierno,2,4,5,8
FLT007337,GRU,MAD,GRU,B787,2023-08-13,Alta_Invierno,2,11,5,5
FLT007338,GRU,MIA,GRU,A320,2023-06-09,Alta_Invierno,2,4,4,2
FLT007339,BOG,MIA,BOG,B737,2022-07-18,Alta_Invierno,2,6,3,3
FLT007340,SCL,GRU,SCL,B737,2023-10-05,Baja,2,4,4,8
FLT007341,SCL,BOG,SCL,B767,2024-01-25,Alta_Verano,2,7,8,10
FLT007342,SCL,JFK,SCL,B737,2024-02-03,Alta_Verano,2,6,3,4
FLT007343,LIM,MIA,LIM,B767,2023-04-22,Baja,2,6,7,4
FLT007344,LIM,MIA,LIM,B737,2024-07-27,Alta_Invierno,2,5,7,11
FLT007345,SCL,JFK,SCL,B737,2023-10-07,Baja,2,5,7,9
FLT007346,SCL,BOG,SCL,B737,2022-01-30,Alta_Verano,2,4,6,6
FLT007347,SCL,BOG,SCL,B737,2023-09-17,Baja,2,5,4,10
FLT007348,LIM,BOG,LIM,A320,2023-06-13,Alta_Invierno,2,4,4,11
FLT007349,SCL,MIA,SCL,B737,2024-07-30,Alta_Invierno,2,4,8,4
FLT007350,SCL,MIA,SCL,B767,2023-01-07,Alta_Verano,2,6,6,14
FLT007351,SCL,EZE,SCL,B737,2024-01-27,Alta_Verano,2,5,3,14
FLT007352,GRU,MAD,GRU,B767,2023-10-21,Baja,2,8,5,13
FLT007353,GRU,MIA,GRU,A350,2024-02-28,Alta_Verano,2,10,6,2
FLT007354,GRU,MAD,GRU,A320,2024-07-30,Alta_Invierno,2,6,4,3
FLT007355,LIM,GRU,LIM,B787,2022-12-29,Alta_Verano,2,8,5,13
FLT007356,GRU,MIA,GRU,B787,2023-03-01,Baja,2,9,3,8
FLT007357,LIM,GRU,LIM,B787,2024-12-08,Alta_Verano,2,11,4,10
FLT007358,SCL,EZE,SCL,A350,2024-05-13,Baja,2,10,3,14
FLT007359,SCL,MIA,SCL,B767,2022-09-27,Baja,2,7,3,3
FLT007360,BOG,MAD,BOG,B737,2024-03-09,Baja,2,5,7,3
FLT007361,BOG,MAD,BOG,A320,2022-04-23,Baja,2,5,3,5
FLT007362,SCL,EZE,SCL,B737,2024-07-23,Alta_Invierno,2,5,6,4
FLT007363,GRU,MIA,GRU,B737,2024-10-17,Baja,2,6,7,12
FLT007364,BOG,MAD,BOG,B737,2024-05-15,Baja,2,5,8,9
FLT007365,LIM,MIA,LIM,A350,2023-01-27,Alta_Verano,2,8,8,11
FLT007366,SCL,EZE,SCL,B737,2023-12-13,Alta_Verano,2,6,3,5
FLT007367,SCL,LIM,SCL,B767,2024-06-11,Alta_Invierno,2,8,7,6
FLT007368,SCL,JFK,SCL,B787,2022-01-18,Alta_Verano,2,9,4,14
FLT007369,BOG,MAD,BOG,A320,2023-12-19,Alta_Verano,2,5,5,8
FLT007370,SCL,BOG,SCL,A320,2024-07-27,Alta_Invierno,2,5,7,11
FLT007371,SCL,EZE,SCL,B737,2022-09-11,Baja,2,5,5,2
FLT007372,SCL,EZE,SCL,A320,2024-08-19,Alta_Invierno,2,6,8,11
FLT007373,SCL,JFK,SCL,A320,2023-01-01,Alta_Verano,2,5,6,9
FLT007374,SCL,EZE,SCL,A350,2022-07-17,Alta_Invierno,2,12,3,3
FLT007375,BOG,MAD,BOG,A320,2024-03-20,Baja,2,6,5,11
FLT007376,BOG,MAD,BOG,A350,2022-07-31,Alta_Invierno,2,8,8,
FLT007377,GRU,MAD,GRU,B737,2022-04-04,Baja,2,6,8,3
FLT007378,SCL,LIM,SCL,B737,2024-04-08,Baja,2,6,5,8
FLT007379,SCL,LIM,SCL,B767,2023-06-17,Alta_Invierno,2,7,6,4
FLT007380,SCL,BOG,SCL,B737,2023-01-01,Alta_Verano,2,6,4,9
FLT007381,SCL,JFK,SCL,A320,2023-06-09,Alta_Invierno,2,4,6,8
FLT007382,GRU,MIA,GRU,B737,2023-01-31,Alta_Verano,2,6,3,11
FLT007383,SCL,JFK,SCL,B737,2024-01-10,Alta_Verano,2,4,7,2
FLT007384,SCL,MIA,SCL,B737,2022-07-14,Alta_Invierno,2,5,3,4
FLT007385,SCL,LIM,SCL,B737,2023-06-05,Alta_Invierno,2,6,6,8
FLT007386,GRU,MAD,GRU,A320,2022-07-01,Alta_Invierno,2,6,3,5
FLT007387,SCL,BOG,SCL,B737,2022-06-14,Alta_Invierno,2,4,8,5
FLT007388,BOG,MAD,BOG,B767,2024-02-21,Alta_Verano,2,7,4,4
FLT007389,GRU,MIA,GRU,B737,2024-06-15,Alta_Invierno,2,4,7,12
FLT007390,EZE,GRU,EZE,B787,2023-07-03,Alta_Invierno,2,11,5,3
FLT007391,SCL,MAD,SCL,A320,2023-07-22,Alta_Invierno,2,4,7,5
FLT007392,SCL,MAD,SCL,A320,2023-01-03,Alta_Verano,2,4,7,14
FLT007393,SCL,LIM,SCL,A350,2024-05-05,Baja,2,8,4,3
FLT007394,GRU,MAD,GRU,B737,2023-07-15,Alta_Invierno,2,4,4,12
FLT007395,SCL,EZE,SCL,B767,2024-03-08,Baja,2,8,3,6
FLT007396,BOG,MIA,BOG,B787,2022-09-29,Baja,2,12,8,11
FLT007397,GRU,MIA,GRU,B737,2023-06-05,Alta_Invierno,2,6,7,2
FLT007398,BOG,MIA,BOG,B737,2023-01-15,Alta_Verano,2,6,5,11
FLT007399,SCL,MAD,SCL,A350,2024-05-11,Baja,2,12,6,5
FLT007400,SCL,JFK,SCL,A320,2023-11-05,Baja,2,4,8,5
FLT007401,EZE,GRU,EZE,B737,2023-01-23,Alta_Verano,2,5,6,12
FLT007402,GRU,MIA,GRU,A320,2023-08-11,Alta_Invierno,2,6,4,
FLT007403,SCL,MAD,SCL,B737,2023-03-07,Baja,2,5,7,4
FLT007404,GRU,MIA,GRU,B787,2022-05-27,Baja,2,12,3,6
FLT007405,GRU,MAD,GRU,B737,2022-01-01,Alta_Verano,2,4,8,13
FLT007406,EZE,GRU,EZE,B787,2024-03-17,Baja,2,8,7,11
FLT007407,GRU,MIA,GRU,B787,2024-09-23,Baja,2,9,7,13
FLT007408,LIM,BOG,LIM,B787,2023-05-22,Baja,2,10,7,2
FLT007409,SCL,LIM,SCL,B737,2022-07-24,Alta_Invierno,2,6,7,10
FLT007410,BOG,MIA,BOG,B737,2023-07-28,Alta_Invierno,2,6,6,7
FLT007411,SCL,EZE,SCL,A320,2024-09-22,Baja,2,4,5,4
FLT007412,LIM,BOG,LIM,B737,2023-07-03,Alta_Invierno,2,5,4,7
FLT007413,LIM,BOG,LIM,A320,2022-09-18,Baja,2,6,8,12
FLT007414,BOG,MAD,BOG,A320,2023-07-01,Alta_Invierno,2,6,7,4
FLT007415,BOG,MIA,BOG,A320,2023-07-29,Alta_Invierno,2,6,6,11
FLT007416,GRU,MAD,GRU,A320,2023-01-01,Alta_Verano,2,4,5,8
FLT007417,SCL,BOG,SCL,B737,2023-09-15,Baja,2,6,5,
FLT007418,LIM,GRU,LIM,B737,2023-10-05,Baja,2,4,5,4
FLT007419,BOG,MIA,BOG,A320,2022-01-03,Alta_Verano,2,6,3,10
FLT007420,BOG,MIA,BOG,A320,2024-03-11,Baja,2,6,8,2
FLT007421,BOG,MAD,BOG,B737,2024-02-06,Alta_Verano,2,5,6,3
FLT007422,LIM,MIA,LIM,A320,2023-10-24,Baja,2,5,4,11
FLT007423,GRU,MIA,GRU,A350,2023-06-09,Alta_Invierno,2,11,8,3
FLT007424,EZE,GRU,EZE,A350,2023-01-22,Alta_Verano,2,8,6,2
FLT007425,SCL,BOG,SCL,B767,2024-02-20,Alta_Verano,2,7,4,5
FLT007426,SCL,MIA,SCL,B737,2023-01-09,Alta_Verano,2,5,4,4
FLT007427,LIM,BOG,LIM,B787,2022-03-26,Baja,2,8,7,4
FLT007428,BOG,MIA,BOG,A320,2023-06-16,Alta_Invierno,2,5,7,2
FLT007429,EZE,GRU,EZE,B737,2023-11-02,Baja,2,5,4,4
FLT007430,EZE,GRU,EZE,B737,2022-08-06,Alta_Invierno,2,5,8,8
FLT007431,GRU,MIA,GRU,B767,2022-01-28,Alta_Verano,2,8,4,
FLT007432,LIM,GRU,LIM,B767,2023-01-08,Alta_Verano,2,7,4,3
FLT007433,BOG,MAD,BOG,B787,2022-07-10,Alta_Invierno,2,9,3,5
FLT007434,LIM,BOG,LIM,B737,2024-09-10,Baja,2,5,3,2
FLT007435,SCL,BOG,SCL,B737,2023-05-25,Baja,2,5,6,2
FLT007436,GRU,MAD,GRU,A320,2024-07-24,Alta_Invierno,2,6,5,5
FLT007437,LIM,MIA,LIM,B737,2024-03-30,Baja,2,4,7,14
FLT007438,SCL,MIA,SCL,B787,2023-03-14,Baja,2,9,8,5
FLT007439,SCL,MIA,SCL,B737,2024-10-15,Baja,2,6,3,7
FLT007440,EZE,GRU,EZE,B767,2024-12-11,Alta_Verano,2,6,3,11
FLT007441,SCL,BOG,SCL,A320,2023-02-13,Alta_Verano,2,4,5,3
FLT007442,LIM,MIA,LIM,B737,2022-06-23,Alta_Invierno,2,5,7,14
FLT007443,LIM,GRU,LIM,B737,2022-09-08,Baja,2,4,8,11
FLT007444,SCL,EZE,SCL,A320,2023-04-12,Baja,2,4,4,5
FLT007445,LIM,MIA,LIM,B787,2022-04-24,Baja,2,11,4,9
FLT007446,LIM,GRU,LIM,B787,2022-06-27,Alta_Invierno,2,12,4,6
FLT007447,LIM,GRU,LIM,A320,2022-01-11,Alta_Verano,2,6,5,8
FLT007448,SCL,MAD,SCL,B787,2024-11-27,Baja,2,8,8,11
FLT007449,GRU,MAD,GRU,B737,2022-01-22,Alta_Verano,2,6,4,5
FLT007450,LIM,BOG,LIM,B737,2023-07-21,Alta_Invierno,2,6,7,6
FLT007451,LIM,MIA,LIM,B767,2024-06-11,Alta_Invierno,2,8,8,5
FLT007452,SCL,JFK,SCL,B787,2024-02-07,Alta_Verano,2,9,6,9
FLT007453,LIM,BOG,LIM,B787,2024-04-16,Baja,2,11,6,5
FLT007454,BOG,MAD,BOG,B767,2024-10-28,Baja,2,7,6,5
FLT007455,SCL,MAD,SCL,B737,2023-01-16,Alta_Verano,2,6,4,3
FLT007456,SCL,MAD,SCL,A350,2022-01-30,Alta_Verano,2,10,4,10
FLT007457,SCL,MAD,SCL,B737,2022-06-26,Alta_Invierno,2,6,4,3
FLT007458,EZE,GRU,EZE,B737,2024-10-16,Baja,2,4,3,4
FLT007459,LIM,BOG,LIM,B737,2022-04-07,Baja,2,4,4,4
FLT007460,GRU,MIA,GRU,B737,2023-04-22,Baja,2,6,3,4
FLT007461,GRU,MIA,GRU,B737,2022-07-12,Alta_Invierno,2,6,6,14
FLT007462,SCL,EZE,SCL,B737,2024-05-09,Baja,2,6,7,5
FLT007463,EZE,GRU,EZE,B737,2022-11-14,Baja,2,5,5,10
FLT007464,BOG,MAD,BOG,B737,2023-11-24,Baja,2,6,4,4
FLT007465,BOG,MAD,BOG,A350,2023-10-16,Baja,2,8,7,8
FLT007466,GRU,MIA,GRU,B737,2023-02-08,Alta_Verano,2,4,4,3
FLT007467,GRU,MAD,GRU,B787,2022-12-24,Alta_Verano,2,12,8,4
FLT007468,SCL,EZE,SCL,B767,2023-06-10,Alta_Invierno,2,8,5,2
FLT007469,SCL,MAD,SCL,B737,2022-07-20,Alta_Invierno,2,4,7,7
FLT007470,BOG,MAD,BOG,B737,2022-04-05,Baja,2,5,6,3
FLT007471,LIM,BOG,LIM,B787,2024-11-03,Baja,2,12,3,4
FLT007472,SCL,LIM,SCL,B767,2022-01-02,Alta_Verano,2,6,8,7
FLT007473,EZE,GRU,EZE,A320,2024-03-14,Baja,2,6,7,2
FLT007474,LIM,BOG,LIM,B767,2023-01-12,Alta_Verano,2,8,5,14
FLT007475,SCL,MIA,SCL,A320,2022-04-18,Baja,2,5,6,14
FLT007476,SCL,MAD,SCL,B737,2022-11-20,Baja,2,5,8,7
FLT007477,LIM,MIA,LIM,B737,2024-01-18,Alta_Verano,2,5,5,14
FLT007478,SCL,LIM,SCL,A350,2024-04-30,Baja,2,10,3,3
FLT007479,LIM,GRU,LIM,A350,2023-12-18,Alta_Verano,2,9,3,10
FLT007480,EZE,GRU,EZE,B787,2024-07-20,Alta_Invierno,2,10,7,7
FLT007481,SCL,JFK,SCL,A320,2022-07-19,Alta_Invierno,2,4,4,6
FLT007482,SCL,EZE,SCL,A320,2022-08-30,Alta_Invierno,2,5,8,3
FLT007483,SCL,GRU,SCL,B737,2022-02-01,Alta_Verano,2,4,5,3
FLT007484,SCL,BOG,SCL,B767,2023-12-18,Alta_Verano,2,6,7,2
FLT007485,SCL,BOG,SCL,A320,2024-08-22,Alta_Invierno,2,6,7,6
FLT007486,SCL,GRU,SCL,B767,2024-12-04,Alta_Verano,2,7,7,4
FLT007487,SCL,JFK,SCL,A350,2024-01-22,Alta_Verano,2,12,4,10
FLT007488,LIM,MIA,LIM,B787,2024-09-05,Baja,2,11,3,2
FLT007489,SCL,JFK,SCL,A320,2024-01-05,Alta_Verano,2,5,8,14
FLT007490,SCL,MIA,SCL,A350,2023-01-27,Alta_Verano,2,8,4,7
FLT007491,SCL,LIM,SCL,A320,2022-01-13,Alta_Verano,2,5,5,2
FLT007492,LIM,MIA,LIM,B737,2022-12-24,Alta_Verano,2,4,4,3
FLT007493,SCL,BOG,SCL,A350,2024-03-21,Baja,2,11,4,3
FLT007494,SCL,BOG,SCL,A320,2024-04-22,Baja,2,6,6,8
FLT007495,BOG,MIA,BOG,A320,2024-01-10,Alta_Verano,2,6,4,13
FLT007496,BOG,MAD,BOG,B787,2024-11-26,Baja,2,8,6,5
FLT007497,BOG,MAD,BOG,A320,2023-11-21,Baja,2,5,8,9
FLT007498,LIM,MIA,LIM,A320,2022-11-23,Baja,2,6,3,4
FLT007499,LIM,BOG,LIM,A320,2024-01-09,Alta_Verano,2,4,3,10
FLT007500,SCL,BOG,SCL,A320,2023-11-10,Baja,2,4,3,5
FLT007501,SCL,MIA,SCL,B767,2022-10-15,Baja,2,6,4,3
FLT007502,SCL,LIM,SCL,B737,2024-02-19,Alta_Verano,2,4,4,8
FLT007503,GRU,MAD,GRU,B767,2024-01-29,Alta_Verano,2,6,4,3
FLT007504,SCL,MAD,SCL,A320,2023-06-12,Alta_Invierno,2,5,6,2
FLT007505,SCL,EZE,SCL,A350,2023-07-18,Alta_Invierno,2,10,6,5
FLT007506,LIM,BOG,LIM,A350,2023-07-18,Alta_Invierno,2,9,8,10
FLT007507,BOG,MAD,BOG,B737,2022-07-24,Alta_Invierno,2,6,6,9
FLT007508,SCL,LIM,SCL,B737,2022-10-29,Baja,2,6,8,4
FLT007509,SCL,LIM,SCL,A320,2023-11-12,Baja,2,5,3,5
FLT007510,SCL,MAD,SCL,A320,2023-07-14,Alta_Invierno,2,4,4,7
FLT007511,SCL,JFK,SCL,A350,2022-10-17,Baja,2,10,8,3
FLT007512,GRU,MAD,GRU,B737,2023-06-05,Alta_Invierno,2,4,7,
FLT007513,SCL,MIA,SCL,B737,2023-12-13,Alta_Verano,2,6,4,9
FLT007514,BOG,MIA,BOG,A350,2022-02-22,Alta_Verano,2,12,8,10
FLT007515,SCL,MAD,SCL,B737,2023-04-12,Baja,2,4,7,5
FLT007516,LIM,BOG,LIM,A320,2022-03-19,Baja,2,6,8,10
FLT007517,SCL,GRU,SCL,B767,2022-10-15,Baja,2,8,8,2
FLT007518,SCL,EZE,SCL,A320,2023-01-27,Alta_Verano,2,6,4,13
FLT007519,SCL,JFK,SCL,A320,2023-12-14,Alta_Verano,2,6,4,7
FLT007520,LIM,BOG,LIM,B787,2023-09-11,Baja,2,10,3,11
FLT007521,SCL,EZE,SCL,A320,2024-10-25,Baja,2,4,6,8
FLT007522,GRU,MIA,GRU,B787,2022-07-28,Alta_Invierno,2,9,4,9
FLT007523,LIM,GRU,LIM,B737,2023-05-11,Baja,2,5,6,4
FLT007524,LIM,GRU,LIM,A320,2023-11-09,Baja,2,5,7,7
FLT007525,SCL,JFK,SCL,A320,2024-01-10,Alta_Verano,2,5,3,6
FLT007526,SCL,BOG,SCL,B737,2023-08-04,Alta_Invierno,2,4,8,12
FLT007527,SCL,JFK,SCL,A320,2023-06-27,Alta_Invierno,2,5,4,9
FLT007528,BOG,MIA,BOG,A320,2022-07-31,Alta_Invierno,2,6,6,3
FLT007529,LIM,MIA,LIM,B787,2024-06-18,Alta_Invierno,2,12,3,8
FLT007530,LIM,BOG,LIM,B787,2024-01-11,Alta_Verano,2,12,8,4
FLT007531,GRU,MIA,GRU,B767,2023-10-31,Baja,2,6,6,11
FLT007532,BOG,MAD,BOG,B737,2023-06-11,Alta_Invierno,2,5,5,4
FLT007533,SCL,BOG,SCL,B767,2022-02-02,Alta_Verano,2,6,6,2
FLT007534,LIM,BOG,LIM,B767,2022-02-27,Alta_Verano,2,8,8,5
FLT007535,BOG,MAD,BOG,A320,2023-12-29,Alta_Verano,2,5,8,4
FLT007536,BOG,MAD,BOG,B767,2023-01-26,Alta_Verano,2,8,7,2
FLT007537,SCL,MAD,SCL,B737,2024-12-08,Alta_Verano,2,6,8,4
FLT007538,LIM,GRU,LIM,B787,2022-07-08,Alta_Invierno,2,10,5,14
FLT007539,SCL,GRU,SCL,A320,2022-02-24,Alta_Verano,2,5,4,5
FLT007540,SCL,EZE,SCL,A350,2022-04-13,Baja,2,11,8,12
FLT007541,SCL,MAD,SCL,B767,2024-01-13,Alta_Verano,2,8,3,6
FLT007542,GRU,MIA,GRU,A320,2022-07-08,Alta_Invierno,2,6,5,5
FLT007543,BOG,MAD,BOG,A350,2023-01-07,Alta_Verano,2,11,6,11
FLT007544,SCL,MAD,SCL,B737,2023-11-06,Baja,2,4,6,2
FLT007545,SCL,EZE,SCL,B767,2022-06-10,Alta_Invierno,2,8,5,7
FLT007546,BOG,MIA,BOG,A320,2022-12-08,Alta_Verano,2,6,3,14
FLT007547,LIM,MIA,LIM,B737,2022-04-02,Baja,2,4,4,7
FLT007548,SCL,MIA,SCL,A320,2022-07-18,Alta_Invierno,2,4,8,2
FLT007549,EZE,GRU,EZE,A350,2022-12-20,Alta_Verano,2,12,8,13
FLT007550,LIM,BOG,LIM,B787,2022-08-06,Alta_Invierno,2,9,3,5
FLT007551,GRU,MAD,GRU,B787,2023-07-22,Alta_Invierno,2,9,4,4
FLT007552,GRU,MIA,GRU,B787,2023-07-05,Alta_Invierno,2,9,6,12
FLT007553,BOG,MIA,BOG,B737,2022-06-02,Alta_Invierno,2,6,8,4
FLT007554,SCL,GRU,SCL,B787,2023-09-13,Baja,2,9,7,2
FLT007555,BOG,MAD,BOG,B737,2024-12-30,Alta_Verano,2,6,3,4
FLT007556,BOG,MIA,BOG,A320,2022-12-14,Alta_Verano,2,4,5,9
FLT007557,LIM,GRU,LIM,A320,2023-05-17,Baja,2,6,3,12
FLT007558,SCL,MIA,SCL,B767,2023-11-05,Baja,2,6,8,14
FLT007559,SCL,MIA,SCL,B787,2023-01-11,Alta_Verano,2,11,5,7
FLT007560,LIM,BOG,LIM,A320,2024-01-04,Alta_Verano,2,5,5,2
FLT007561,GRU,MIA,GRU,B767,2024-06-24,Alta_Invierno,2,6,8,14
FLT007562,SCL,BOG,SCL,B737,2022-10-22,Baja,2,5,6,11
FLT007563,SCL,JFK,SCL,B737,2024-07-06,Alta_Invierno,2,6,3,12
FLT007564,SCL,EZE,SCL,A320,2024-02-01,Alta_Verano,2,4,5,9
FLT007565,SCL,LIM,SCL,B787,2023-07-04,Alta_Invierno,2,8,3,10
FLT007566,SCL,BOG,SCL,B737,2023-10-01,Baja,2,6,4,7
FLT007567,EZE,GRU,EZE,A320,2024-01-02,Alta_Verano,2,6,7,5
FLT007568,SCL,EZE,SCL,B737,2023-03-30,Baja,2,6,7,5
FLT007569,SCL,BOG,SCL,B737,2023-12-05,Alta_Verano,2,6,3,6
FLT007570,BOG,MIA,BOG,A320,2023-03-12,Baja,2,6,8,3
FLT007571,SCL,BOG,SCL,A320,2024-07-09,Alta_Invierno,2,6,7,3
FLT007572,LIM,BOG,LIM,B737,2022-10-17,Baja,2,4,8,5
FLT007573,SCL,GRU,SCL,B737,2024-09-06,Baja,2,5,3,5
FLT007574,SCL,MIA,SCL,A350,2023-09-07,Baja,2,8,8,6
FLT007575,SCL,EZE,SCL,B737,2024-01-22,Alta_Verano,2,4,5,7
FLT007576,GRU,MAD,GRU,A320,2023-11-23,Baja,2,5,4,
FLT007577,SCL,JFK,SCL,B737,2024-03-01,Baja,2,6,3,5
FLT007578,BOG,MIA,BOG,B737,2024-07-14,Alta_Invierno,2,5,5,13
FLT007579,LIM,MIA,LIM,B737,2024-07-09,Alta_Invierno,2,4,5,
FLT007580,SCL,BOG,SCL,A350,2022-07-14,Alta_Invierno,2,9,4,11
FLT007581,SCL,BOG,SCL,B737,2024-01-02,Alta_Verano,2,4,4,2
FLT007582,SCL,MAD,SCL,B737,2023-01-01,Alta_Verano,2,5,3,10
FLT007583,BOG,MAD,BOG,A320,2024-06-27,Alta_Invierno,2,5,4,12
FLT007584,SCL,MIA,SCL,B767,2022-10-31,Baja,2,6,8,10
FLT007585,SCL,MAD,SCL,B737,2023-06-10,Alta_Invierno,2,6,4,4
FLT007586,SCL,GRU,SCL,B767,2022-05-05,Baja,2,7,8,11
FLT007587,SCL,JFK,SCL,A320,2022-01-12,Alta_Verano,2,6,5,3
FLT007588,EZE,GRU,EZE,B787,2022-07-03,Alta_Invierno,2,10,4,5
FLT007589,GRU,MIA,GRU,B767,2024-04-01,Baja,2,6,5,3
FLT007590,BOG,MIA,BOG,B737,2023-01-27,Alta_Verano,2,5,8,4
FLT007591,BOG,MIA,BOG,B737,2024-01-19,Alta_Verano,2,6,7,4
FLT007592,LIM,MIA,LIM,B787,2022-12-30,Alta_Verano,2,12,3,4
FLT007593,GRU,MAD,GRU,B767,2023-04-25,Baja,2,8,3,2
FLT007594,SCL,LIM,SCL,B737,2022-10-21,Baja,2,6,7,10
FLT007595,LIM,BOG,LIM,A320,2023-04-11,Baja,2,6,3,2
FLT007596,SCL,BOG,SCL,B787,2024-12-12,Alta_Verano,2,12,5,4
FLT007597,GRU,MAD,GRU,B767,2024-08-06,Alta_Invierno,2,7,8,8
FLT007598,SCL,JFK,SCL,A320,2023-07-26,Alta_Invierno,2,4,5,12
FLT007599,GRU,MAD,GRU,B737,2022-07-14,Alta_Invierno,2,4,6,3
FLT007600,GRU,MAD,GRU,A320,2023-10-30,Baja,2,4,5,4
FLT007601,SCL,MIA,SCL,A320,2024-05-24,Baja,2,4,6,12
FLT007602,SCL,BOG,SCL,A350,2022-06-12,Alta_Invierno,2,11,7,3
FLT007603,SCL,GRU,SCL,A320,2023-02-23,Alta_Verano,2,4,8,5
FLT007604,SCL,MAD,SCL,A350,2022-01-03,Alta_Verano,2,11,8,2
FLT007605,SCL,MIA,SCL,B767,2022-11-07,Baja,2,6,8,8
FLT007606,EZE,GRU,EZE,B737,2022-02-06,Alta_Verano,2,5,3,4
FLT007607,SCL,MAD,SCL,A320,2023-10-04,Baja,2,5,6,12
FLT007608,BOG,MIA,BOG,B737,2024-03-03,Baja,2,6,7,5
FLT007609,SCL,BOG,SCL,B787,2022-01-29,Alta_Verano,2,12,5,3
FLT007610,LIM,GRU,LIM,B737,2024-07-10,Alta_Invierno,2,4,7,3
FLT007611,SCL,BOG,SCL,B737,2023-08-21,Alta_Invierno,2,5,7,9
FLT007612,SCL,BOG,SCL,B767,2023-03-02,Baja,2,6,3,2
FLT007613,LIM,GRU,LIM,B737,2022-09-06,Baja,2,5,7,13
FLT007614,BOG,MAD,BOG,B737,2022-01-14,Alta_Verano,2,5,3,5
FLT007615,LIM,BOG,LIM,B787,2022-11-23,Baja,2,12,8,3
FLT007616,LIM,BOG,LIM,A320,2023-04-14,Baja,2,6,6,2
FLT007617,SCL,LIM,SCL,B737,2023-08-22,Alta_Invierno,2,4,4,5
FLT007618,EZE,GRU,EZE,A320,2023-10-25,Baja,2,5,7,2
FLT007619,LIM,BOG,LIM,B737,2023-12-29,Alta_Verano,2,4,6,4
FLT007620,BOG,MIA,BOG,A320,2024-12-30,Alta_Verano,2,6,8,10
FLT007621,SCL,MIA,SCL,B737,2023-11-16,Baja,2,6,6,
FLT007622,BOG,MAD,BOG,A350,2023-09-26,Baja,2,12,4,5
FLT007623,EZE,GRU,EZE,A320,2022-09-24,Baja,2,4,3,2
FLT007624,SCL,JFK,SCL,A320,2024-01-02,Alta_Verano,2,5,3,13
FLT007625,SCL,JFK,SCL,B787,2024-05-02,Baja,2,8,7,5
FLT007626,BOG,MIA,BOG,B767,2024-07-13,Alta_Invierno,2,7,3,10
FLT007627,GRU,MIA,GRU,A320,2023-09-18,Baja,2,5,6,4
FLT007628,LIM,GRU,LIM,B787,2023-03-08,Baja,2,12,8,4
FLT007629,SCL,MAD,SCL,B737,2024-01-01,Alta_Verano,2,6,3,3
FLT007630,SCL,BOG,SCL,A350,2022-07-19,Alta_Invierno,2,11,8,9
FLT007631,SCL,MIA,SCL,B737,2024-01-28,Alta_Verano,2,5,4,5
FLT007632,BOG,MIA,BOG,B737,2023-01-14,Alta_Verano,2,4,8,5
FLT007633,LIM,BOG,LIM,B737,2022-02-14,Alta_Verano,2,5,5,6
FLT007634,BOG,MAD,BOG,A320,2022-01-24,Alta_Verano,2,6,3,2
FLT007635,BOG,MAD,BOG,B767,2023-06-10,Alta_Invierno,2,6,6,4
FLT007636,GRU,MAD,GRU,B737,2023-07-02,Alta_Invierno,2,6,8,4
FLT007637,BOG,MAD,BOG,A320,2022-10-02,Baja,2,4,4,5
FLT007638,LIM,BOG,LIM,B787,2024-02-15,Alta_Verano,2,10,8,4
FLT007639,LIM,BOG,LIM,B737,2023-03-20,Baja,2,6,5,7
FLT007640,EZE,GRU,EZE,B767,2022-01-29,Alta_Verano,2,7,7,11
FLT007641,LIM,GRU,LIM,A320,2022-08-12,Alta_Invierno,2,4,5,5
FLT007642,SCL,MAD,SCL,A320,2024-05-08,Baja,2,6,6,2
FLT007643,SCL,MIA,SCL,B787,2024-11-21,Baja,2,8,3,4
FLT007644,SCL,JFK,SCL,B767,2023-01-27,Alta_Verano,2,6,3,4
FLT007645,LIM,MIA,LIM,A320,2024-09-02,Baja,2,4,5,13
FLT007646,LIM,BOG,LIM,B787,2022-10-23,Baja,2,12,3,3
FLT007647,EZE,GRU,EZE,B737,2024-03-02,Baja,2,5,8,7
FLT007648,SCL,EZE,SCL,A320,2022-12-26,Alta_Verano,2,4,6,6
FLT007649,LIM,MIA,LIM,B737,2022-06-13,Alta_Invierno,2,5,4,9
FLT007650,LIM,BOG,LIM,B737,2023-08-12,Alta_Invierno,2,4,4,9
FLT007651,SCL,LIM,SCL,A350,2024-01-19,Alta_Verano,2,10,4,12
FLT007652,SCL,LIM,SCL,B737,2023-10-21,Baja,2,4,5,3
FLT007653,LIM,MIA,LIM,B737,2022-05-24,Baja,2,4,5,4
FLT007654,LIM,MIA,LIM,A350,2024-08-21,Alta_Invierno,2,10,5,2
FLT007655,SCL,MAD,SCL,A350,2023-07-22,Alta_Invierno,2,9,3,5
FLT007656,SCL,JFK,SCL,A320,2024-10-13,Baja,2,5,3,11
FLT007657,BOG,MAD,BOG,A320,2024-03-24,Baja,2,6,7,5
FLT007658,GRU,MAD,GRU,B767,2022-04-19,Baja,2,8,8,4
FLT007659,SCL,EZE,SCL,B767,2024-07-19,Alta_Invierno,2,6,7,5
FLT007660,SCL,EZE,SCL,B787,2024-02-25,Alta_Verano,2,12,3,10
FLT007661,SCL,MIA,SCL,B737,2024-01-07,Alta_Verano,2,5,3,5
FLT007662,LIM,BOG,LIM,A350,2022-11-18,Baja,2,8,6,5
FLT007663,SCL,BOG,SCL,A350,2022-01-05,Alta_Verano,2,8,5,10
FLT007664,LIM,MIA,LIM,B737,2024-08-06,Alta_Invierno,2,6,5,12
FLT007665,LIM,GRU,LIM,B737,2024-06-18,Alta_Invierno,2,4,3,2
FLT007666,SCL,BOG,SCL,B767,2024-12-12,Alta_Verano,2,7,4,4
FLT007667,LIM,BOG,LIM,A320,2022-04-04,Baja,2,5,6,4
FLT007668,SCL,MAD,SCL,B787,2022-07-15,Alta_Invierno,2,10,5,13
FLT007669,BOG,MIA,BOG,B767,2022-07-02,Alta_Invierno,2,7,6,5
FLT007670,SCL,MIA,SCL,B737,2024-07-21,Alta_Invierno,2,6,3,13
FLT007671,GRU,MAD,GRU,A320,2022-04-18,Baja,2,6,8,
FLT007672,LIM,BOG,LIM,B737,2024-07-05,Alta_Invierno,2,4,8,6
FLT007673,SCL,BOG,SCL,A320,2022-01-13,Alta_Verano,2,4,8,3
FLT007674,EZE,GRU,EZE,A320,2024-02-14,Alta_Verano,2,6,5,13
FLT007675,LIM,BOG,LIM,A350,2024-01-23,Alta_Verano,2,9,3,13
FLT007676,SCL,EZE,SCL,B737,2024-08-03,Alta_Invierno,2,4,6,5
FLT007677,SCL,MIA,SCL,B787,2022-07-24,Alta_Invierno,2,11,4,4
FLT007678,BOG,MAD,BOG,B767,2022-01-30,Alta_Verano,2,6,4,8
FLT007679,BOG,MAD,BOG,B767,2024-05-15,Baja,2,6,3,5
FLT007680,SCL,JFK,SCL,B737,2024-08-18,Alta_Invierno,2,5,3,5
FLT007681,GRU,MAD,GRU,A320,2023-06-03,Alta_Invierno,2,4,6,3
FLT007682,SCL,EZE,SCL,A320,2024-03-06,Baja,2,5,8,2
FLT007683,LIM,BOG,LIM,B787,2024-01-24,Alta_Verano,2,12,6,2
FLT007684,SCL,MIA,SCL,A320,2022-02-12,Alta_Verano,2,6,8,8
FLT007685,SCL,GRU,SCL,B737,2024-08-08,Alta_Invierno,2,4,6,6
FLT007686,LIM,BOG,LIM,A320,2023-01-03,Alta_Verano,2,5,7,5
FLT007687,SCL,EZE,SCL,A350,2024-01-25,Alta_Verano,2,9,6,4
FLT007688,GRU,MIA,GRU,B737,2024-07-19,Alta_Invierno,2,4,8,5
FLT007689,BOG,MIA,BOG,A320,2022-01-05,Alta_Verano,2,6,5,4
FLT007690,EZE,GRU,EZE,B767,2022-12-21,Alta_Verano,2,8,8,3
FLT007691,SCL,BOG,SCL,A320,2024-01-19,Alta_Verano,2,4,6,13
FLT007692,BOG,MAD,BOG,B767,2024-07-02,Alta_Invierno,2,7,8,2
FLT007693,SCL,BOG,SCL,A320,2022-07-03,Alta_Invierno,2,6,3,4
FLT007694,LIM,MIA,LIM,B767,2024-01-10,Alta_Verano,2,7,4,11
FLT007695,LIM,MIA,LIM,A350,2022-11-07,Baja,2,11,5,5
FLT007696,LIM,BOG,LIM,A320,2022-04-21,Baja,2,6,7,10
FLT007697,SCL,MAD,SCL,A320,2022-06-26,Alta_Invierno,2,4,3,9
FLT007698,SCL,LIM,SCL,A350,2022-02-16,Alta_Verano,2,8,4,10
FLT007699,GRU,MIA,GRU,A320,2024-10-05,Baja,2,6,6,13
FLT007700,SCL,GRU,SCL,A320,2024-04-01,Baja,2,4,5,2
FLT007701,LIM,GRU,LIM,B787,2024-03-21,Baja,2,12,8,14
FLT007702,SCL,BOG,SCL,B787,2024-01-18,Alta_Verano,2,9,8,12
FLT007703,SCL,LIM,SCL,B787,2023-04-01,Baja,2,11,6,4
FLT007704,GRU,MAD,GRU,B737,2023-02-05,Alta_Verano,2,4,4,5
FLT007705,SCL,LIM,SCL,B737,2024-07-19,Alta_Invierno,2,5,4,4
FLT007706,LIM,BOG,LIM,B737,2024-12-08,Alta_Verano,2,5,4,2
FLT007707,SCL,JFK,SCL,B737,2024-10-17,Baja,2,6,8,8
FLT007708,BOG,MIA,BOG,B737,2023-04-19,Baja,2,6,8,3
FLT007709,LIM,MIA,LIM,B767,2024-08-19,Alta_Invierno,2,6,5,5
FLT007710,SCL,BOG,SCL,A320,2024-09-02,Baja,2,4,7,3
FLT007711,GRU,MIA,GRU,B737,2024-07-31,Alta_Invierno,2,6,3,6
FLT007712,GRU,MAD,GRU,B737,2022-10-04,Baja,2,4,8,9
FLT007713,SCL,LIM,SCL,B787,2022-07-20,Alta_Invierno,2,8,5,4
FLT007714,EZE,GRU,EZE,B737,2022-07-29,Alta_Invierno,2,4,3,3
FLT007715,SCL,MAD,SCL,B737,2022-07-09,Alta_Invierno,2,4,4,2
FLT007716,SCL,JFK,SCL,B737,2024-02-19,Alta_Verano,2,4,3,9
FLT007717,SCL,MIA,SCL,B767,2022-02-04,Alta_Verano,2,7,6,2
FLT007718,SCL,JFK,SCL,B767,2023-04-23,Baja,2,8,5,13
FLT007719,BOG,MIA,BOG,B787,2024-12-29,Alta_Verano,2,12,5,7
FLT007720,BOG,MAD,BOG,A320,2023-01-18,Alta_Verano,2,6,7,6
FLT007721,LIM,MIA,LIM,A320,2022-10-05,Baja,2,4,8,4
FLT007722,LIM,BOG,LIM,B737,2023-05-29,Baja,2,5,3,
FLT007723,GRU,MIA,GRU,A350,2022-09-05,Baja,2,10,8,9
FLT007724,LIM,MIA,LIM,B767,2023-09-17,Baja,2,8,8,4
FLT007725,EZE,GRU,EZE,B737,2023-02-18,Alta_Verano,2,6,7,5
FLT007726,SCL,MIA,SCL,B767,2023-01-27,Alta_Verano,2,6,8,12
FLT007727,BOG,MAD,BOG,A350,2022-01-30,Alta_Verano,2,11,6,8
FLT007728,GRU,MAD,GRU,B787,2024-10-12,Baja,2,12,3,2
FLT007729,SCL,JFK,SCL,B737,2023-01-03,Alta_Verano,2,6,6,8
FLT007730,BOG,MIA,BOG,B737,2022-04-03,Baja,2,5,6,5
FLT007731,SCL,JFK,SCL,B737,2022-07-25,Alta_Invierno,2,4,6,
FLT007732,BOG,MAD,BOG,B767,2022-02-07,Alta_Verano,2,8,7,3
FLT007733,EZE,GRU,EZE,B787,2024-02-04,Alta_Verano,2,10,5,3
FLT007734,SCL,BOG,SCL,B787,2022-09-13,Baja,2,8,3,2
FLT007735,SCL,LIM,SCL,A320,2023-02-20,Alta_Verano,2,4,4,9
FLT007736,LIM,MIA,LIM,A350,2024-04-03,Baja,2,10,4,13
FLT007737,EZE,GRU,EZE,A320,2024-04-12,Baja,2,6,6,14
FLT007738,SCL,JFK,SCL,A320,2024-01-05,Alta_Verano,2,4,6,11
FLT007739,BOG,MAD,BOG,A320,2023-11-15,Baja,2,6,8,3
FLT007740,BOG,MIA,BOG,A320,2024-12-20,Alta_Verano,2,5,7,7
FLT007741,BOG,MAD,BOG,B767,2024-01-28,Alta_Verano,2,6,6,10
FLT007742,EZE,GRU,EZE,A320,2024-01-12,Alta_Verano,2,5,4,10
FLT007743,LIM,MIA,LIM,B737,2022-12-27,Alta_Verano,2,5,3,5
FLT007744,LIM,MIA,LIM,B737,2022-07-16,Alta_Invierno,2,6,4,14
FLT007745,SCL,EZE,SCL,B737,2022-12-20,Alta_Verano,2,5,7,3
FLT007746,LIM,GRU,LIM,A320,2024-01-25,Alta_Verano,2,6,6,5
FLT007747,SCL,BOG,SCL,B787,2024-10-24,Baja,2,9,8,12
FLT007748,GRU,MAD,GRU,A320,2022-07-25,Alta_Invierno,2,6,5,5
FLT007749,BOG,MIA,BOG,A320,2024-11-18,Baja,2,4,5,4
FLT007750,SCL,BOG,SCL,A320,2022-08-22,Alta_Invierno,2,5,7,14
FLT007751,GRU,MAD,GRU,B767,2022-07-01,Alta_Invierno,2,8,7,9
FLT007752,SCL,EZE,SCL,B737,2022-11-15,Baja,2,4,5,4
FLT007753,SCL,JFK,SCL,B737,2024-07-01,Alta_Invierno,2,5,8,2
FLT007754,EZE,GRU,EZE,B737,2024-06-01,Alta_Invierno,2,6,6,4
FLT007755,BOG,MAD,BOG,B737,2022-03-18,Baja,2,4,5,4
FLT007756,LIM,GRU,LIM,A350,2022-06-16,Alta_Invierno,2,11,6,
FLT007757,EZE,GRU,EZE,A350,2024-02-23,Alta_Verano,2,8,5,3
FLT007758,BOG,MIA,BOG,B737,2023-09-14,Baja,2,6,5,4
FLT007759,SCL,EZE,SCL,B787,2023-01-02,Alta_Verano,2,9,7,13
FLT007760,SCL,MAD,SCL,A320,2022-01-22,Alta_Verano,2,6,4,5
FLT007761,EZE,GRU,EZE,B737,2024-01-01,Alta_Verano,2,5,6,4
FLT007762,SCL,EZE,SCL,B737,2022-11-20,Baja,2,4,6,3
FLT007763,SCL,MIA,SCL,A320,2022-08-03,Alta_Invierno,2,4,5,9
FLT007764,SCL,MAD,SCL,A320,2022-01-05,Alta_Verano,2,4,5,14
FLT007765,SCL,JFK,SCL,A320,2023-05-20,Baja,2,4,7,14
FLT007766,SCL,JFK,SCL,A320,2023-04-09,Baja,2,5,7,14
FLT007767,SCL,EZE,SCL,B767,2023-01-21,Alta_Verano,2,6,7,8
FLT007768,SCL,BOG,SCL,B767,2022-12-04,Alta_Verano,2,8,6,13
FLT007769,SCL,MIA,SCL,A320,2023-07-12,Alta_Invierno,2,5,7,4
FLT007770,GRU,MAD,GRU,A320,2024-02-16,Alta_Verano,2,6,8,3
FLT007771,BOG,MAD,BOG,B737,2022-08-10,Alta_Invierno,2,5,4,12
FLT007772,SCL,BOG,SCL,A320,2024-07-16,Alta_Invierno,2,4,6,6
FLT007773,EZE,GRU,EZE,A320,2022-08-06,Alta_Invierno,2,4,5,2
FLT007774,BOG,MIA,BOG,B737,2023-07-19,Alta_Invierno,2,4,7,10
FLT007775,SCL,LIM,SCL,A320,2024-12-02,Alta_Verano,2,6,6,10
FLT007776,SCL,EZE,SCL,B737,2023-12-26,Alta_Verano,2,6,4,3
FLT007777,SCL,LIM,SCL,A320,2023-09-08,Baja,2,4,3,7
FLT007778,LIM,BOG,LIM,B767,2022-09-29,Baja,2,7,5,5
FLT007779,SCL,LIM,SCL,A320,2022-07-29,Alta_Invierno,2,4,6,6
FLT007780,LIM,GRU,LIM,A320,2024-10-24,Baja,2,6,6,10
FLT007781,LIM,MIA,LIM,A320,2022-01-15,Alta_Verano,2,4,3,5
FLT007782,SCL,BOG,SCL,A320,2022-07-19,Alta_Invierno,2,5,6,11
FLT007783,SCL,BOG,SCL,A320,2024-01-19,Alta_Verano,2,4,8,4
FLT007784,SCL,JFK,SCL,A350,2023-08-23,Alta_Invierno,2,8,7,12
FLT007785,LIM,GRU,LIM,B787,2024-02-06,Alta_Verano,2,12,4,3
FLT007786,LIM,BOG,LIM,B737,2023-04-25,Baja,2,4,7,13
FLT007787,SCL,JFK,SCL,B787,2024-02-24,Alta_Verano,2,10,6,4
FLT007788,BOG,MAD,BOG,B737,2022-07-23,Alta_Invierno,2,4,8,14
FLT007789,SCL,GRU,SCL,B737,2022-01-20,Alta_Verano,2,4,5,
FLT007790,EZE,GRU,EZE,A350,2023-10-06,Baja,2,10,5,6
FLT007791,LIM,GRU,LIM,B767,2022-03-06,Baja,2,6,8,4
FLT007792,LIM,BOG,LIM,A320,2024-02-07,Alta_Verano,2,4,5,2
FLT007793,EZE,GRU,EZE,A320,2024-02-03,Alta_Verano,2,6,8,2
FLT007794,GRU,MIA,GRU,B787,2023-10-02,Baja,2,11,6,4
FLT007795,GRU,MIA,GRU,A320,2024-09-23,Baja,2,5,4,13
FLT007796,SCL,LIM,SCL,B737,2022-05-14,Baja,2,6,7,6
FLT007797,SCL,EZE,SCL,A320,2023-02-08,Alta_Verano,2,5,8,
FLT007798,EZE,GRU,EZE,B737,2024-05-09,Baja,2,5,6,5
FLT007799,LIM,MIA,LIM,B737,2023-02-16,Alta_Verano,2,4,7,11
FLT007800,GRU,MIA,GRU,B737,2024-01-12,Alta_Verano,2,5,7,12
FLT007801,SCL,JFK,SCL,B787,2024-07-08,Alta_Invierno,2,8,4,
FLT007802,SCL,LIM,SCL,A320,2024-10-10,Baja,2,5,7,3
FLT007803,LIM,GRU,LIM,B767,2022-07-22,Alta_Invierno,2,7,8,7
FLT007804,LIM,MIA,LIM,B767,2024-05-24,Baja,2,8,6,2
FLT007805,SCL,LIM,SCL,B737,2023-10-31,Baja,2,5,8,3
FLT007806,EZE,GRU,EZE,B737,2022-10-02,Baja,2,5,4,2
FLT007807,BOG,MIA,BOG,B737,2023-11-18,Baja,2,4,7,12
FLT007808,SCL,LIM,SCL,A320,2024-01-14,Alta_Verano,2,6,4,13
FLT007809,LIM,MIA,LIM,B737,2023-07-08,Alta_Invierno,2,4,4,5
FLT007810,SCL,JFK,SCL,B737,2022-01-11,Alta_Verano,2,6,4,
FLT007811,LIM,BOG,LIM,B737,2022-07-13,Alta_Invierno,2,6,6,4
FLT007812,GRU,MIA,GRU,B737,2024-07-31,Alta_Invierno,2,4,3,4
FLT007813,LIM,MIA,LIM,B787,2022-07-18,Alta_Invierno,2,10,5,2
FLT007814,SCL,MAD,SCL,A350,2023-12-21,Alta_Verano,2,12,5,5
FLT007815,SCL,MIA,SCL,A320,2023-04-15,Baja,2,5,7,11
FLT007816,BOG,MIA,BOG,A350,2024-10-18,Baja,2,8,8,2
FLT007817,SCL,MIA,SCL,A320,2022-02-02,Alta_Verano,2,4,3,5
FLT007818,SCL,MAD,SCL,A320,2022-11-11,Baja,2,4,4,4
FLT007819,GRU,MAD,GRU,A320,2022-11-21,Baja,2,5,8,5
FLT007820,LIM,BOG,LIM,A320,2022-07-05,Alta_Invierno,2,4,4,3
FLT007821,BOG,MIA,BOG,A320,2023-06-17,Alta_Invierno,2,6,7,13
FLT007822,SCL,BOG,SCL,A320,2023-10-13,Baja,2,4,6,2
FLT007823,LIM,GRU,LIM,A350,2024-01-30,Alta_Verano,2,9,6,11
FLT007824,EZE,GRU,EZE,B787,2023-03-06,Baja,2,11,7,4
FLT007825,GRU,MIA,GRU,A320,2024-01-17,Alta_Verano,2,5,7,2
FLT007826,SCL,MAD,SCL,A350,2022-07-12,Alta_Invierno,2,11,5,9
FLT007827,GRU,MAD,GRU,B767,2024-05-09,Baja,2,8,8,6
FLT007828,BOG,MAD,BOG,A320,2024-02-20,Alta_Verano,2,6,3,2
FLT007829,SCL,BOG,SCL,A320,2024-11-06,Baja,2,5,5,5
FLT007830,SCL,JFK,SCL,A320,2022-07-05,Alta_Invierno,2,6,5,3
FLT007831,LIM,MIA,LIM,B737,2022-12-31,Alta_Verano,2,5,3,2
FLT007832,GRU,MAD,GRU,A320,2023-01-13,Alta_Verano,2,4,8,7
FLT007833,SCL,MAD,SCL,B767,2024-07-24,Alta_Invierno,2,8,6,14
FLT007834,BOG,MIA,BOG,B737,2024-10-05,Baja,2,4,7,3
FLT007835,SCL,LIM,SCL,B737,2023-01-21,Alta_Verano,2,6,6,4
FLT007836,LIM,GRU,LIM,A320,2024-09-27,Baja,2,6,5,3
FLT007837,EZE,GRU,EZE,B737,2024-06-28,Alta_Invierno,2,4,5,6
FLT007838,SCL,EZE,SCL,B737,2024-05-14,Baja,2,5,5,7
FLT007839,LIM,MIA,LIM,B767,2022-07-24,Alta_Invierno,2,7,3,2
FLT007840,BOG,MAD,BOG,A320,2024-02-08,Alta_Verano,2,5,4,3
FLT007841,LIM,BOG,LIM,B737,2022-07-01,Alta_Invierno,2,5,6,2
FLT007842,SCL,EZE,SCL,B787,2022-04-04,Baja,2,9,4,5
FLT007843,SCL,JFK,SCL,A350,2022-09-26,Baja,2,11,3,13
FLT007844,BOG,MAD,BOG,B767,2023-07-12,Alta_Invierno,2,8,6,11
FLT007845,GRU,MAD,GRU,A320,2022-05-29,Baja,2,4,7,2
FLT007846,BOG,MIA,BOG,B737,2024-10-09,Baja,2,6,6,5
FLT007847,LIM,BOG,LIM,B787,2022-04-02,Baja,2,9,5,8
FLT007848,GRU,MAD,GRU,A350,2022-12-11,Alta_Verano,2,10,7,5
FLT007849,SCL,GRU,SCL,A320,2022-10-02,Baja,2,4,7,4
FLT007850,BOG,MAD,BOG,B737,2022-11-30,Baja,2,4,6,5
FLT007851,GRU,MIA,GRU,B737,2022-01-04,Alta_Verano,2,4,6,5
FLT007852,SCL,BOG,SCL,A320,2023-12-15,Alta_Verano,2,4,4,13
FLT007853,SCL,GRU,SCL,B767,2023-02-05,Alta_Verano,2,7,4,11
FLT007854,GRU,MIA,GRU,B737,2024-04-10,Baja,2,6,3,4
FLT007855,SCL,MIA,SCL,B737,2024-07-07,Alta_Invierno,2,4,5,2
FLT007856,SCL,EZE,SCL,B737,2023-09-11,Baja,2,6,7,5
FLT007857,SCL,MIA,SCL,B737,2023-01-27,Alta_Verano,2,6,5,13
FLT007858,SCL,GRU,SCL,A320,2022-06-05,Alta_Invierno,2,6,8,12
FLT007859,SCL,MAD,SCL,B767,2022-07-07,Alta_Invierno,2,7,6,2
FLT007860,EZE,GRU,EZE,B767,2024-05-01,Baja,2,6,3,4
FLT007861,SCL,LIM,SCL,A320,2022-10-18,Baja,2,5,4,13
FLT007862,EZE,GRU,EZE,B737,2024-12-12,Alta_Verano,2,5,5,14
FLT007863,LIM,GRU,LIM,A320,2023-03-09,Baja,2,6,7,2
FLT007864,SCL,JFK,SCL,A350,2022-06-01,Alta_Invierno,2,8,6,5
FLT007865,SCL,EZE,SCL,B787,2023-02-21,Alta_Verano,2,12,7,8
FLT007866,GRU,MIA,GRU,B737,2023-08-23,Alta_Invierno,2,4,5,12
FLT007867,SCL,JFK,SCL,B737,2024-02-13,Alta_Verano,2,4,6,3
FLT007868,SCL,GRU,SCL,A320,2024-09-16,Baja,2,4,6,7
FLT007869,SCL,MIA,SCL,A320,2022-01-20,Alta_Verano,2,5,4,8
FLT007870,SCL,GRU,SCL,B737,2022-10-21,Baja,2,4,4,3
FLT007871,SCL,EZE,SCL,A320,2024-07-22,Alta_Invierno,2,5,5,9
FLT007872,SCL,EZE,SCL,B737,2022-07-04,Alta_Invierno,2,6,7,5
FLT007873,SCL,LIM,SCL,A350,2023-07-12,Alta_Invierno,2,10,6,7
FLT007874,SCL,MIA,SCL,B737,2022-01-28,Alta_Verano,2,6,3,8
FLT007875,SCL,EZE,SCL,A350,2024-05-09,Baja,2,9,7,4
FLT007876,SCL,EZE,SCL,A350,2023-11-26,Baja,2,9,3,3
FLT007877,SCL,LIM,SCL,B737,2024-07-19,Alta_Invierno,2,5,7,3
FLT007878,SCL,LIM,SCL,A320,2023-10-30,Baja,2,5,4,7
FLT007879,SCL,JFK,SCL,B767,2024-10-16,Baja,2,8,5,10
FLT007880,SCL,EZE,SCL,A350,2022-10-29,Baja,2,10,5,4
FLT007881,SCL,MAD,SCL,A320,2022-01-30,Alta_Verano,2,5,8,7
FLT007882,SCL,MIA,SCL,B737,2023-04-29,Baja,2,6,8,2
FLT007883,SCL,GRU,SCL,A320,2024-06-09,Alta_Invierno,2,5,8,6
FLT007884,GRU,MIA,GRU,A350,2022-01-21,Alta_Verano,2,9,7,11
FLT007885,SCL,GRU,SCL,A320,2023-07-28,Alta_Invierno,2,5,7,3
FLT007886,SCL,BOG,SCL,B767,2024-07-20,Alta_Invierno,2,7,7,4
FLT007887,EZE,GRU,EZE,B767,2023-01-06,Alta_Verano,2,8,8,5
FLT007888,LIM,GRU,LIM,B787,2024-07-12,Alta_Invierno,2,12,6,8
FLT007889,LIM,GRU,LIM,A350,2023-12-15,Alta_Verano,2,11,7,6
FLT007890,EZE,GRU,EZE,B767,2022-07-04,Alta_Invierno,2,6,5,7
FLT007891,LIM,MIA,LIM,B737,2023-10-28,Baja,2,6,3,8
FLT007892,SCL,GRU,SCL,B767,2024-07-12,Alta_Invierno,2,7,4,2
FLT007893,GRU,MAD,GRU,A320,2024-06-23,Alta_Invierno,2,5,5,8
FLT007894,BOG,MAD,BOG,B737,2024-12-09,Alta_Verano,2,6,7,4
FLT007895,BOG,MIA,BOG,B737,2024-12-09,Alta_Verano,2,5,6,5
FLT007896,GRU,MIA,GRU,B737,2023-04-30,Baja,2,4,8,2
FLT007897,SCL,LIM,SCL,B737,2023-09-17,Baja,2,6,5,7
FLT007898,SCL,MAD,SCL,B767,2022-06-04,Alta_Invierno,2,8,3,10
FLT007899,LIM,BOG,LIM,A350,2022-05-21,Baja,2,9,7,4
FLT007900,LIM,BOG,LIM,B737,2024-03-17,Baja,2,5,7,6
FLT007901,SCL,GRU,SCL,A320,2023-01-07,Alta_Verano,2,5,8,10
FLT007902,SCL,LIM,SCL,A350,2023-04-13,Baja,2,12,5,3
FLT007903,SCL,LIM,SCL,B767,2024-08-23,Alta_Invierno,2,6,6,12
FLT007904,LIM,GRU,LIM,A320,2023-06-25,Alta_Invierno,2,4,4,5
FLT007905,LIM,MIA,LIM,B737,2024-01-12,Alta_Verano,2,5,8,2
FLT007906,SCL,JFK,SCL,B737,2023-03-28,Baja,2,6,5,2
FLT007907,SCL,JFK,SCL,A320,2022-04-05,Baja,2,4,7,5
FLT007908,GRU,MIA,GRU,B737,2023-11-07,Baja,2,5,7,7
FLT007909,GRU,MIA,GRU,B787,2024-07-11,Alta_Invierno,2,9,3,3
FLT007910,SCL,BOG,SCL,A350,2022-03-03,Baja,2,11,4,3
FLT007911,SCL,MIA,SCL,A350,2023-11-07,Baja,2,10,8,8
FLT007912,LIM,MIA,LIM,B787,2022-10-21,Baja,2,11,5,3
FLT007913,BOG,MAD,BOG,B737,2022-01-06,Alta_Verano,2,5,3,5
FLT007914,SCL,BOG,SCL,A320,2022-11-08,Baja,2,6,7,6
FLT007915,SCL,BOG,SCL,B767,2022-10-28,Baja,2,8,7,5
FLT007916,BOG,MAD,BOG,B767,2024-01-22,Alta_Verano,2,8,8,5
FLT007917,LIM,MIA,LIM,A320,2023-01-16,Alta_Verano,2,4,4,11
FLT007918,LIM,MIA,LIM,B787,2023-11-05,Baja,2,12,5,3
FLT007919,EZE,GRU,EZE,B767,2024-07-12,Alta_Invierno,2,7,3,5
FLT007920,GRU,MIA,GRU,B767,2023-07-15,Alta_Invierno,2,8,8,4
FLT007921,GRU,MIA,GRU,A350,2022-07-16,Alta_Invierno,2,12,8,4
FLT007922,SCL,BOG,SCL,B787,2022-10-25,Baja,2,11,4,12
FLT007923,SCL,MIA,SCL,B737,2023-12-29,Alta_Verano,2,6,5,6
FLT007924,SCL,BOG,SCL,B737,2024-05-01,Baja,2,4,8,9
FLT007925,GRU,MAD,GRU,A320,2022-09-24,Baja,2,4,8,9
FLT007926,SCL,JFK,SCL,A320,2023-07-20,Alta_Invierno,2,5,4,9
FLT007927,BOG,MAD,BOG,A320,2023-07-01,Alta_Invierno,2,4,3,4
FLT007928,SCL,LIM,SCL,A350,2024-01-03,Alta_Verano,2,11,7,5
FLT007929,LIM,MIA,LIM,B767,2023-07-12,Alta_Invierno,2,7,8,4
FLT007930,SCL,MIA,SCL,B737,2022-04-03,Baja,2,6,4,13
FLT007931,GRU,MAD,GRU,A320,2024-04-14,Baja,2,5,4,2
FLT007932,GRU,MIA,GRU,A320,2023-01-05,Alta_Verano,2,4,7,3
FLT007933,BOG,MAD,BOG,B737,2024-06-14,Alta_Invierno,2,6,5,13
FLT007934,LIM,GRU,LIM,A320,2022-10-26,Baja,2,6,7,5
FLT007935,LIM,MIA,LIM,B737,2023-01-09,Alta_Verano,2,6,5,9
FLT007936,LIM,BOG,LIM,B737,2024-10-04,Baja,2,4,4,8
FLT007937,GRU,MIA,GRU,B767,2022-09-04,Baja,2,8,5,3
FLT007938,SCL,JFK,SCL,A320,2024-12-30,Alta_Verano,2,4,5,3
FLT007939,SCL,MIA,SCL,A320,2023-01-26,Alta_Verano,2,6,8,5
FLT007940,LIM,BOG,LIM,A320,2022-10-02,Baja,2,6,4,4
FLT007941,GRU,MAD,GRU,A320,2023-07-26,Alta_Invierno,2,5,5,5
FLT007942,SCL,GRU,SCL,B737,2023-03-22,Baja,2,5,6,8
FLT007943,SCL,LIM,SCL,A320,2023-04-15,Baja,2,6,3,5
FLT007944,LIM,GRU,LIM,B787,2023-08-30,Alta_Invierno,2,12,7,5
FLT007945,EZE,GRU,EZE,B737,2023-04-26,Baja,2,6,5,2
FLT007946,GRU,MIA,GRU,B737,2023-04-18,Baja,2,4,7,3
FLT007947,SCL,GRU,SCL,B787,2022-07-30,Alta_Invierno,2,12,4,4
FLT007948,LIM,MIA,LIM,B787,2022-07-31,Alta_Invierno,2,9,7,12
FLT007949,BOG,MIA,BOG,B737,2022-08-09,Alta_Invierno,2,4,4,2
FLT007950,GRU,MIA,GRU,B787,2024-01-31,Alta_Verano,2,10,8,5
FLT007951,LIM,GRU,LIM,A320,2023-02-20,Alta_Verano,2,5,8,6
FLT007952,SCL,MAD,SCL,B737,2022-07-16,Alta_Invierno,2,5,4,14
FLT007953,SCL,MAD,SCL,A350,2023-06-25,Alta_Invierno,2,8,7,3
FLT007954,GRU,MIA,GRU,B737,2023-10-07,Baja,2,5,5,13
FLT007955,EZE,GRU,EZE,B767,2024-03-07,Baja,2,7,3,5
FLT007956,BOG,MAD,BOG,A320,2023-07-31,Alta_Invierno,2,4,5,11
FLT007957,SCL,GRU,SCL,B767,2022-07-10,Alta_Invierno,2,7,7,2
FLT007958,SCL,GRU,SCL,B737,2024-01-18,Alta_Verano,2,6,4,5
FLT007959,SCL,GRU,SCL,B737,2022-07-30,Alta_Invierno,2,4,6,9
FLT007960,BOG,MAD,BOG,B737,2023-03-16,Baja,2,5,5,4
FLT007961,SCL,BOG,SCL,B787,2022-04-26,Baja,2,10,5,6
FLT007962,SCL,MAD,SCL,A350,2022-06-28,Alta_Invierno,2,10,3,12
FLT007963,LIM,BOG,LIM,B767,2024-02-04,Alta_Verano,2,6,3,2
FLT007964,LIM,BOG,LIM,A320,2023-12-24,Alta_Verano,2,5,8,6
FLT007965,SCL,GRU,SCL,B737,2022-09-11,Baja,2,4,5,13
FLT007966,SCL,EZE,SCL,B737,2022-08-18,Alta_Invierno,2,6,3,
FLT007967,SCL,BOG,SCL,B767,2023-07-01,Alta_Invierno,2,6,6,4
FLT007968,BOG,MAD,BOG,A320,2022-07-12,Alta_Invierno,2,5,4,
FLT007969,GRU,MIA,GRU,A350,2024-10-19,Baja,2,11,3,6
FLT007970,LIM,MIA,LIM,B737,2023-01-28,Alta_Verano,2,4,4,4
FLT007971,BOG,MAD,BOG,B737,2024-07-20,Alta_Invierno,2,5,8,10
FLT007972,SCL,LIM,SCL,B787,2024-09-04,Baja,2,9,7,10
FLT007973,SCL,MAD,SCL,A320,2022-09-26,Baja,2,5,8,
FLT007974,SCL,JFK,SCL,B737,2022-08-01,Alta_Invierno,2,4,8,2
FLT007975,BOG,MIA,BOG,A320,2022-01-02,Alta_Verano,2,5,5,13
FLT007976,BOG,MIA,BOG,A320,2022-07-26,Alta_Invierno,2,6,5,13
FLT007977,GRU,MAD,GRU,A320,2022-07-14,Alta_Invierno,2,5,4,7
FLT007978,SCL,JFK,SCL,B767,2024-03-12,Baja,2,6,8,5
FLT007979,LIM,BOG,LIM,B787,2022-05-26,Baja,2,11,6,4
FLT007980,SCL,BOG,SCL,A320,2023-03-26,Baja,2,6,3,5
FLT007981,SCL,MAD,SCL,A320,2024-11-20,Baja,2,5,3,11
FLT007982,LIM,MIA,LIM,B737,2024-05-15,Baja,2,5,3,3
FLT007983,SCL,BOG,SCL,B767,2022-07-30,Alta_Invierno,2,7,7,4
FLT007984,SCL,BOG,SCL,A320,2023-12-25,Alta_Verano,2,4,4,14
FLT007985,LIM,MIA,LIM,B767,2022-01-09,Alta_Verano,2,7,7,10
FLT007986,BOG,MAD,BOG,B737,2024-02-17,Alta_Verano,2,4,3,8
FLT007987,BOG,MIA,BOG,A350,2023-07-04,Alta_Invierno,2,10,4,7
FLT007988,GRU,MIA,GRU,B787,2024-07-02,Alta_Invierno,2,10,5,11
FLT007989,SCL,EZE,SCL,B787,2024-01-16,Alta_Verano,2,12,5,5
FLT007990,LIM,MIA,LIM,B737,2023-06-09,Alta_Invierno,2,6,5,2
FLT007991,SCL,JFK,SCL,B787,2024-08-01,Alta_Invierno,2,12,5,2
FLT007992,SCL,MIA,SCL,B787,2022-01-07,Alta_Verano,2,11,6,2
FLT007993,SCL,LIM,SCL,B737,2022-07-21,Alta_Invierno,2,4,8,3
FLT007994,BOG,MIA,BOG,B787,2022-03-02,Baja,2,9,7,12
FLT007995,GRU,MIA,GRU,B737,2022-10-12,Baja,2,6,7,10
FLT007996,GRU,MAD,GRU,B787,2023-10-04,Baja,2,9,6,8
FLT007997,BOG,MIA,BOG,A320,2022-04-09,Baja,2,4,4,2
FLT007998,SCL,MIA,SCL,A320,2024-01-29,Alta_Verano,2,6,3,8
FLT007999,LIM,MIA,LIM,A320,2023-12-30,Alta_Verano,2,5,7,12
FLT008000,SCL,MIA,SCL,B737,2024-03-21,Baja,2,4,8,